data,ticker,abertura,maxima,minima,fechamento,fechamento_ajustado,volume
2021-01-04,ABEV3,15.79,15.85,15.38,15.48,11.77,17835200
2021-01-04,B3SA3,20.71,20.86,20.21,20.33,16.38,25275300
2021-01-04,BBDC4,22.75,22.75,21.7,21.84,14.76,48196357
2021-01-04,ITUB4,28.23,28.23,27.22,27.27,19.45,35517057
2021-01-04,MGLU3,225.01,227.86,221.54,224.48,215.74,2885783
2021-01-04,PETR4,28.65,29.18,28.53,28.91,8.05,74719700
2021-01-04,VALE3,89.35,91.48,88.85,91.46,51.42,37865500
2021-01-04,WEGE3,37.92,38.19,37.25,37.31,33.06,7219800
2021-01-05,ABEV3,15.37,16.02,15.23,15.81,12.02,37105800
2021-01-05,B3SA3,20.22,20.65,19.89,20.37,16.42,29802900
2021-01-05,BBDC4,21.65,21.82,21.22,21.69,14.67,47107478
2021-01-05,ITUB4,27.12,27.41,26.63,27.1,19.32,32007023
2021-01-05,MGLU3,223.59,224.3,216.82,220.56,211.97,2855001
2021-01-05,PETR4,28.9,30.18,28.24,30.04,8.37,95181100
2021-01-05,VALE3,91.46,93.0,90.52,93.0,52.28,34300300
2021-01-05,WEGE3,37.33,39.6,37.0,39.6,35.09,16633600
2021-01-06,ABEV3,15.66,16.23,15.63,16.13,12.26,28371600
2021-01-06,B3SA3,20.37,20.42,19.68,20.03,16.15,51422400
2021-01-06,BBDC4,21.73,22.71,21.71,22.41,15.16,73317409
2021-01-06,ITUB4,27.34,28.3,27.18,27.89,19.89,48789132
2021-01-06,MGLU3,219.58,219.67,208.62,208.98,200.84,5814989
2021-01-06,PETR4,30.16,30.9,30.05,30.1,8.38,96562500
2021-01-06,VALE3,94.98,96.35,94.4,96.05,54.0,53722500
2021-01-06,WEGE3,39.69,41.74,39.06,40.65,36.02,21507400
2021-01-07,ABEV3,16.03,16.24,15.91,16.05,12.2,32540100
2021-01-07,B3SA3,19.93,20.68,19.91,20.59,16.6,27802200
2021-01-07,BBDC4,22.45,23.12,22.28,23.01,15.56,56545599
2021-01-07,ITUB4,27.93,29.18,27.8,28.98,20.66,52265063
2021-01-07,MGLU3,210.58,212.45,204.43,206.31,198.27,4731404
2021-01-07,PETR4,30.34,31.15,30.34,31.0,8.63,56171300
2021-01-07,VALE3,96.61,102.53,96.61,102.32,57.52,74541400
2021-01-07,WEGE3,41.19,42.51,40.92,42.33,37.51,15129600
2021-01-08,ABEV3,16.1,16.75,16.03,16.53,12.57,30188800
2021-01-08,B3SA3,20.66,21.28,20.5,20.9,16.84,41870100
2021-01-08,BBDC4,23.19,23.48,22.5,22.81,15.42,60861427
2021-01-08,ITUB4,29.06,29.51,28.62,28.97,20.65,59519322
2021-01-08,MGLU3,206.57,216.46,205.06,212.36,204.09,4938132
2021-01-08,PETR4,31.46,31.76,30.35,31.12,8.67,67136300
2021-01-08,VALE3,103.01,103.35,98.2,102.0,57.34,58562700
2021-01-08,WEGE3,42.47,44.99,42.42,44.89,39.78,17381000
2021-01-11,ABEV3,16.41,16.59,16.05,16.1,12.24,23618800
2021-01-11,B3SA3,20.67,20.89,19.48,20.04,16.15,52273200
2021-01-11,BBDC4,22.41,22.64,22.11,22.4,15.15,44169961
2021-01-11,ITUB4,28.66,28.86,28.0,28.31,20.19,35762351
2021-01-11,MGLU3,209.33,212.45,207.82,209.25,201.1,2991532
2021-01-11,PETR4,30.61,31.06,30.4,30.86,8.59,48744700
2021-01-11,VALE3,100.25,101.98,99.7,101.98,57.33,29267000
2021-01-11,WEGE3,44.49,45.22,43.13,43.51,38.56,15490800
2021-01-12,ABEV3,16.17,16.91,16.17,16.8,12.77,30598100
2021-01-12,B3SA3,20.16,20.72,19.86,20.62,16.62,34524900
2021-01-12,BBDC4,22.53,22.64,22.19,22.39,15.14,46567697
2021-01-12,ITUB4,28.4,28.64,28.26,28.4,20.25,37490176
2021-01-12,MGLU3,210.23,216.64,207.11,215.57,207.17,3933624
2021-01-12,PETR4,31.12,31.56,30.63,30.63,8.53,65691900
2021-01-12,VALE3,102.5,102.62,99.18,99.19,55.76,28598500
2021-01-12,WEGE3,43.72,45.42,43.29,45.03,39.91,12690600
2021-01-13,ABEV3,16.5,16.62,15.98,16.17,12.29,44066900
2021-01-13,B3SA3,20.65,20.8,20.35,20.7,16.69,27266400
2021-01-13,BBDC4,22.45,22.55,21.7,22.05,14.91,56170741
2021-01-13,ITUB4,28.4,28.71,27.59,27.93,19.92,48404705
2021-01-13,MGLU3,215.57,215.57,209.78,213.97,205.63,2875017
2021-01-13,PETR4,30.68,30.86,29.0,29.15,8.12,93826600
2021-01-13,VALE3,98.87,98.92,95.74,96.22,54.09,31658800
2021-01-13,WEGE3,45.1,45.96,44.4,45.14,40.0,13782800
2021-01-14,ABEV3,16.12,16.43,16.05,16.26,12.42,17183300
2021-01-14,B3SA3,20.8,21.0,20.43,20.55,16.57,23967600
2021-01-14,BBDC4,22.17,22.94,22.03,22.73,15.37,72262168
2021-01-14,ITUB4,28.26,29.07,27.95,28.76,20.51,31976092
2021-01-14,MGLU3,215.12,215.21,209.33,211.38,203.15,2868079
2021-01-14,PETR4,29.17,29.67,28.72,29.45,8.2,50745400
2021-01-14,VALE3,97.22,98.86,96.7,97.8,54.98,20809900
2021-01-14,WEGE3,45.58,45.72,44.8,44.94,39.82,8477000
2021-01-15,ABEV3,16.02,16.27,15.93,15.95,12.19,27742000
2021-01-15,B3SA3,20.2,20.46,19.78,19.94,16.07,50916300
2021-01-15,BBDC4,22.4,22.55,22.04,22.1,14.94,53980036
2021-01-15,ITUB4,28.29,28.59,27.67,27.68,19.74,42778794
2021-01-15,MGLU3,211.38,214.77,208.0,213.43,205.12,3677782
2021-01-15,PETR4,29.05,29.08,28.03,28.12,7.83,80673300
2021-01-15,VALE3,96.58,97.2,93.2,93.55,52.59,31712400
2021-01-15,WEGE3,44.62,45.47,42.71,43.08,38.18,14086600
2021-01-18,ABEV3,16.16,16.48,16.02,16.22,12.39,13979800
2021-01-18,B3SA3,20.03,20.48,19.97,20.27,16.34,24765600
2021-01-18,BBDC4,22.21,22.61,21.99,22.17,14.99,51058007
2021-01-18,ITUB4,27.94,28.18,27.48,27.54,19.64,21439532
2021-01-18,MGLU3,214.23,219.58,212.99,217.8,209.31,2723128
2021-01-18,PETR4,28.31,28.85,28.01,28.07,7.82,68855700
2021-01-18,VALE3,93.9,95.64,93.55,94.31,53.02,22667600
2021-01-18,WEGE3,43.42,46.15,43.4,46.1,40.86,14797400
2021-01-19,ABEV3,16.29,16.34,15.98,16.27,12.43,16980100
2021-01-19,B3SA3,20.33,20.53,19.99,20.2,16.28,21468000
2021-01-19,BBDC4,22.38,22.41,21.61,21.82,14.75,38386524
2021-01-19,ITUB4,27.79,27.9,26.96,27.21,19.4,30824398
2021-01-19,MGLU3,218.6,222.25,212.18,214.5,206.15,2360347
2021-01-19,PETR4,28.48,28.86,27.64,28.69,7.99,61656000
2021-01-19,VALE3,94.5,94.57,91.9,94.06,52.88,27155400
2021-01-19,WEGE3,46.46,46.93,44.53,44.8,39.7,13788600
2021-01-20,ABEV3,16.32,16.39,15.9,16.02,12.24,18321500
2021-01-20,B3SA3,20.28,20.45,19.83,20.0,16.12,24922500
2021-01-20,BBDC4,21.98,22.0,21.31,21.36,14.45,41861039
2021-01-20,ITUB4,27.41,27.45,26.58,26.76,19.08,32848502
2021-01-20,MGLU3,215.39,227.42,214.86,226.44,217.62,5398535
2021-01-20,PETR4,28.95,29.12,28.11,28.21,7.86,60306200
2021-01-20,VALE3,95.0,95.14,90.83,92.32,51.9,20480000
2021-01-20,WEGE3,45.28,45.71,44.21,44.35,39.3,7016400
2021-01-21,ABEV3,15.95,16.07,15.49,15.61,11.93,23062400
2021-01-21,B3SA3,20.0,20.3,19.35,19.37,15.61,34180200
2021-01-21,BBDC4,21.41,21.5,20.86,21.06,14.24,43414921
2021-01-21,ITUB4,26.76,26.88,26.17,26.4,18.82,39282922
2021-01-21,MGLU3,226.26,228.49,221.36,227.06,218.22,3708968
2021-01-21,PETR4,28.02,28.4,27.51,27.55,7.67,41284900
2021-01-21,VALE3,92.3,96.1,92.14,93.36,52.48,25983400
2021-01-21,WEGE3,44.5,44.71,43.26,43.83,38.84,8450600
2021-01-22,ABEV3,15.42,15.55,14.95,15.15,11.57,36117500
2021-01-22,B3SA3,19.16,19.7,18.94,19.52,15.73,39767700
2021-01-22,BBDC4,20.62,20.98,20.51,20.67,13.98,49504004
2021-01-22,ITUB4,25.82,26.01,25.58,25.83,18.42,41696212
2021-01-22,MGLU3,223.85,234.28,223.59,231.51,222.5,4827679
2021-01-22,PETR4,26.93,27.24,26.56,27.09,7.54,51181900
2021-01-22,VALE3,91.99,93.81,90.99,93.17,52.38,25814300
2021-01-22,WEGE3,43.28,44.83,43.0,44.49,39.42,12025000
2021-01-26,ABEV3,15.21,15.69,15.19,15.4,11.77,28714100
2021-01-26,B3SA3,19.45,19.87,19.27,19.77,15.93,38531100
2021-01-26,BBDC4,20.64,21.18,20.07,20.17,13.64,70337058
2021-01-26,ITUB4,25.59,26.35,24.84,24.93,17.81,57774842
2021-01-26,MGLU3,233.83,241.14,228.66,229.38,220.44,4992713
2021-01-26,PETR4,27.25,27.97,26.82,27.0,7.52,64514600
2021-01-26,VALE3,92.99,94.16,91.36,91.75,51.58,24921600
2021-01-26,WEGE3,44.49,45.6,44.22,44.47,39.41,10328600
2021-01-27,ABEV3,15.4,15.59,15.17,15.4,11.77,27437800
2021-01-27,B3SA3,19.66,19.96,19.57,19.67,15.86,31539900
2021-01-27,BBDC4,20.08,20.79,19.92,20.46,13.84,79338490
2021-01-27,ITUB4,24.81,25.59,24.59,24.93,17.81,48685803
2021-01-27,MGLU3,229.11,235.08,225.81,229.73,220.79,5045217
2021-01-27,PETR4,26.81,28.17,26.53,27.4,7.63,68337800
2021-01-27,VALE3,90.39,91.18,88.2,89.2,50.15,32419700
2021-01-27,WEGE3,44.49,45.49,43.95,44.35,39.3,12126200
2021-01-28,ABEV3,15.39,15.76,15.26,15.54,11.87,20208100
2021-01-28,B3SA3,19.67,20.47,19.63,20.43,16.47,27892800
2021-01-28,BBDC4,20.47,21.35,20.42,21.1,14.27,62478350
2021-01-28,ITUB4,24.97,26.15,24.92,25.94,18.53,58947950
2021-01-28,MGLU3,230.45,236.06,226.17,233.3,224.21,3684383
2021-01-28,PETR4,27.32,28.45,27.31,27.76,7.73,67827000
2021-01-28,VALE3,88.2,91.35,88.1,91.1,51.21,35900800
2021-01-28,WEGE3,44.25,44.58,43.38,43.99,38.98,10061600
2021-01-29,ABEV3,15.4,15.67,15.07,15.11,11.54,23141500
2021-01-29,B3SA3,20.17,20.33,19.68,19.93,16.07,46811400
2021-01-29,BBDC4,20.81,21.07,20.27,20.45,13.83,67913428
2021-01-29,ITUB4,25.79,26.08,24.97,25.01,17.87,52468890
2021-01-29,MGLU3,229.29,232.32,222.96,225.1,216.33,4057245
2021-01-29,PETR4,27.52,27.68,26.69,26.69,7.43,67555300
2021-01-29,VALE3,89.99,90.85,87.79,87.95,49.44,31481600
2021-01-29,WEGE3,43.74,44.17,41.78,41.9,37.13,11440600
2021-02-01,ABEV3,15.36,15.7,15.22,15.6,11.92,22235900
2021-02-01,B3SA3,20.13,20.67,20.0,20.42,16.46,35937600
2021-02-01,BBDC4,20.81,21.11,20.68,20.87,14.11,54510500
2021-02-01,ITUB4,25.6,25.97,25.37,25.67,18.34,52534944
2021-02-01,MGLU3,228.75,229.29,220.47,222.07,213.42,3285610
2021-02-01,PETR4,27.26,27.68,26.83,27.53,7.67,44449500
2021-02-01,VALE3,90.01,91.27,88.58,91.27,51.31,27135500
2021-02-01,WEGE3,42.71,42.95,41.7,42.27,37.46,13618000
2021-02-02,ABEV3,15.87,16.3,15.43,15.61,11.93,34642100
2021-02-02,B3SA3,20.67,21.23,20.63,20.9,16.84,41385000
2021-02-02,BBDC4,21.17,21.32,20.46,20.77,14.05,82720803
2021-02-02,ITUB4,25.67,25.86,24.71,25.12,17.95,113671397
2021-02-02,MGLU3,225.37,229.2,224.48,225.37,216.59,3094262
2021-02-02,PETR4,28.4,29.14,28.2,28.66,7.98,91663000
2021-02-02,VALE3,90.18,90.58,87.51,87.66,49.28,34426700
2021-02-02,WEGE3,43.0,43.67,42.19,42.62,37.77,13217000
2021-02-03,ABEV3,15.7,15.92,15.62,15.68,11.98,17825900
2021-02-03,B3SA3,21.02,21.37,20.77,20.99,16.92,39844500
2021-02-03,BBDC4,20.93,21.17,20.71,20.87,14.12,45415172
2021-02-03,ITUB4,25.38,25.51,24.9,25.0,17.86,46949933
2021-02-03,MGLU3,226.62,229.56,223.05,228.49,219.59,2353353
2021-02-03,PETR4,28.98,29.14,28.66,28.94,8.06,47486800
2021-02-03,VALE3,88.85,91.42,88.6,90.43,50.84,34346400
2021-02-03,WEGE3,42.99,44.33,42.54,44.33,39.29,12521200
2021-02-04,ABEV3,15.59,15.78,15.45,15.6,11.92,12952800
2021-02-04,B3SA3,20.97,20.98,20.57,20.81,16.78,20874900
2021-02-04,BBDC4,21.82,21.94,21.32,21.5,14.55,114781326
2021-02-04,ITUB4,25.18,25.21,24.61,24.89,17.79,74160061
2021-02-04,MGLU3,228.4,233.39,224.12,225.46,216.68,2212253
2021-02-04,PETR4,28.83,28.99,28.21,28.82,8.03,41444100
2021-02-04,VALE3,91.95,92.87,89.09,89.29,50.2,29939700
2021-02-04,WEGE3,44.4,45.04,42.78,42.78,37.92,11447600
2021-02-05,ABEV3,15.68,15.82,15.51,15.52,11.86,11336800
2021-02-05,B3SA3,20.88,21.32,20.83,21.15,17.05,23159100
2021-02-05,BBDC4,21.5,21.65,21.26,21.38,14.47,49424023
2021-02-05,ITUB4,24.99,25.11,24.62,24.78,17.71,44519988
2021-02-05,MGLU3,226.08,232.41,226.08,230.27,221.3,2797389
2021-02-05,PETR4,28.98,30.09,28.32,28.84,8.03,121098700
2021-02-05,VALE3,90.2,92.77,89.55,92.69,52.11,27114800
2021-02-05,WEGE3,43.23,43.28,42.1,42.25,37.44,8272800
2021-02-08,ABEV3,15.54,15.57,14.87,14.94,11.41,35731300
2021-02-08,B3SA3,20.93,21.13,20.67,20.84,16.8,25477800
2021-02-08,BBDC4,21.38,21.41,20.86,20.93,14.16,30201237
2021-02-08,ITUB4,24.71,24.89,24.28,24.32,17.38,32786187
2021-02-08,MGLU3,230.27,235.17,227.33,233.03,223.95,2893327
2021-02-08,PETR4,28.51,29.3,27.8,28.11,7.83,98821700
2021-02-08,VALE3,92.97,94.91,92.45,94.01,52.85,28164400
2021-02-08,WEGE3,42.35,43.44,42.12,42.75,37.89,9045200
2021-02-09,ABEV3,14.85,15.14,14.82,14.96,11.43,16168600
2021-02-09,B3SA3,20.66,20.81,20.36,20.74,16.72,19773900
2021-02-09,BBDC4,20.79,21.34,20.59,21.03,14.23,54631621
2021-02-09,ITUB4,24.26,25.08,24.03,24.62,17.59,42778341
2021-02-09,MGLU3,233.03,235.61,230.71,233.74,224.64,2172030
2021-02-09,PETR4,28.05,28.37,27.38,27.54,7.67,63662200
2021-02-09,VALE3,94.6,95.22,92.32,94.25,52.99,32303400
2021-02-09,WEGE3,42.33,42.97,41.95,42.51,37.67,8388600
2021-02-10,ABEV3,15.0,15.12,14.88,15.01,11.47,25616400
2021-02-10,B3SA3,20.78,20.92,19.97,20.02,16.14,40945200
2021-02-10,BBDC4,20.97,21.21,20.65,20.8,14.08,34475320
2021-02-10,ITUB4,24.62,24.88,24.17,24.44,17.47,32474159
2021-02-10,MGLU3,232.49,232.67,223.68,225.37,216.59,4494590
2021-02-10,PETR4,27.74,28.04,27.12,27.8,7.74,52949900
2021-02-10,VALE3,94.66,95.67,94.38,94.7,53.24,40318300
2021-02-10,WEGE3,42.65,43.34,42.03,43.01,38.12,9999000
2021-02-11,ABEV3,15.12,15.22,14.83,14.95,11.42,17224700
2021-02-11,B3SA3,20.18,20.32,19.76,20.11,16.21,50835300
2021-02-11,BBDC4,20.97,21.14,20.69,20.83,14.09,29089005
2021-02-11,ITUB4,24.7,24.83,24.27,24.44,17.47,25381012
2021-02-11,MGLU3,225.37,231.16,225.37,228.49,219.59,2309190
2021-02-11,PETR4,28.14,28.5,27.87,28.08,7.82,61158600
2021-02-11,VALE3,95.47,95.47,93.1,93.1,52.34,19775900
2021-02-11,WEGE3,43.32,44.33,43.32,43.5,38.55,8179800
2021-02-12,ABEV3,14.89,14.97,14.75,14.79,11.3,17542300
2021-02-12,B3SA3,20.03,20.09,19.7,19.95,16.08,35224800
2021-02-12,BBDC4,20.74,21.1,20.63,20.83,14.09,26965092
2021-02-12,ITUB4,24.3,24.8,24.18,24.5,17.51,28173404
2021-02-12,MGLU3,227.33,231.43,225.81,230.8,221.81,1698772
2021-02-12,PETR4,27.81,28.49,27.61,28.44,7.92,47801100
2021-02-12,VALE3,93.12,94.14,92.2,93.89,52.78,14760700
2021-02-12,WEGE3,43.45,43.64,42.85,43.33,38.4,5732600
2021-02-17,ABEV3,15.18,15.4,15.01,15.27,11.67,30687100
2021-02-17,B3SA3,19.73,20.01,19.64,19.67,15.86,37897500
2021-02-17,BBDC4,20.69,20.94,20.56,20.81,14.08,20858827
2021-02-17,ITUB4,24.54,24.96,24.4,24.81,17.73,27915647
2021-02-17,MGLU3,229.11,233.47,226.79,227.15,218.3,2778843
2021-02-17,PETR4,28.52,29.6,28.13,29.59,8.24,54973400
2021-02-17,VALE3,96.01,96.72,95.19,96.35,54.17,29262900
2021-02-17,WEGE3,42.94,42.99,41.31,41.97,37.2,11950000
2021-02-18,ABEV3,15.19,15.22,14.79,14.79,11.3,30823900
2021-02-18,B3SA3,19.57,19.81,19.3,19.34,15.59,49679100
2021-02-18,BBDC4,20.68,21.03,20.43,20.59,13.94,58438039
2021-02-18,ITUB4,24.64,25.15,24.55,24.63,17.6,55882732
2021-02-18,MGLU3,227.15,227.95,220.91,223.05,214.37,2534598
2021-02-18,PETR4,30.38,30.92,29.04,29.27,8.15,105539200
2021-02-18,VALE3,97.36,98.4,96.02,97.4,54.76,33088500
2021-02-18,WEGE3,41.7,42.4,41.07,41.69,36.95,10527600
2021-02-19,ABEV3,14.76,15.01,14.66,14.89,11.38,25717400
2021-02-19,B3SA3,19.33,19.7,19.21,19.35,15.6,32793600
2021-02-19,BBDC4,20.54,20.88,20.34,20.41,13.83,36792107
2021-02-19,ITUB4,24.62,24.89,24.13,24.38,17.42,30505118
2021-02-19,MGLU3,221.98,226.17,215.48,222.16,213.51,4341366
2021-02-19,PETR4,28.03,28.49,27.17,27.33,7.61,215834800
2021-02-19,VALE3,97.21,98.85,96.33,97.77,54.96,24966600
2021-02-19,WEGE3,41.95,42.25,41.32,41.62,36.88,8151400
2021-02-22,ABEV3,14.56,14.89,14.33,14.58,11.14,39438200
2021-02-22,B3SA3,18.68,18.8,17.98,18.58,14.98,99958200
2021-02-22,BBDC4,19.68,19.83,19.06,19.07,12.92,104356450
2021-02-22,ITUB4,23.43,23.49,22.53,22.6,16.15,97990677
2021-02-22,MGLU3,215.84,218.42,210.76,216.02,207.6,4648982
2021-02-22,PETR4,22.8,23.2,21.4,21.67,6.03,490230400
2021-02-22,VALE3,96.5,98.52,94.04,95.35,53.6,50160600
2021-02-22,WEGE3,41.08,42.17,40.33,41.36,36.65,14022400
2021-02-23,ABEV3,14.66,14.84,14.42,14.69,11.22,28897400
2021-02-23,B3SA3,18.57,18.77,18.32,18.45,14.87,72004500
2021-02-23,BBDC4,19.42,20.21,19.37,19.98,13.53,58129852
2021-02-23,ITUB4,22.87,24.21,22.82,24.05,17.19,86633938
2021-02-23,MGLU3,216.46,223.41,212.45,221.45,212.82,4927085
2021-02-23,PETR4,23.05,24.26,22.71,24.06,6.7,293503100
2021-02-23,VALE3,96.59,97.35,93.32,96.95,54.5,35756200
2021-02-23,WEGE3,41.5,42.17,40.88,41.83,37.07,13253800
2021-02-24,ABEV3,14.7,14.79,14.5,14.68,11.22,16385700
2021-02-24,B3SA3,18.6,18.72,18.08,18.54,14.94,44403600
2021-02-24,BBDC4,20.17,20.24,19.56,19.84,13.44,43288839
2021-02-24,ITUB4,24.21,24.29,23.49,23.7,16.94,40386578
2021-02-24,MGLU3,222.07,223.59,215.57,219.49,210.94,4199782
2021-02-24,PETR4,24.55,25.0,24.01,24.4,6.8,155246400
2021-02-24,VALE3,97.13,98.21,95.86,97.93,55.05,21856100
2021-02-24,WEGE3,43.06,44.15,42.37,43.35,38.42,19885600
2021-02-25,ABEV3,14.68,14.75,14.18,14.2,10.85,33159300
2021-02-25,B3SA3,18.54,18.94,18.11,18.3,14.75,54887700
2021-02-25,BBDC4,19.79,20.02,19.29,19.41,13.15,43365553
2021-02-25,ITUB4,23.74,23.88,22.93,22.96,16.41,46423088
2021-02-25,MGLU3,219.04,222.87,212.1,214.23,205.89,6507738
2021-02-25,PETR4,25.0,25.25,23.1,23.19,6.46,170233000
2021-02-25,VALE3,98.7,98.95,95.02,95.71,53.81,24471000
2021-02-25,WEGE3,43.55,43.65,39.9,40.0,35.45,30585800
2021-02-26,ABEV3,14.21,14.38,14.0,14.02,10.71,33969400
2021-02-26,B3SA3,18.37,18.89,18.1,18.1,14.59,88703700
2021-02-26,BBDC4,19.48,19.69,18.93,19.01,12.87,69104310
2021-02-26,ITUB4,23.12,23.29,22.52,22.55,16.21,54721294
2021-02-26,MGLU3,214.5,222.34,213.61,215.39,207.0,5129200
2021-02-26,PETR4,23.2,23.42,21.97,22.24,6.19,159881000
2021-02-26,VALE3,96.55,97.7,94.02,94.52,53.14,42856000
2021-02-26,WEGE3,40.25,41.1,39.01,39.03,34.58,22546000
2021-03-01,ABEV3,14.16,14.28,13.77,13.77,10.52,19850200
2021-03-01,B3SA3,18.32,18.62,18.02,18.12,14.6,42576600
2021-03-01,BBDC4,19.34,19.4,18.36,18.38,12.45,70533925
2021-03-01,ITUB4,22.86,22.92,21.86,21.86,15.72,51129457
2021-03-01,MGLU3,218.78,222.7,215.3,218.69,210.17,2484462
2021-03-01,PETR4,22.8,23.04,21.92,22.0,6.13,90330100
2021-03-01,VALE3,96.0,99.33,95.36,98.57,55.41,32798000
2021-03-01,WEGE3,39.46,39.95,38.75,39.0,34.72,13016200
2021-03-02,ABEV3,13.51,14.17,13.35,13.99,10.69,42904000
2021-03-02,B3SA3,17.98,18.97,17.3,18.67,15.05,107847900
2021-03-02,BBDC4,18.02,19.26,17.73,18.86,12.78,86893609
2021-03-02,ITUB4,21.47,23.23,21.11,22.74,16.36,75324899
2021-03-02,MGLU3,216.37,219.13,210.14,216.19,207.77,3968570
2021-03-02,PETR4,21.84,22.33,20.67,21.99,6.12,147772300
2021-03-02,VALE3,97.5,102.18,94.94,101.6,57.12,47565800
2021-03-02,WEGE3,38.58,39.25,37.53,38.53,34.3,14454400
2021-03-03,ABEV3,13.94,14.45,13.63,14.17,10.83,40193500
2021-03-03,B3SA3,18.5,19.15,17.56,18.86,15.21,93766500
2021-03-03,BBDC4,18.86,19.36,18.36,19.02,12.9,68702348
2021-03-03,ITUB4,22.74,23.2,21.91,22.8,16.39,69736603
2021-03-03,MGLU3,218.51,225.19,209.33,223.76,215.05,5298174
2021-03-03,PETR4,21.8,21.89,20.48,21.19,5.9,185688500
2021-03-03,VALE3,102.0,104.0,99.65,100.35,56.41,41473300
2021-03-03,WEGE3,38.51,38.97,36.76,38.5,34.27,13457400
2021-03-04,ABEV3,14.35,14.83,14.26,14.78,11.29,37825700
2021-03-04,B3SA3,18.86,19.1,18.16,18.5,14.91,92759100
2021-03-04,BBDC4,19.21,20.07,19.17,19.76,13.4,87727541
2021-03-04,ITUB4,22.97,23.92,22.89,23.51,16.91,74479227
2021-03-04,MGLU3,223.68,228.93,221.63,226.62,217.79,4550855
2021-03-04,PETR4,21.3,22.4,21.12,22.22,6.19,127843200
2021-03-04,VALE3,99.4,101.49,97.52,98.86,55.58,48492500
2021-03-04,WEGE3,38.64,38.66,36.28,36.62,32.59,23642800
2021-03-05,ABEV3,14.95,15.35,14.9,15.08,11.52,39950600
2021-03-05,B3SA3,18.92,19.09,18.44,18.83,15.18,52371900
2021-03-05,BBDC4,19.92,20.84,19.8,20.69,14.03,94742879
2021-03-05,ITUB4,23.59,24.55,23.41,24.39,17.54,87989913
2021-03-05,MGLU3,224.39,225.72,218.78,223.85,215.14,5163147
2021-03-05,PETR4,22.44,23.22,22.29,22.39,6.24,126306300
2021-03-05,VALE3,94.72,100.6,93.93,100.21,58.87,46503300
2021-03-05,WEGE3,36.76,37.12,35.51,36.52,32.51,17301600
2021-03-08,ABEV3,14.79,15.25,14.63,14.69,11.22,40360600
2021-03-08,B3SA3,18.33,18.65,17.41,17.56,14.16,83185500
2021-03-08,BBDC4,20.28,21.06,19.88,19.96,13.53,70396348
2021-03-08,ITUB4,23.74,24.7,23.44,23.61,16.98,64742225
2021-03-08,MGLU3,219.93,220.65,205.77,205.77,197.76,9307238
2021-03-08,PETR4,21.94,22.28,20.96,21.1,5.88,141142800
2021-03-08,VALE3,99.2,101.93,98.9,99.67,58.56,39677300
2021-03-08,WEGE3,35.87,36.25,34.56,34.58,30.78,18952600
2021-03-09,ABEV3,14.6,15.27,14.53,15.16,11.58,31116200
2021-03-09,B3SA3,17.67,18.31,17.57,17.83,14.38,63468900
2021-03-09,BBDC4,19.97,20.48,19.66,20.12,13.64,51552413
2021-03-09,ITUB4,23.5,24.32,23.26,23.94,17.21,42477076
2021-03-09,MGLU3,209.78,213.52,207.64,208.35,200.24,8286710
2021-03-09,PETR4,21.36,21.95,20.86,21.59,6.01,122648000
2021-03-09,VALE3,97.5,99.31,95.88,98.67,57.97,40537000
2021-03-09,WEGE3,34.97,36.56,34.82,35.75,31.82,17206800
2021-03-10,ABEV3,15.23,15.31,14.83,15.27,11.67,37414300
2021-03-10,B3SA3,17.92,18.6,17.69,18.44,14.86,54541500
2021-03-10,BBDC4,20.28,20.69,19.95,20.46,13.87,68433970
2021-03-10,ITUB4,23.93,24.26,23.49,24.11,17.34,42320722
2021-03-10,MGLU3,211.56,223.5,209.07,221.81,213.17,4700892
2021-03-10,PETR4,21.94,22.34,21.58,22.34,6.22,111744100
2021-03-10,VALE3,97.5,97.84,95.72,97.15,57.08,31311800
2021-03-10,WEGE3,36.04,36.2,34.75,36.14,32.17,17999200
2021-03-11,ABEV3,15.37,15.6,15.03,15.09,11.53,19424400
2021-03-11,B3SA3,18.64,18.92,18.18,18.9,15.23,59833800
2021-03-11,BBDC4,20.76,21.04,20.26,20.82,14.11,69172433
2021-03-11,ITUB4,24.36,24.61,23.81,24.15,17.37,39134159
2021-03-11,MGLU3,223.32,223.41,217.89,220.91,212.31,3440575
2021-03-11,PETR4,22.62,23.49,22.61,23.29,6.49,130577500
2021-03-11,VALE3,98.99,100.1,98.21,99.7,58.57,26203200
2021-03-11,WEGE3,36.49,36.55,35.44,35.96,32.01,13765400
2021-03-12,ABEV3,14.94,15.23,14.93,15.03,11.48,17805500
2021-03-12,B3SA3,18.62,18.62,18.27,18.45,14.87,34422000
2021-03-12,BBDC4,20.67,20.84,20.47,20.68,14.02,53786436
2021-03-12,ITUB4,23.96,24.28,23.88,23.99,17.25,27834637
2021-03-12,MGLU3,219.13,221.81,216.19,218.87,210.34,2757940
2021-03-12,PETR4,23.15,23.38,22.86,23.17,6.45,68123200
2021-03-12,VALE3,99.0,99.44,96.71,97.4,57.22,21115500
2021-03-12,WEGE3,35.73,36.06,35.15,35.58,31.67,10892400
2021-03-15,ABEV3,14.97,15.3,14.95,15.3,11.69,11348000
2021-03-15,B3SA3,18.23,18.4,17.93,17.93,14.46,36171600
2021-03-15,BBDC4,20.54,21.03,20.49,20.97,14.21,37805845
2021-03-15,ITUB4,23.96,24.35,23.81,24.27,17.45,31826649
2021-03-15,MGLU3,216.91,220.56,209.78,211.29,203.07,8657114
2021-03-15,PETR4,23.11,23.67,23.1,23.65,6.59,68295000
2021-03-15,VALE3,96.5,97.35,95.76,96.82,56.88,20059000
2021-03-15,WEGE3,35.48,36.84,35.35,36.61,32.59,9744000
2021-03-16,ABEV3,15.23,15.32,14.91,15.05,11.5,16891900
2021-03-16,B3SA3,17.95,18.02,17.33,17.48,14.09,56125500
2021-03-16,BBDC4,20.93,21.01,20.29,20.62,13.98,37929628
2021-03-16,ITUB4,24.28,24.31,23.49,23.78,17.1,24795138
2021-03-16,MGLU3,212.18,217.26,210.23,215.12,206.75,4290343
2021-03-16,PETR4,23.63,23.68,23.23,23.28,6.48,43407900
2021-03-16,VALE3,97.04,97.84,96.02,96.51,56.7,19174300
2021-03-16,WEGE3,36.87,37.03,35.92,36.7,32.67,12648400
2021-03-17,ABEV3,15.02,15.46,14.81,15.42,11.78,23843400
2021-03-17,B3SA3,17.39,17.78,17.23,17.65,14.23,65064000
2021-03-17,BBDC4,20.47,21.49,20.44,21.48,14.56,73650280
2021-03-17,ITUB4,23.71,24.76,23.63,24.7,17.77,40771231
2021-03-17,MGLU3,212.54,214.23,208.53,213.25,204.95,4217834
2021-03-17,PETR4,23.14,24.13,23.11,24.08,6.71,77966400
2021-03-17,VALE3,96.4,98.12,96.06,97.9,57.52,21424300
2021-03-17,WEGE3,36.17,36.67,35.88,36.6,32.58,10580200
2021-03-18,ABEV3,15.25,15.44,15.16,15.3,11.69,20329000
2021-03-18,B3SA3,17.8,18.47,17.71,17.91,14.44,79393500
2021-03-18,BBDC4,21.36,22.17,21.33,21.88,14.83,109927895
2021-03-18,ITUB4,24.65,25.35,24.57,24.85,17.87,51899784
2021-03-18,MGLU3,211.65,212.45,196.6,198.47,190.74,6098795
2021-03-18,PETR4,23.88,23.9,23.07,23.24,6.47,77198900
2021-03-18,VALE3,97.7,98.27,95.53,96.16,56.49,19156100
2021-03-18,WEGE3,36.19,36.38,35.76,35.9,31.96,7945200
2021-03-19,ABEV3,15.35,15.63,15.28,15.6,11.92,32656900
2021-03-19,B3SA3,18.07,18.78,18.04,18.55,14.95,54991200
2021-03-19,BBDC4,22.07,22.26,21.63,22.1,14.98,96725464
2021-03-19,ITUB4,24.92,25.23,24.49,24.9,17.91,53595885
2021-03-19,MGLU3,200.25,201.76,196.24,198.56,190.82,7159074
2021-03-19,PETR4,23.27,24.04,23.18,24.0,6.68,90244500
2021-03-19,VALE3,96.1,96.16,93.44,94.78,55.68,38643000
2021-03-19,WEGE3,36.01,36.12,35.38,35.97,32.03,13892200
2021-03-22,ABEV3,15.29,15.68,15.28,15.54,11.87,22475500
2021-03-22,B3SA3,18.43,18.62,18.25,18.34,14.78,33484500
2021-03-22,BBDC4,21.77,22.09,21.59,21.98,14.9,56779734
2021-03-22,ITUB4,24.7,25.05,24.27,25.04,18.01,40546557
2021-03-22,MGLU3,199.54,202.48,191.07,195.17,187.57,5195815
2021-03-22,PETR4,23.69,23.78,23.23,23.52,6.55,44129300
2021-03-22,VALE3,93.52,93.84,91.85,93.21,54.76,21120800
2021-03-22,WEGE3,35.75,36.16,35.05,35.65,31.74,9291200
2021-03-23,ABEV3,15.41,15.55,15.08,15.08,11.52,16016400
2021-03-23,B3SA3,18.2,18.47,17.97,18.06,14.56,34502700
2021-03-23,BBDC4,21.7,22.18,21.69,21.74,14.74,44842358
2021-03-23,ITUB4,24.71,25.17,24.4,24.4,17.55,35929469
2021-03-23,MGLU3,194.19,196.24,190.18,191.61,184.15,3476981
2021-03-23,PETR4,23.17,23.63,22.8,22.8,6.35,57124700
2021-03-23,VALE3,93.34,93.78,91.06,91.06,53.5,20518500
2021-03-23,WEGE3,35.3,36.36,35.22,35.81,31.87,9329000
2021-03-24,ABEV3,15.01,15.29,14.76,14.8,11.31,25521500
2021-03-24,B3SA3,18.0,18.42,17.87,17.93,14.45,45900900
2021-03-24,BBDC4,21.8,21.93,21.52,21.52,14.59,48280210
2021-03-24,ITUB4,24.4,24.54,23.98,23.98,17.25,45459132
2021-03-24,MGLU3,191.34,191.61,180.03,181.45,174.39,6718923
2021-03-24,PETR4,23.19,23.54,22.82,22.82,6.36,63338300
2021-03-24,VALE3,92.0,94.64,91.81,93.15,54.73,24726000
2021-03-24,WEGE3,35.9,36.48,35.13,35.26,31.39,16204400
2021-03-25,ABEV3,14.74,15.12,14.71,14.99,11.45,21553400
2021-03-25,B3SA3,17.5,18.01,17.31,17.93,14.72,34303200
2021-03-25,BBDC4,21.49,22.03,21.33,22.0,14.91,66434203
2021-03-25,ITUB4,23.83,24.43,23.72,24.4,17.55,58976162
2021-03-25,MGLU3,178.6,186.8,177.89,180.83,173.79,5510268
2021-03-25,PETR4,22.7,23.3,22.16,23.2,6.46,79214500
2021-03-25,VALE3,93.04,93.29,90.61,92.44,54.31,23644400
2021-03-25,WEGE3,35.26,35.77,34.92,35.53,31.63,11576600
2021-03-26,ABEV3,15.01,15.33,14.99,15.15,11.57,16410500
2021-03-26,B3SA3,17.82,18.41,17.79,18.0,14.78,32205300
2021-03-26,BBDC4,21.9,22.36,21.85,22.15,15.01,48706372
2021-03-26,ITUB4,24.29,24.81,24.26,24.77,17.85,37105863
2021-03-26,MGLU3,181.72,184.39,175.48,177.98,171.05,5669701
2021-03-26,PETR4,23.48,23.88,23.11,23.46,6.53,60918600
2021-03-26,VALE3,93.74,95.73,93.39,95.53,56.12,26712800
2021-03-26,WEGE3,35.6,36.78,35.5,36.37,32.38,11134400
2021-03-29,ABEV3,15.07,15.37,15.01,15.3,11.69,13766000
2021-03-29,B3SA3,17.83,18.03,17.76,17.87,14.7,29028900
2021-03-29,BBDC4,22.2,22.33,21.88,22.24,15.08,50369880
2021-03-29,ITUB4,24.82,24.9,24.36,24.77,17.84,25971872
2021-03-29,MGLU3,177.53,178.6,172.81,175.04,168.22,4656807
2021-03-29,PETR4,23.34,23.83,23.28,23.83,6.64,50099700
2021-03-29,VALE3,96.0,98.45,95.87,97.98,57.56,25960500
2021-03-29,WEGE3,36.1,36.4,35.65,36.05,32.11,9868800
2021-03-30,ABEV3,15.13,15.73,15.08,15.59,11.91,15332100
2021-03-30,B3SA3,17.76,18.13,17.65,17.83,14.67,49313400
2021-03-30,BBDC4,22.11,22.71,22.1,22.61,15.33,45199308
2021-03-30,ITUB4,24.57,25.2,24.56,25.17,18.14,27019104
2021-03-30,MGLU3,173.61,181.01,172.99,178.69,171.73,4071379
2021-03-30,PETR4,23.64,23.99,23.57,23.83,6.64,41959100
2021-03-30,VALE3,97.91,98.5,96.58,97.07,57.03,18118600
2021-03-30,WEGE3,35.87,37.72,35.76,37.53,33.42,12575400
2021-03-31,ABEV3,15.6,15.67,15.29,15.29,11.68,14580700
2021-03-31,B3SA3,17.81,18.32,17.76,18.21,14.98,42446700
2021-03-31,BBDC4,22.64,22.64,21.86,22.12,15.0,48801357
2021-03-31,ITUB4,24.99,25.14,24.43,24.69,17.79,33286180
2021-03-31,MGLU3,179.58,182.25,175.22,180.29,173.27,4083795
2021-03-31,PETR4,23.8,24.23,23.78,24.1,6.71,68609400
2021-03-31,VALE3,97.17,98.56,96.7,97.97,57.56,18792000
2021-03-31,WEGE3,37.74,38.18,37.01,37.28,33.2,12085200
2021-04-01,ABEV3,15.39,15.4,14.99,15.0,11.46,15974100
2021-04-01,B3SA3,18.33,18.34,17.77,17.87,14.7,27995100
2021-04-01,BBDC4,22.22,22.27,21.31,21.31,14.45,61328003
2021-04-01,ITUB4,24.83,24.83,23.92,23.92,17.24,36071207
2021-04-01,MGLU3,180.65,187.24,178.6,182.08,174.99,4842508
2021-04-01,PETR4,24.29,24.39,23.78,23.89,6.65,47232900
2021-04-01,VALE3,98.5,98.86,96.13,97.39,57.22,17193400
2021-04-01,WEGE3,37.64,38.78,37.38,37.53,33.43,12890200
2021-04-05,ABEV3,15.13,15.39,15.1,15.27,11.67,20988000
2021-04-05,B3SA3,18.09,18.33,18.04,18.11,14.9,23059500
2021-04-05,BBDC4,21.59,21.72,21.32,21.5,14.58,39431722
2021-04-05,ITUB4,24.15,24.35,23.94,24.23,17.46,27186335
2021-04-05,MGLU3,183.5,184.66,177.53,181.9,174.81,3063525
2021-04-05,PETR4,24.13,24.2,23.68,24.04,6.7,40454400
2021-04-05,VALE3,99.83,103.82,99.8,103.39,60.74,35908700
2021-04-05,WEGE3,38.15,38.58,37.94,38.46,34.25,9732400
2021-04-06,ABEV3,15.27,15.48,15.16,15.39,11.76,12645800
2021-04-06,B3SA3,18.21,18.49,18.07,18.36,15.1,19898700
2021-04-06,BBDC4,21.54,21.65,21.0,21.16,14.35,36674979
2021-04-06,ITUB4,24.27,24.39,23.79,23.95,17.26,26249344
2021-04-06,MGLU3,181.19,184.57,178.69,183.5,176.36,2979532
2021-04-06,PETR4,24.18,24.37,23.91,24.02,6.69,45934300
2021-04-06,VALE3,103.8,104.56,102.05,102.05,59.95,22227800
2021-04-06,WEGE3,38.63,38.94,38.04,38.55,34.33,11274000
2021-04-07,ABEV3,15.23,15.43,15.09,15.22,11.63,11811200
2021-04-07,B3SA3,18.4,18.5,18.19,18.32,15.07,27727200
2021-04-07,BBDC4,21.07,21.29,20.83,20.93,14.2,40372497
2021-04-07,ITUB4,23.85,24.14,23.52,23.73,17.11,35444885
2021-04-07,MGLU3,182.61,182.88,178.42,179.76,172.76,2847244
2021-04-07,PETR4,23.94,24.34,23.93,24.0,6.68,55892200
2021-04-07,VALE3,102.37,105.32,102.15,104.56,61.43,32822700
2021-04-07,WEGE3,38.55,38.67,37.76,38.08,33.91,9741600
2021-04-08,ABEV3,15.2,15.67,15.14,15.45,11.8,19194000
2021-04-08,B3SA3,18.35,18.93,18.33,18.62,15.32,46453500
2021-04-08,BBDC4,21.16,21.17,20.75,20.86,14.15,38028364
2021-04-08,ITUB4,23.84,23.92,23.54,23.55,16.97,30197509
2021-04-08,MGLU3,180.21,195.08,180.03,194.64,187.06,6340705
2021-04-08,PETR4,23.98,24.04,23.37,23.7,6.6,63231300
2021-04-08,VALE3,104.94,105.3,104.12,104.5,61.39,25936300
2021-04-08,WEGE3,38.12,38.63,37.81,38.23,34.05,9436200
2021-04-09,ABEV3,15.22,15.64,15.21,15.36,11.73,16710000
2021-04-09,B3SA3,18.57,18.57,18.3,18.41,15.14,18773700
2021-04-09,BBDC4,20.74,21.25,20.71,20.83,14.13,38960911
2021-04-09,ITUB4,23.42,23.82,23.39,23.51,16.95,23231598
2021-04-09,MGLU3,192.85,196.15,192.41,193.03,185.52,4019413
2021-04-09,PETR4,23.5,23.78,23.37,23.65,6.59,47494400
2021-04-09,VALE3,104.0,104.66,102.94,103.0,60.51,18854800
2021-04-09,WEGE3,37.92,38.1,37.07,37.76,33.63,10629800
2021-04-12,ABEV3,15.5,15.6,15.36,15.51,11.85,11987600
2021-04-12,B3SA3,18.47,18.75,18.4,18.59,15.3,23383500
2021-04-12,BBDC4,20.97,21.26,20.87,21.21,14.39,27353018
2021-04-12,ITUB4,23.65,24.1,23.63,24.1,17.37,28113582
2021-04-12,MGLU3,194.01,195.35,192.5,192.85,185.34,2335852
2021-04-12,PETR4,23.96,24.37,23.78,23.89,6.65,50592900
2021-04-12,VALE3,102.9,103.63,102.21,103.4,60.75,14787500
2021-04-12,WEGE3,37.9,38.51,37.67,37.76,33.63,7562800
2021-04-13,ABEV3,15.5,15.74,15.37,15.63,11.94,19448300
2021-04-13,B3SA3,18.54,18.64,18.3,18.43,15.17,23930100
2021-04-13,BBDC4,21.07,21.24,20.83,21.07,14.3,34344035
2021-04-13,ITUB4,23.98,24.22,23.72,24.09,17.36,30517241
2021-04-13,MGLU3,193.48,198.56,191.34,197.75,190.05,3255940
2021-04-13,PETR4,23.98,24.11,23.69,23.97,6.68,53612300
2021-04-13,VALE3,103.9,104.29,102.85,103.58,60.85,17605600
2021-04-13,WEGE3,37.73,38.12,37.35,37.49,33.39,10228600
2021-04-14,ABEV3,15.64,15.9,15.62,15.81,12.08,21466700
2021-04-14,B3SA3,18.49,18.64,18.27,18.34,15.09,34959900
2021-04-14,BBDC4,21.16,21.66,20.93,21.32,14.46,50114933
2021-04-14,ITUB4,24.15,24.79,23.87,24.4,17.59,45978612
2021-04-14,MGLU3,199.09,199.09,194.81,197.04,189.37,2723117
2021-04-14,PETR4,24.2,24.58,23.98,24.35,6.78,90836500
2021-04-14,VALE3,103.97,107.78,103.77,107.0,62.86,38030200
2021-04-14,WEGE3,37.7,38.62,37.65,38.12,33.95,10287600
2021-04-15,ABEV3,15.79,16.03,15.72,15.87,12.12,17705700
2021-04-15,B3SA3,18.37,18.45,18.03,18.19,14.96,39201000
2021-04-15,BBDC4,21.41,21.62,21.04,21.32,14.46,33300410
2021-04-15,ITUB4,24.41,24.78,24.17,24.4,17.59,33895961
2021-04-15,MGLU3,197.93,200.6,196.86,197.75,190.05,2071523
2021-04-15,PETR4,23.7,23.83,23.02,23.09,6.65,64193600
2021-04-15,VALE3,108.66,109.88,107.55,108.21,63.57,19378200
2021-04-15,WEGE3,38.31,39.25,38.15,39.15,34.87,13788200
2021-04-16,ABEV3,15.79,15.96,15.72,15.8,12.07,13563400
2021-04-16,B3SA3,18.16,18.6,18.11,18.47,15.19,38184300
2021-04-16,BBDC4,21.22,21.74,21.21,21.57,14.63,33964942
2021-04-16,ITUB4,24.26,24.8,24.26,24.67,17.78,22814088
2021-04-16,MGLU3,197.66,198.2,193.83,195.26,187.66,2229911
2021-04-16,PETR4,23.13,23.24,22.81,22.95,6.61,59567300
2021-04-16,VALE3,108.64,109.11,107.5,108.67,63.84,17401500
2021-04-16,WEGE3,39.04,39.35,38.47,38.53,34.31,8067200
2021-04-19,ABEV3,15.54,16.07,15.51,15.73,12.02,20032500
2021-04-19,B3SA3,18.47,18.52,18.12,18.12,14.91,34848000
2021-04-19,BBDC4,21.71,21.71,21.35,21.47,14.57,34552870
2021-04-19,ITUB4,24.61,24.68,24.23,24.3,17.52,30561428
2021-04-19,MGLU3,195.17,197.31,191.87,192.85,185.34,2481409
2021-04-19,PETR4,22.95,24.89,22.77,24.28,6.99,196519100
2021-04-19,VALE3,109.0,109.88,107.64,107.73,63.29,23297500
2021-04-19,WEGE3,38.57,38.67,37.9,37.9,33.75,11195800
2021-04-20,ABEV3,15.67,15.8,15.53,15.62,11.93,12697600
2021-04-20,B3SA3,18.03,18.13,17.84,17.91,14.73,31135500
2021-04-20,BBDC4,21.45,21.62,21.13,21.15,14.34,29159900
2021-04-20,ITUB4,24.19,24.52,24.07,24.17,17.43,22424902
2021-04-20,MGLU3,192.77,194.19,190.81,192.41,184.92,2304396
2021-04-20,PETR4,24.33,24.59,23.76,23.82,6.86,94965400
2021-04-20,VALE3,107.95,108.35,105.02,106.16,62.37,20895800
2021-04-20,WEGE3,37.78,38.35,36.84,36.94,32.9,11508400
2021-04-22,ABEV3,15.89,16.11,15.66,15.9,12.15,22839800
2021-04-22,B3SA3,17.98,18.17,17.78,17.78,14.63,32290500
2021-04-22,BBDC4,21.23,21.36,20.92,21.0,14.25,29729150
2021-04-22,ITUB4,24.3,24.47,24.03,24.18,17.43,27442166
2021-04-22,MGLU3,193.39,194.64,188.04,188.4,181.06,2540211
2021-04-22,PETR4,24.14,24.19,23.65,23.71,6.83,46600100
2021-04-22,VALE3,107.24,107.24,104.34,106.23,62.41,19799100
2021-04-22,WEGE3,37.25,37.75,36.44,36.44,32.45,11556400
2021-04-23,ABEV3,15.98,16.05,15.82,15.85,12.11,22545200
2021-04-23,B3SA3,17.9,18.28,17.84,17.91,14.73,28130700
2021-04-23,BBDC4,21.15,21.53,21.05,21.39,14.51,25618340
2021-04-23,ITUB4,24.23,24.62,24.18,24.3,17.52,19459161
2021-04-23,MGLU3,189.38,193.57,188.22,193.57,186.03,2903565
2021-04-23,PETR4,23.88,23.94,23.51,23.69,6.82,60341000
2021-04-23,VALE3,107.15,108.1,106.46,107.99,63.44,12795400
2021-04-23,WEGE3,36.78,37.7,36.66,37.6,33.49,8342800
2021-04-26,ABEV3,15.6,15.85,15.48,15.59,11.91,19142000
2021-04-26,B3SA3,17.94,17.96,17.47,17.67,14.54,45154200
2021-04-26,BBDC4,21.72,21.93,21.19,21.41,14.52,39296070
2021-04-26,ITUB4,24.42,24.58,24.08,24.28,17.5,23160786
2021-04-26,MGLU3,192.5,194.28,191.52,193.39,185.86,2203687
2021-04-26,PETR4,23.85,24.05,23.61,23.78,6.85,33281000
2021-04-26,VALE3,109.95,110.69,108.15,108.57,63.79,16807500
2021-04-26,WEGE3,37.69,37.98,37.02,37.31,33.23,6897800
2021-04-27,ABEV3,15.51,15.6,15.21,15.29,11.68,18054400
2021-04-27,B3SA3,17.7,17.81,17.51,17.65,14.52,55519800
2021-04-27,BBDC4,21.39,21.66,21.2,21.22,14.39,42098650
2021-04-27,ITUB4,24.25,24.49,23.85,23.91,17.24,33665508
2021-04-27,MGLU3,192.41,192.85,186.44,186.62,179.35,1787290
2021-04-27,PETR4,23.82,24.17,23.1,23.1,6.65,76684900
2021-04-27,VALE3,108.88,110.6,108.52,110.12,64.7,24113300
2021-04-27,WEGE3,37.24,37.44,36.67,37.01,32.96,6958400
2021-04-28,ABEV3,15.3,15.41,15.18,15.21,11.62,11855100
2021-04-28,B3SA3,17.69,17.91,17.59,17.87,14.7,30664500
2021-04-28,BBDC4,21.56,22.43,21.53,22.35,15.16,62279250
2021-04-28,ITUB4,24.29,24.98,24.22,24.9,17.99,42502908
2021-04-28,MGLU3,186.53,187.96,183.32,183.95,176.78,3203795
2021-04-28,PETR4,23.4,24.09,23.36,23.94,6.89,66374200
2021-04-28,VALE3,110.56,112.43,109.33,111.92,65.75,20570600
2021-04-28,WEGE3,38.1,38.9,36.24,36.5,32.51,15478700
2021-04-29,ABEV3,15.21,15.46,15.21,15.26,11.66,14243200
2021-04-29,B3SA3,17.9,17.96,17.45,17.52,14.41,29604900
2021-04-29,BBDC4,22.25,22.46,21.61,21.61,14.66,38657630
2021-04-29,ITUB4,24.87,25.02,24.07,24.11,17.42,37968076
2021-04-29,MGLU3,183.77,184.13,177.36,180.47,173.44,3861159
2021-04-29,PETR4,24.12,24.29,23.42,23.62,6.8,49775900
2021-04-29,VALE3,112.19,112.95,110.89,111.95,65.77,19724300
2021-04-29,WEGE3,36.56,36.8,35.23,35.49,31.61,12148700
2021-04-30,ABEV3,15.2,15.3,14.91,14.94,11.41,29652900
2021-04-30,B3SA3,17.45,17.59,17.13,17.17,14.12,60168900
2021-04-30,BBDC4,21.54,21.95,21.39,21.68,14.71,63985680
2021-04-30,ITUB4,23.99,24.35,23.79,24.3,17.55,48196913
2021-04-30,MGLU3,179.05,181.63,177.0,178.42,171.48,3303471
2021-04-30,PETR4,23.4,23.93,23.28,23.62,6.8,61039200
2021-04-30,VALE3,110.99,111.56,109.02,109.02,64.05,36888200
2021-04-30,WEGE3,35.42,35.42,34.5,35.01,31.18,12334300
2021-05-03,ABEV3,14.92,14.99,14.61,14.8,11.31,25143600
2021-05-03,B3SA3,17.34,17.46,17.1,17.16,14.12,36406500
2021-05-03,BBDC4,21.96,22.56,21.91,22.33,15.15,56953380
2021-05-03,ITUB4,24.45,24.88,24.34,24.62,17.8,46978032
2021-05-03,MGLU3,179.14,180.38,177.27,179.76,172.76,1998362
2021-05-03,PETR4,23.8,23.81,23.3,23.43,6.74,49039900
2021-05-03,VALE3,109.7,110.35,108.26,108.46,63.72,19641000
2021-05-03,WEGE3,35.0,35.25,34.26,34.45,30.68,8092900
2021-05-04,ABEV3,14.74,14.8,14.54,14.64,11.18,16889200
2021-05-04,B3SA3,17.18,17.24,16.78,16.89,13.9,29767500
2021-05-04,BBDC4,22.55,22.6,21.58,21.64,14.69,54545480
2021-05-04,ITUB4,24.8,25.02,23.52,23.57,17.04,89509379
2021-05-04,MGLU3,179.76,180.21,174.95,175.93,169.08,2184401
2021-05-04,PETR4,23.54,23.64,22.88,22.89,6.59,44765000
2021-05-04,VALE3,108.95,111.07,108.66,110.1,64.68,20775600
2021-05-04,WEGE3,34.4,34.62,33.6,33.7,30.01,10593000
2021-05-05,ABEV3,14.65,14.92,14.57,14.86,11.35,18070800
2021-05-05,B3SA3,16.93,17.27,16.88,17.17,14.12,27540900
2021-05-05,BBDC4,21.8,21.84,21.04,21.67,14.71,69076920
2021-05-05,ITUB4,23.74,24.4,23.41,24.25,17.52,56856659
2021-05-05,MGLU3,176.82,178.96,175.31,177.27,170.36,1687883
2021-05-05,PETR4,23.17,23.95,23.12,23.83,6.86,75611900
2021-05-05,VALE3,111.99,112.82,110.39,110.71,65.04,25990600
2021-05-05,WEGE3,33.75,34.78,33.42,34.71,30.91,7412900
2021-05-06,ABEV3,15.84,16.29,15.72,16.18,12.36,73311200
2021-05-06,B3SA3,17.17,17.18,16.71,16.93,13.93,67174800
2021-05-06,BBDC4,21.5,21.79,21.48,21.78,14.79,48443120
2021-05-06,ITUB4,24.15,24.38,23.91,24.1,17.41,27016611
2021-05-06,MGLU3,176.82,177.71,171.92,173.35,166.6,3038087
2021-05-06,PETR4,23.71,23.85,23.4,23.5,6.76,54091600
2021-05-06,VALE3,111.94,115.2,111.48,115.05,67.59,38194400
2021-05-06,WEGE3,34.28,34.49,33.32,33.73,30.04,11025700
2021-05-07,ABEV3,16.19,16.33,16.0,16.21,12.38,22279100
2021-05-07,B3SA3,17.15,17.85,17.14,17.78,14.63,61329300
2021-05-07,BBDC4,21.82,22.04,21.64,21.87,14.85,39517720
2021-05-07,ITUB4,24.19,24.45,24.04,24.39,17.63,30255405
2021-05-07,MGLU3,174.42,177.27,172.19,177.18,170.28,2647846
2021-05-07,PETR4,23.64,24.45,23.46,24.38,7.02,74118200
2021-05-07,VALE3,116.54,116.55,114.19,115.45,67.83,21678700
2021-05-07,WEGE3,33.82,33.99,33.06,33.42,29.76,10181500
2021-05-10,ABEV3,16.15,16.65,16.09,16.5,12.61,29355000
2021-05-10,B3SA3,17.61,17.86,17.48,17.77,14.62,32760900
2021-05-10,BBDC4,21.85,22.4,21.66,22.4,15.21,60087170
2021-05-10,ITUB4,24.42,24.92,24.29,24.75,17.89,32535114
2021-05-10,MGLU3,177.18,177.98,169.69,171.03,164.37,2490996
2021-05-10,PETR4,24.8,24.98,24.58,24.7,7.11,73804500
2021-05-10,VALE3,119.8,120.45,114.69,114.69,67.38,38889400
2021-05-10,WEGE3,33.42,33.5,32.26,32.31,28.78,9811800
2021-05-11,ABEV3,16.35,17.0,16.25,16.87,12.89,25719300
2021-05-11,B3SA3,17.44,17.64,17.39,17.62,14.49,45020700
2021-05-11,BBDC4,22.09,22.58,22.09,22.36,15.18,43745350
2021-05-11,ITUB4,24.48,24.85,24.47,24.7,17.85,28633629
2021-05-11,MGLU3,169.25,172.72,166.22,172.1,165.4,2994530
2021-05-11,PETR4,24.44,25.17,24.32,25.15,7.24,73729900
2021-05-11,VALE3,113.98,118.72,113.32,118.72,69.75,28693600
2021-05-11,WEGE3,31.93,32.4,31.63,32.29,28.76,9278900
2021-05-12,ABEV3,16.65,17.23,16.65,16.87,12.89,35518800
2021-05-12,B3SA3,17.34,17.51,17.11,17.17,14.12,35110200
2021-05-12,BBDC4,22.11,22.19,21.67,21.91,14.87,47810290
2021-05-12,ITUB4,24.45,24.54,24.17,24.33,17.59,26098428
2021-05-12,MGLU3,169.25,170.59,164.8,165.6,159.15,2458530
2021-05-12,PETR4,24.95,25.53,24.69,24.78,7.13,89980700
2021-05-12,VALE3,118.0,118.46,113.96,114.33,67.17,31737900
2021-05-12,WEGE3,31.87,32.16,31.27,31.27,27.85,7253300
2021-05-13,ABEV3,17.0,17.14,16.76,16.88,12.9,19320300
2021-05-13,B3SA3,17.29,17.57,17.2,17.25,14.19,44502600
2021-05-13,BBDC4,21.9,22.5,21.86,22.42,15.22,37995870
2021-05-13,ITUB4,24.37,25.22,24.33,25.04,18.1,48363464
2021-05-13,MGLU3,167.56,171.48,166.84,170.41,163.77,2225208
2021-05-13,PETR4,24.76,25.1,24.43,24.99,7.19,77282100
2021-05-13,VALE3,112.0,114.22,110.72,112.49,66.09,34338500
2021-05-13,WEGE3,31.49,32.26,31.42,31.8,28.32,7248800
2021-05-14,ABEV3,17.1,17.33,17.06,17.18,13.13,20899500
2021-05-14,B3SA3,17.56,18.02,17.4,17.85,14.69,40553100
2021-05-14,BBDC4,22.63,22.85,22.28,22.63,15.36,42070930
2021-05-14,ITUB4,25.3,25.75,25.01,25.6,18.5,50573834
2021-05-14,MGLU3,174.59,175.84,168.98,170.59,163.94,3034450
2021-05-14,PETR4,25.8,26.38,25.55,26.3,7.57,196135500
2021-05-14,VALE3,111.2,111.79,109.62,110.56,64.95,25644200
2021-05-14,WEGE3,32.24,32.56,31.92,32.1,28.59,4724500
2021-05-17,ABEV3,17.23,17.53,17.1,17.4,13.29,16843500
2021-05-17,B3SA3,18.0,18.0,17.47,17.58,14.46,23611000
2021-05-17,BBDC4,22.55,22.76,22.32,22.73,15.43,28853990
2021-05-17,ITUB4,25.48,25.62,25.04,25.58,18.49,42125619
2021-05-17,MGLU3,170.32,171.21,166.84,168.0,161.46,1769362
2021-05-17,PETR4,26.3,26.66,26.2,26.66,7.67,83512600
2021-05-17,VALE3,111.5,113.82,111.17,113.46,66.66,26097500
2021-05-17,WEGE3,32.15,32.27,31.65,32.17,28.65,5398800
2021-05-18,ABEV3,17.35,17.59,17.26,17.42,13.31,15746000
2021-05-18,B3SA3,17.57,17.7,17.3,17.3,14.23,21302600
2021-05-18,BBDC4,22.65,23.14,22.56,23.09,15.68,47018290
2021-05-18,ITUB4,25.42,25.82,25.31,25.53,18.45,29956293
2021-05-18,MGLU3,167.73,172.9,167.2,168.98,162.4,2033601
2021-05-18,PETR4,26.7,26.8,26.27,26.35,7.59,63510600
2021-05-18,VALE3,114.56,115.4,113.19,114.6,67.33,27081500
2021-05-18,WEGE3,32.02,32.54,31.95,32.4,28.86,5791000
2021-05-19,ABEV3,17.37,17.6,17.33,17.56,13.42,17538900
2021-05-19,B3SA3,17.15,17.4,17.08,17.22,14.17,24697100
2021-05-19,BBDC4,22.85,23.25,22.66,23.25,15.78,31737860
2021-05-19,ITUB4,25.18,25.81,24.89,25.71,18.58,29980879
2021-05-19,MGLU3,167.11,170.32,165.15,166.4,159.92,1894589
2021-05-19,PETR4,25.85,26.35,25.8,26.15,7.53,84700500
2021-05-19,VALE3,112.1,112.78,109.84,112.25,65.95,32914300
2021-05-19,WEGE3,32.0,32.3,31.6,31.6,28.14,7227300
2021-05-20,ABEV3,17.55,17.64,17.37,17.54,13.4,21344500
2021-05-20,B3SA3,17.29,17.36,17.14,17.25,14.19,21881900
2021-05-20,BBDC4,23.18,23.46,23.12,23.46,15.93,35715570
2021-05-20,ITUB4,25.76,26.23,25.65,25.85,18.68,36382216
2021-05-20,MGLU3,166.4,168.18,165.69,166.93,160.43,1246665
2021-05-20,PETR4,26.15,26.28,25.72,25.93,7.46,71371100
2021-05-20,VALE3,111.7,112.1,110.2,111.11,65.28,20951000
2021-05-20,WEGE3,31.68,31.89,31.51,31.86,28.38,6534900
2021-05-21,ABEV3,17.55,17.63,17.23,17.61,13.45,27358200
2021-05-21,B3SA3,17.34,17.4,16.96,17.35,14.27,32135000
2021-05-21,BBDC4,23.4,23.71,23.07,23.57,16.0,60487790
2021-05-21,ITUB4,25.89,26.02,25.54,25.98,18.77,31633020
2021-05-21,MGLU3,167.02,167.29,162.57,165.06,158.63,2570622
2021-05-21,PETR4,26.08,26.31,25.94,25.95,7.47,82884500
2021-05-21,VALE3,111.11,111.25,108.5,109.4,64.27,27775000
2021-05-21,WEGE3,31.86,31.86,31.14,31.71,28.24,9524500
2021-05-24,ABEV3,17.61,17.74,17.44,17.63,13.47,13845700
2021-05-24,B3SA3,17.35,17.53,17.22,17.45,14.36,27524300
2021-05-24,BBDC4,23.64,23.76,23.42,23.51,15.96,25234770
2021-05-24,ITUB4,26.05,26.13,25.77,25.9,18.72,28429122
2021-05-24,MGLU3,165.24,178.69,164.88,178.16,171.22,4936628
2021-05-24,PETR4,26.28,26.52,25.99,26.39,7.6,63029600
2021-05-24,VALE3,108.0,110.14,107.51,109.78,64.5,19332500
2021-05-24,WEGE3,31.7,32.91,31.7,32.65,29.08,9738300
2021-05-25,ABEV3,17.76,17.8,17.53,17.61,13.45,13963000
2021-05-25,B3SA3,17.48,17.6,16.82,17.0,13.99,61202200
2021-05-25,BBDC4,23.59,23.59,23.23,23.39,15.88,25695010
2021-05-25,ITUB4,25.88,25.93,25.4,25.6,18.53,38124430
2021-05-25,MGLU3,179.94,184.04,178.33,178.33,171.39,3794712
2021-05-25,PETR4,26.48,26.62,25.78,25.84,7.44,63672000
2021-05-25,VALE3,110.28,110.89,106.78,107.05,62.89,23310100
2021-05-25,WEGE3,32.98,33.85,32.85,32.97,29.36,10308900
2021-05-26,ABEV3,17.75,17.8,17.32,17.47,13.35,16085400
2021-05-26,B3SA3,17.18,17.33,16.98,17.1,14.07,24114500
2021-05-26,BBDC4,23.47,23.97,23.43,23.93,16.24,42588260
2021-05-26,ITUB4,25.67,26.1,25.67,25.95,18.79,23792660
2021-05-26,MGLU3,181.36,181.63,175.04,175.22,168.39,2194257
2021-05-26,PETR4,25.91,26.18,25.65,26.09,7.51,46646900
2021-05-26,VALE3,106.37,110.32,106.03,110.2,64.74,28241800
2021-05-26,WEGE3,33.38,33.98,32.74,32.8,29.21,7778900
2021-05-27,ABEV3,17.38,17.69,17.2,17.69,13.51,41881900
2021-05-27,B3SA3,17.17,17.18,16.79,16.98,13.97,67051000
2021-05-27,BBDC4,23.93,24.15,23.46,24.07,16.34,76937740
2021-05-27,ITUB4,25.95,26.04,25.48,25.73,18.63,67821833
2021-05-27,MGLU3,175.84,176.73,173.44,174.5,167.71,2565110
2021-05-27,PETR4,26.08,26.25,25.77,25.91,7.46,48877800
2021-05-27,VALE3,110.8,112.09,109.77,110.99,65.21,55448700
2021-05-27,WEGE3,32.9,33.22,32.65,32.81,29.22,14341600
2021-05-28,ABEV3,17.59,17.94,17.5,17.85,13.64,17328000
2021-05-28,B3SA3,16.96,17.48,16.92,17.48,14.38,33933600
2021-05-28,BBDC4,23.87,24.25,23.84,24.13,16.38,30718600
2021-05-28,ITUB4,25.65,26.25,25.6,26.15,18.93,29988923
2021-05-28,MGLU3,175.48,181.9,174.77,180.38,173.36,2182807
2021-05-28,PETR4,26.2,27.02,26.15,26.99,7.77,129526400
2021-05-28,VALE3,111.11,112.75,109.42,111.59,65.56,25153500
2021-05-28,WEGE3,32.99,34.42,32.83,34.4,30.64,11142100
2021-05-31,ABEV3,17.74,17.95,17.71,17.95,13.71,10102100
2021-05-31,B3SA3,17.36,17.63,17.3,17.54,14.43,22514500
2021-05-31,BBDC4,24.17,24.21,23.88,24.07,16.34,16464250
2021-05-31,ITUB4,26.19,26.42,25.94,26.07,18.87,17563652
2021-05-31,MGLU3,180.47,181.72,177.98,179.58,172.59,1406872
2021-05-31,PETR4,26.96,27.2,26.78,26.87,7.73,46298900
2021-05-31,VALE3,112.5,114.89,112.5,114.78,67.43,17812600
2021-05-31,WEGE3,34.4,34.57,33.76,34.15,30.41,7598200
2021-06-01,ABEV3,17.99,18.98,17.92,18.77,14.34,60016600
2021-06-01,B3SA3,17.7,17.96,17.55,17.7,14.56,53503800
2021-06-01,BBDC4,24.3,24.62,24.16,24.62,16.71,54375970
2021-06-01,ITUB4,26.34,27.01,26.3,27.01,19.56,48906171
2021-06-01,MGLU3,180.47,183.95,180.03,181.27,174.21,2020343
2021-06-01,PETR4,27.4,27.7,27.01,27.29,7.86,90744900
2021-06-01,VALE3,117.0,118.0,113.2,113.2,66.51,31468400
2021-06-01,WEGE3,34.4,34.54,33.73,34.19,30.45,9194100
2021-06-02,ABEV3,18.77,19.66,18.62,19.37,14.8,60424800
2021-06-02,B3SA3,17.24,17.29,16.62,17.01,14.0,133297700
2021-06-02,BBDC4,24.55,25.57,24.46,25.56,17.37,72726170
2021-06-02,ITUB4,27.05,28.06,27.03,27.91,20.21,64182184
2021-06-02,MGLU3,181.81,189.38,180.38,182.61,175.5,3075548
2021-06-02,PETR4,27.35,28.07,27.26,27.87,8.02,103985100
2021-06-02,VALE3,114.22,115.7,113.5,114.8,67.45,20338300
2021-06-02,WEGE3,34.2,34.32,33.17,33.45,29.79,10000900
2021-06-04,ABEV3,19.3,19.46,19.06,19.38,14.81,33841600
2021-06-04,B3SA3,17.01,17.39,17.0,17.24,14.18,48800900
2021-06-04,BBDC4,25.37,25.74,25.14,25.54,17.35,40250650
2021-06-04,ITUB4,27.86,28.58,27.75,28.49,20.64,41730769
2021-06-04,MGLU3,183.59,187.51,182.7,185.73,178.5,2010004
2021-06-04,PETR4,28.06,28.62,27.92,28.5,8.2,102757300
2021-06-04,VALE3,114.5,114.78,112.39,112.9,66.33,18455100
2021-06-04,WEGE3,33.54,34.3,33.49,34.22,30.48,7217400
2021-06-07,ABEV3,19.32,19.82,19.19,19.6,14.97,27901200
2021-06-07,B3SA3,17.2,17.3,17.03,17.29,14.23,29900700
2021-06-07,BBDC4,25.54,26.18,25.32,25.85,17.57,37756180
2021-06-07,ITUB4,28.49,29.29,28.13,29.16,21.12,67509805
2021-06-07,MGLU3,186.53,186.98,183.23,185.28,178.07,1526239
2021-06-07,PETR4,28.5,28.55,28.01,28.29,8.14,74548900
2021-06-07,VALE3,112.2,112.65,110.7,111.8,65.68,22746100
2021-06-07,WEGE3,34.15,34.36,33.36,34.13,30.4,7702000
2021-06-08,ABEV3,19.47,19.86,19.37,19.59,14.97,23209600
2021-06-08,B3SA3,17.17,17.23,16.28,16.33,13.44,88534700
2021-06-08,BBDC4,25.77,26.05,25.48,25.67,17.44,34704120
2021-06-08,ITUB4,28.97,29.26,28.47,28.96,20.97,81765550
2021-06-08,MGLU3,187.87,190.9,185.73,187.51,180.21,3937845
2021-06-08,PETR4,28.17,28.8,27.96,28.66,8.25,88398600
2021-06-08,VALE3,112.48,112.77,109.7,109.92,64.58,22676500
2021-06-08,WEGE3,34.0,34.91,33.6,34.02,30.3,10491800
2021-06-09,ABEV3,19.59,19.76,19.28,19.31,14.75,25062800
2021-06-09,B3SA3,16.4,16.45,15.81,16.4,13.49,111958600
2021-06-09,BBDC4,25.61,26.21,25.23,25.55,17.36,52013830
2021-06-09,ITUB4,28.83,30.18,28.61,29.36,21.26,101547730
2021-06-09,MGLU3,187.51,187.87,180.12,180.56,173.53,3013300
2021-06-09,PETR4,28.72,29.08,28.52,28.66,8.25,60724200
2021-06-09,VALE3,110.0,113.34,109.2,112.2,65.92,22517600
2021-06-09,WEGE3,33.98,34.38,33.95,34.25,30.5,6855600
2021-06-10,ABEV3,19.43,19.47,19.09,19.32,14.76,17134100
2021-06-10,B3SA3,16.45,16.53,15.71,16.0,13.16,105103200
2021-06-10,BBDC4,25.68,25.94,25.47,25.59,17.39,35655950
2021-06-10,ITUB4,29.66,29.9,29.06,29.25,21.19,56582926
2021-06-10,MGLU3,181.19,181.63,177.53,180.65,173.62,1756688
2021-06-10,PETR4,28.83,29.03,28.57,28.68,8.26,35871000
2021-06-10,VALE3,112.22,113.37,111.04,111.83,65.7,30750900
2021-06-10,WEGE3,34.31,34.53,33.64,33.93,30.22,5291000
2021-06-11,ABEV3,19.24,19.39,18.84,18.94,14.47,30946600
2021-06-11,B3SA3,16.08,16.25,15.82,16.13,13.27,66713700
2021-06-11,BBDC4,25.52,25.56,25.14,25.49,17.32,39460080
2021-06-11,ITUB4,29.16,29.26,28.56,28.91,20.94,26202324
2021-06-11,MGLU3,180.65,182.43,178.07,181.54,174.47,1271868
2021-06-11,PETR4,28.8,28.85,28.26,28.57,8.22,54894400
2021-06-11,VALE3,113.35,114.76,113.02,114.34,67.18,18359200
2021-06-11,WEGE3,33.93,34.4,33.8,34.21,30.47,5033200
2021-06-14,ABEV3,19.03,19.5,18.99,19.48,14.88,22185300
2021-06-14,B3SA3,16.24,16.45,16.17,16.32,13.43,49076200
2021-06-14,BBDC4,25.63,25.73,25.15,25.38,17.24,28142400
2021-06-14,ITUB4,29.07,29.18,28.56,28.81,20.87,26905690
2021-06-14,MGLU3,182.08,184.66,181.54,183.41,176.27,1862426
2021-06-14,PETR4,28.9,29.35,28.61,28.75,8.28,64286600
2021-06-14,VALE3,114.91,115.28,113.12,113.72,66.81,19212700
2021-06-14,WEGE3,34.4,35.63,34.28,34.88,31.06,8404600
2021-06-15,ABEV3,19.45,19.45,19.13,19.13,14.61,12469400
2021-06-15,B3SA3,16.38,16.76,16.28,16.67,13.72,67472700
2021-06-15,BBDC4,25.37,25.51,25.25,25.4,17.26,18155060
2021-06-15,ITUB4,28.91,28.98,28.5,28.81,20.87,19955642
2021-06-15,MGLU3,183.15,188.67,182.43,186.08,178.84,2544185
2021-06-15,PETR4,28.96,29.06,28.63,29.03,8.36,42597100
2021-06-15,VALE3,113.77,113.86,111.25,111.5,65.51,20587900
2021-06-15,WEGE3,34.93,35.73,34.58,35.46,31.58,9640400
2021-06-16,ABEV3,19.14,19.35,19.0,19.09,14.58,36205000
2021-06-16,B3SA3,16.67,17.25,16.65,16.91,13.91,108820900
2021-06-16,BBDC4,25.45,25.96,25.29,25.53,17.34,72971470
2021-06-16,ITUB4,28.84,29.66,28.64,29.38,21.28,75863980
2021-06-16,MGLU3,186.62,187.06,178.69,180.92,173.87,3275664
2021-06-16,PETR4,29.08,29.29,28.77,29.14,8.39,77432900
2021-06-16,VALE3,111.5,111.63,108.03,108.15,63.54,38217700
2021-06-16,WEGE3,35.61,35.61,34.6,34.83,31.02,13348900
2021-06-17,ABEV3,19.11,19.52,18.82,19.01,14.52,22474800
2021-06-17,B3SA3,17.06,17.17,16.89,17.17,14.13,54573400
2021-06-17,BBDC4,25.65,26.15,25.32,25.42,17.27,34797730
2021-06-17,ITUB4,29.71,30.31,29.0,29.04,21.03,56128933
2021-06-17,MGLU3,180.83,190.36,178.87,189.83,182.43,3439385
2021-06-17,PETR4,29.01,29.2,27.91,28.13,8.1,95264600
2021-06-17,VALE3,107.68,109.16,104.9,105.9,62.22,33680600
2021-06-17,WEGE3,34.88,34.9,34.18,34.42,30.66,5679500
2021-06-18,ABEV3,18.92,19.09,18.64,18.76,14.33,27084500
2021-06-18,B3SA3,17.12,17.4,17.07,17.38,14.3,66759800
2021-06-18,BBDC4,25.27,25.45,24.91,25.09,17.05,35541330
2021-06-18,ITUB4,28.91,29.1,28.31,28.51,20.65,46601083
2021-06-18,MGLU3,189.83,191.61,187.24,187.69,180.38,3215436
2021-06-18,PETR4,28.0,28.42,27.64,28.32,8.15,115250700
2021-06-18,VALE3,107.01,109.09,106.52,109.09,64.09,59819400
2021-06-18,WEGE3,34.36,35.19,34.29,35.19,31.34,7764800
2021-06-21,ABEV3,18.7,18.88,18.56,18.73,14.31,13009100
2021-06-21,B3SA3,17.34,17.43,16.92,17.07,14.04,36963700
2021-06-21,BBDC4,24.99,25.3,24.85,25.15,17.09,28258890
2021-06-21,ITUB4,28.44,28.9,28.3,28.64,20.74,31004431
2021-06-21,MGLU3,188.58,189.92,186.0,189.47,182.09,1231117
2021-06-21,PETR4,28.4,29.0,28.4,28.95,8.33,50709600
2021-06-21,VALE3,107.75,110.69,107.14,110.11,64.69,22673600
2021-06-21,WEGE3,35.14,35.9,34.95,35.25,31.39,7294200
2021-06-22,ABEV3,18.57,18.67,18.07,18.29,13.97,32543400
2021-06-22,B3SA3,17.0,17.1,16.8,16.99,13.98,39503900
2021-06-22,BBDC4,25.0,25.11,24.54,24.69,16.77,43905180
2021-06-22,ITUB4,28.45,28.65,28.08,28.27,20.48,46060415
2021-06-22,MGLU3,190.0,190.09,184.04,186.8,179.52,1840984
2021-06-22,PETR4,29.0,29.27,28.67,29.1,8.38,41602700
2021-06-22,VALE3,110.69,112.08,110.18,111.4,65.45,18576100
2021-06-22,WEGE3,35.05,35.05,34.18,34.29,30.54,8705700
2021-06-23,ABEV3,18.13,18.42,17.9,17.99,13.74,21757300
2021-06-23,B3SA3,16.9,17.22,16.9,17.02,14.0,30573600
2021-06-23,BBDC4,24.84,25.08,24.55,24.58,16.7,30743570
2021-06-23,ITUB4,28.29,28.79,27.93,28.07,20.33,32356327
2021-06-23,MGLU3,186.62,189.02,182.7,183.32,176.18,1854826
2021-06-23,PETR4,29.25,29.52,29.0,29.3,8.43,57278500
2021-06-23,VALE3,112.41,114.25,112.16,113.07,66.43,29491400
2021-06-23,WEGE3,34.66,34.71,33.8,33.95,30.24,6677900
2021-06-24,ABEV3,18.1,18.1,17.72,17.95,13.71,21592700
2021-06-24,B3SA3,17.1,17.2,16.85,16.99,13.98,27126600
2021-06-24,BBDC4,24.84,24.86,24.44,24.76,16.82,23603690
2021-06-24,ITUB4,28.39,28.42,27.78,28.08,20.34,26939907
2021-06-24,MGLU3,185.28,193.57,184.39,192.85,185.34,3540633
2021-06-24,PETR4,29.49,29.65,29.22,29.65,8.54,51447000
2021-06-24,VALE3,111.72,111.92,110.27,111.03,66.52,23136700
2021-06-24,WEGE3,34.21,34.4,33.89,34.33,30.58,9120300
2021-06-25,ABEV3,17.83,18.0,16.95,16.95,12.95,66198100
2021-06-25,B3SA3,16.99,17.08,16.44,16.69,13.73,48911900
2021-06-25,BBDC4,24.73,24.81,23.85,23.99,16.3,30688680
2021-06-25,ITUB4,28.23,28.36,27.02,27.18,19.69,44105310
2021-06-25,MGLU3,193.92,195.35,187.6,190.54,183.12,3356514
2021-06-25,PETR4,29.69,29.79,28.95,29.1,8.38,84950900
2021-06-25,VALE3,111.6,113.97,111.4,112.4,67.34,26139200
2021-06-25,WEGE3,34.1,34.62,33.3,33.56,29.89,5979000
2021-06-28,ABEV3,17.17,17.65,17.0,17.5,13.37,41325600
2021-06-28,B3SA3,16.79,16.99,16.6,16.99,13.98,36045000
2021-06-28,BBDC4,24.0,24.14,23.57,23.87,16.22,32689800
2021-06-28,ITUB4,27.22,27.27,26.52,26.88,19.47,40825275
2021-06-28,MGLU3,190.54,194.55,188.13,191.79,184.32,2344473
2021-06-28,PETR4,29.18,29.27,28.67,29.05,8.36,40341200
2021-06-28,VALE3,113.24,113.7,110.01,110.6,66.26,18866400
2021-06-28,WEGE3,33.56,34.14,32.85,34.0,30.3,4461900
2021-06-29,ABEV3,17.35,17.5,16.9,17.29,13.21,46943000
2021-06-29,B3SA3,16.93,17.11,16.85,17.04,14.02,27393100
2021-06-29,BBDC4,23.82,23.95,23.46,23.73,16.12,33584870
2021-06-29,ITUB4,26.71,26.87,26.33,26.61,19.27,34621647
2021-06-29,MGLU3,191.79,193.21,187.51,193.03,185.52,1324507
2021-06-29,PETR4,29.09,29.18,28.74,29.18,8.4,43215200
2021-06-29,VALE3,110.6,113.05,110.6,112.51,67.41,19589500
2021-06-29,WEGE3,33.83,34.87,33.6,34.7,30.92,7430800
2021-06-30,ABEV3,17.15,17.46,17.02,17.07,13.04,28949400
2021-06-30,B3SA3,16.81,16.89,16.7,16.82,14.02,28469500
2021-06-30,BBDC4,23.58,23.85,23.34,23.39,15.89,43697390
2021-06-30,ITUB4,26.48,26.72,26.28,26.3,19.05,25504056
2021-06-30,MGLU3,191.79,192.41,187.15,188.4,181.06,2840149
2021-06-30,PETR4,29.03,29.57,28.92,29.43,8.47,71367600
2021-06-30,VALE3,111.83,114.28,111.68,113.25,67.85,18903100
2021-06-30,WEGE3,34.5,34.56,33.58,33.69,30.02,7280200
2021-07-01,ABEV3,16.86,17.32,16.82,17.2,13.14,39119700
2021-07-01,B3SA3,16.7,16.83,16.24,16.32,13.6,45110000
2021-07-01,BBDC4,23.39,23.49,22.84,23.1,15.69,38459520
2021-07-01,ITUB4,26.29,26.46,25.88,26.2,18.99,22975087
2021-07-01,MGLU3,189.02,189.47,181.9,184.3,177.13,2038967
2021-07-01,PETR4,29.74,29.88,28.92,29.06,8.37,65084000
2021-07-01,VALE3,113.41,114.36,110.76,111.28,66.67,22129200
2021-07-01,WEGE3,33.85,34.55,33.47,34.25,30.52,8144500
2021-07-02,ABEV3,17.39,17.63,17.25,17.43,13.32,24241600
2021-07-02,B3SA3,16.5,16.56,16.27,16.42,13.68,48691100
2021-07-02,BBDC4,23.28,23.64,23.0,23.64,16.07,39391330
2021-07-02,ITUB4,26.37,26.57,26.1,26.49,19.19,28580038
2021-07-02,MGLU3,185.28,193.21,184.93,192.77,185.26,2721961
2021-07-02,PETR4,29.3,29.38,28.73,29.18,8.4,37336700
2021-07-02,VALE3,112.0,113.62,111.58,113.58,68.05,19688800
2021-07-02,WEGE3,34.49,35.49,34.26,35.26,31.42,8353100
2021-07-05,ABEV3,17.42,18.0,17.36,17.94,13.71,18812100
2021-07-05,B3SA3,16.32,16.4,16.11,16.11,13.42,15995600
2021-07-05,BBDC4,22.76,22.86,22.73,22.74,15.78,19020650
2021-07-05,ITUB4,26.23,26.35,26.08,26.13,18.93,13798920
2021-07-05,MGLU3,191.52,192.41,188.22,190.45,183.03,978474
2021-07-05,PETR4,29.01,29.16,28.37,28.85,8.3,56028600
2021-07-05,VALE3,113.9,113.96,112.28,113.17,67.8,13732900
2021-07-05,WEGE3,35.25,35.45,34.8,34.91,31.11,3054400
2021-07-06,ABEV3,17.74,17.86,17.32,17.55,13.41,34060600
2021-07-06,B3SA3,16.08,16.18,15.81,15.92,13.27,43574800
2021-07-06,BBDC4,22.64,22.71,22.21,22.45,15.59,34748560
2021-07-06,ITUB4,26.02,26.24,25.8,26.08,18.9,27612682
2021-07-06,MGLU3,188.31,190.9,186.62,187.69,180.51,2226633
2021-07-06,PETR4,28.7,28.8,27.67,27.67,7.97,97839700
2021-07-06,VALE3,113.5,114.35,112.67,113.77,68.16,19028000
2021-07-06,WEGE3,34.76,35.09,34.51,34.55,30.79,4858800
2021-07-07,ABEV3,17.69,17.9,17.56,17.77,13.58,25160400
2021-07-07,B3SA3,16.06,16.29,15.92,16.27,13.56,23039400
2021-07-07,BBDC4,22.66,22.71,22.27,22.62,15.7,33947100
2021-07-07,ITUB4,26.11,26.43,25.73,26.2,18.98,44403516
2021-07-07,MGLU3,189.74,197.31,189.56,196.06,188.56,3460468
2021-07-07,PETR4,28.15,28.15,27.41,28.05,8.07,73793500
2021-07-07,VALE3,114.81,115.58,114.0,114.1,68.36,21460000
2021-07-07,WEGE3,34.93,36.2,34.82,36.06,32.14,9354100
2021-07-08,ABEV3,17.47,17.63,17.27,17.36,13.26,17936500
2021-07-08,B3SA3,16.0,16.28,15.9,16.15,13.46,24676800
2021-07-08,BBDC4,22.26,22.52,22.04,22.35,15.52,71023700
2021-07-08,ITUB4,25.73,26.19,25.56,25.85,18.73,55591098
2021-07-08,MGLU3,193.12,196.6,191.34,195.26,187.79,2034162
2021-07-08,PETR4,27.4,27.68,27.27,27.49,7.91,80574200
2021-07-08,VALE3,112.02,114.51,111.5,113.66,68.09,21824500
2021-07-08,WEGE3,35.35,35.83,34.57,34.73,30.95,8290500
2021-07-12,ABEV3,17.51,17.72,17.29,17.66,13.49,15673600
2021-07-12,B3SA3,16.25,16.75,16.21,16.71,13.92,29528000
2021-07-12,BBDC4,22.47,23.05,22.45,22.92,15.91,34999910
2021-07-12,ITUB4,25.95,26.48,25.88,26.2,18.99,30539448
2021-07-12,MGLU3,196.51,199.54,195.53,196.86,189.33,2290869
2021-07-12,PETR4,27.58,27.78,27.28,27.73,7.98,53001200
2021-07-12,VALE3,115.31,116.3,115.0,115.07,68.94,22333300
2021-07-12,WEGE3,35.0,35.58,34.6,35.58,31.71,6040100
2021-07-13,ABEV3,17.49,17.9,17.42,17.8,13.6,22447700
2021-07-13,B3SA3,16.62,17.11,16.54,16.95,14.12,22787600
2021-07-13,BBDC4,22.74,23.09,22.55,22.9,15.9,35166230
2021-07-13,ITUB4,26.04,26.5,25.74,26.36,19.1,35688706
2021-07-13,MGLU3,195.71,200.78,193.92,200.34,192.67,2576179
2021-07-13,PETR4,27.56,27.97,27.38,27.9,8.03,41594300
2021-07-13,VALE3,115.1,115.91,114.85,115.75,69.35,12698500
2021-07-13,WEGE3,35.46,35.47,34.76,35.18,31.35,6046800
2021-07-14,ABEV3,18.1,18.17,17.76,17.91,13.68,28762700
2021-07-14,B3SA3,17.14,17.25,17.04,17.12,14.27,53575300
2021-07-14,BBDC4,23.18,23.63,22.83,23.0,15.97,68463230
2021-07-14,ITUB4,26.65,27.23,26.32,26.4,19.13,48257302
2021-07-14,MGLU3,201.32,204.26,200.52,204.26,196.44,3342111
2021-07-14,PETR4,28.1,28.2,27.54,27.67,7.97,51654600
2021-07-14,VALE3,116.26,116.43,114.44,115.12,68.97,19483600
2021-07-14,WEGE3,35.5,35.7,34.86,35.01,31.2,6491500
2021-07-15,ABEV3,17.95,17.95,17.46,17.62,13.46,23006300
2021-07-15,B3SA3,17.05,17.14,16.86,17.0,14.17,19767400
2021-07-15,BBDC4,22.93,23.05,22.45,22.65,15.73,36420670
2021-07-15,ITUB4,26.35,26.54,25.93,26.08,18.9,25655652
2021-07-15,MGLU3,212.9,218.87,211.2,211.29,203.21,6783663
2021-07-15,PETR4,27.49,27.63,26.92,27.08,7.8,67982600
2021-07-15,VALE3,114.99,116.16,114.5,115.48,69.18,18236100
2021-07-15,WEGE3,35.0,35.59,34.9,34.92,31.12,4807000
2021-07-16,ABEV3,17.73,17.78,17.43,17.43,13.32,23216000
2021-07-16,B3SA3,17.04,17.04,16.54,16.59,13.82,30526700
2021-07-16,BBDC4,22.72,22.78,22.12,22.65,15.73,37051630
2021-07-16,ITUB4,26.28,26.29,25.61,25.66,18.59,21614354
2021-07-16,MGLU3,212.18,216.82,212.1,212.9,204.75,2912501
2021-07-16,PETR4,27.23,27.38,26.58,26.68,7.68,69024100
2021-07-16,VALE3,115.34,115.87,113.0,113.4,67.94,19576800
2021-07-16,WEGE3,35.04,35.26,34.21,34.29,30.56,5380000
2021-07-19,ABEV3,17.24,17.3,16.9,17.01,13.0,21998300
2021-07-19,B3SA3,16.25,16.64,16.24,16.41,13.67,20942600
2021-07-19,BBDC4,21.92,22.02,21.69,21.83,15.15,47496240
2021-07-19,ITUB4,25.33,25.68,25.25,25.51,18.48,39053943
2021-07-19,MGLU3,210.67,212.72,204.52,205.95,198.07,2192315
2021-07-19,PETR4,25.97,26.45,25.86,26.24,7.55,80087700
2021-07-19,VALE3,112.0,112.16,110.21,112.16,67.2,18644300
2021-07-19,WEGE3,34.0,34.37,33.6,34.18,30.46,4756600
2021-07-20,ABEV3,17.03,17.16,16.87,17.03,13.01,15847800
2021-07-20,B3SA3,16.26,16.56,16.01,16.42,13.68,30151000
2021-07-20,BBDC4,21.84,22.18,21.66,22.16,15.39,50840460
2021-07-20,ITUB4,25.39,26.01,25.26,25.84,18.73,29845712
2021-07-20,MGLU3,206.66,208.27,202.21,208.18,200.21,2044692
2021-07-20,PETR4,26.19,26.94,25.91,26.59,7.65,63408800
2021-07-20,VALE3,112.16,113.12,110.21,113.1,67.76,13066600
2021-07-20,WEGE3,34.05,34.83,33.87,34.55,30.79,4042300
2021-07-21,ABEV3,17.07,17.22,16.96,17.2,13.14,13985700
2021-07-21,B3SA3,16.42,16.45,16.12,16.35,13.62,28883500
2021-07-21,BBDC4,22.09,22.37,22.0,22.17,15.39,31971500
2021-07-21,ITUB4,25.83,26.18,25.8,25.95,18.8,15188431
2021-07-21,MGLU3,207.29,209.51,204.61,208.09,200.13,1380974
2021-07-21,PETR4,26.79,27.24,26.59,26.96,7.76,51116600
2021-07-21,VALE3,112.76,114.87,112.5,114.4,68.54,19607100
2021-07-21,WEGE3,34.75,34.97,34.1,34.45,30.7,4315700
2021-07-22,ABEV3,17.14,17.2,16.89,17.03,13.01,17005900
2021-07-22,B3SA3,16.3,16.63,16.26,16.5,13.75,38644100
2021-07-22,BBDC4,22.17,22.21,21.79,22.0,15.27,29645220
2021-07-22,ITUB4,25.97,26.05,25.55,25.68,18.61,19526235
2021-07-22,MGLU3,208.35,209.51,205.33,207.11,199.19,1952830
2021-07-22,PETR4,27.0,27.22,26.71,26.9,7.74,37736500
2021-07-22,VALE3,113.68,114.7,112.69,114.7,68.72,12083800
2021-07-22,WEGE3,34.41,35.27,34.41,35.1,31.28,5262400
2021-07-23,ABEV3,17.11,17.12,16.73,16.75,12.8,11774400
2021-07-23,B3SA3,16.58,16.61,16.21,16.35,13.62,17963400
2021-07-23,BBDC4,22.01,22.05,21.6,21.77,15.12,35162490
2021-07-23,ITUB4,25.78,25.89,25.42,25.61,18.56,18986587
2021-07-23,MGLU3,203.1,204.26,197.84,201.32,193.62,3740625
2021-07-23,PETR4,27.1,27.17,26.68,26.74,7.7,34025500
2021-07-23,VALE3,113.62,114.49,112.8,114.12,68.37,13163300
2021-07-23,WEGE3,35.17,35.43,34.57,34.8,31.01,3202900
2021-07-26,ABEV3,16.75,17.13,16.72,17.09,13.06,11973200
2021-07-26,B3SA3,16.28,16.48,16.22,16.41,13.67,14004700
2021-07-26,BBDC4,21.75,22.05,21.74,21.95,15.24,33585200
2021-07-26,ITUB4,25.67,26.25,25.67,26.06,18.89,27382004
2021-07-26,MGLU3,202.48,202.74,196.15,196.33,188.82,1990504
2021-07-26,PETR4,26.74,27.47,26.72,27.47,7.91,46802600
2021-07-26,VALE3,114.44,116.85,114.44,116.6,69.86,16419900
2021-07-26,WEGE3,34.93,35.18,34.41,34.65,30.88,3912400
2021-07-27,ABEV3,17.0,17.08,16.8,16.92,12.93,11928000
2021-07-27,B3SA3,16.45,16.45,15.94,16.1,13.42,20774700
2021-07-27,BBDC4,21.83,22.13,21.67,22.13,15.36,39891170
2021-07-27,ITUB4,26.04,26.5,25.89,26.32,19.07,41281308
2021-07-27,MGLU3,196.69,197.4,187.96,191.07,183.77,3021809
2021-07-27,PETR4,27.35,27.4,26.9,27.15,7.82,51901800
2021-07-27,VALE3,115.7,116.05,113.89,114.18,68.41,22106500
2021-07-27,WEGE3,34.5,34.5,33.94,34.39,30.65,6733300
2021-07-28,ABEV3,17.04,17.33,16.85,17.33,13.24,27723400
2021-07-28,B3SA3,16.21,16.29,15.59,15.84,13.2,60049400
2021-07-28,BBDC4,22.33,22.8,22.15,22.65,15.72,52118660
2021-07-28,ITUB4,26.61,27.56,26.57,27.18,19.69,78928065
2021-07-28,MGLU3,192.32,194.01,189.02,191.79,184.45,1991122
2021-07-28,PETR4,27.43,27.9,27.2,27.71,7.98,46727100
2021-07-28,VALE3,115.5,117.6,115.25,117.3,70.27,25209200
2021-07-28,WEGE3,35.18,37.22,34.81,37.2,33.15,28640400
2021-07-29,ABEV3,17.22,17.39,16.53,17.13,13.09,54590700
2021-07-29,B3SA3,15.9,15.98,15.68,15.81,13.17,36601400
2021-07-29,BBDC4,22.65,22.78,22.18,22.43,15.57,35160180
2021-07-29,ITUB4,27.26,27.34,26.74,27.03,19.59,26288092
2021-07-29,MGLU3,192.23,197.31,190.63,193.48,186.08,2059533
2021-07-29,PETR4,27.8,27.92,27.5,27.81,8.01,43916600
2021-07-29,VALE3,116.37,117.56,114.75,115.57,69.24,30576800
2021-07-29,WEGE3,37.04,37.7,35.93,36.13,32.2,11737100
2021-07-30,ABEV3,17.0,17.34,16.64,16.64,12.71,23889000
2021-07-30,B3SA3,15.67,16.05,15.25,15.25,12.71,46173900
2021-07-30,BBDC4,22.28,22.65,22.01,22.05,15.31,40227000
2021-07-30,ITUB4,26.83,27.44,26.53,26.74,19.38,48144908
2021-07-30,MGLU3,190.98,193.3,183.06,183.5,176.48,3419593
2021-07-30,PETR4,27.6,27.83,26.83,26.91,7.75,74150400
2021-07-30,VALE3,113.51,113.51,108.76,108.76,65.16,41956700
2021-07-30,WEGE3,35.69,36.31,35.59,35.71,31.82,9472800
2021-08-02,ABEV3,16.9,17.17,16.86,16.86,12.88,21537000
2021-08-02,B3SA3,15.5,16.0,15.49,15.62,13.02,35301900
2021-08-02,BBDC4,22.37,22.84,22.12,22.18,15.4,48047120
2021-08-02,ITUB4,27.18,27.81,26.89,26.89,19.5,42392667
2021-08-02,MGLU3,186.26,187.69,183.15,183.77,176.74,2680211
2021-08-02,PETR4,27.2,27.41,26.37,26.41,7.6,70528800
2021-08-02,VALE3,110.9,111.37,108.93,108.93,65.26,23109400
2021-08-02,WEGE3,36.25,37.36,35.9,36.65,32.81,10626200
2021-08-03,ABEV3,16.84,17.24,16.58,17.07,13.04,26003800
2021-08-03,B3SA3,15.64,16.08,15.47,16.01,13.34,41170800
2021-08-03,BBDC4,22.45,22.47,21.81,22.29,15.49,59400990
2021-08-03,ITUB4,27.71,27.74,26.62,27.16,19.69,62356921
2021-08-03,MGLU3,183.5,183.95,175.66,181.99,175.03,2131178
2021-08-03,PETR4,26.36,26.87,25.79,26.85,7.73,71850400
2021-08-03,VALE3,109.78,113.03,109.44,112.64,67.48,36641400
2021-08-03,WEGE3,36.68,36.69,35.86,36.42,32.6,5299900
2021-08-04,ABEV3,16.91,17.06,16.59,16.63,12.7,20523000
2021-08-04,B3SA3,15.94,16.04,15.71,15.94,13.28,34095900
2021-08-04,BBDC4,21.76,21.81,21.32,21.41,14.87,108007020
2021-08-04,ITUB4,26.99,27.12,26.33,26.4,19.14,57249470
2021-08-04,MGLU3,180.74,181.01,175.66,177.8,171.0,3090187
2021-08-04,PETR4,26.55,26.77,25.95,26.28,7.57,87970600
2021-08-04,VALE3,112.0,113.25,111.62,112.52,67.41,18828200
2021-08-04,WEGE3,36.37,36.37,35.21,36.07,32.29,7646600
2021-08-05,ABEV3,16.8,16.92,16.59,16.62,12.7,18203900
2021-08-05,B3SA3,16.06,16.28,15.71,15.71,13.09,24646000
2021-08-05,BBDC4,21.59,21.66,20.95,21.09,14.65,69889160
2021-08-05,ITUB4,26.65,26.98,26.21,26.48,19.2,55969180
2021-08-05,MGLU3,179.23,184.84,178.07,182.25,175.28,3988070
2021-08-05,PETR4,28.75,28.98,28.06,28.35,8.16,223915900
2021-08-05,VALE3,109.64,109.99,107.9,109.08,65.35,32215200
2021-08-05,WEGE3,36.28,36.55,35.51,35.86,32.1,6043400
2021-08-06,ABEV3,16.7,17.17,16.66,17.1,13.06,18667000
2021-08-06,B3SA3,15.76,16.08,15.59,15.9,13.25,17494800
2021-08-06,BBDC4,21.22,21.62,21.09,21.55,14.98,50173090
2021-08-06,ITUB4,26.58,27.4,26.43,27.22,19.74,37719836
2021-08-06,MGLU3,182.88,186.0,179.4,184.21,177.17,2293204
2021-08-06,PETR4,28.5,28.54,28.02,28.39,8.17,51106100
2021-08-06,VALE3,109.85,110.89,109.5,109.7,65.72,19273100
2021-08-06,WEGE3,35.86,36.46,35.56,36.24,32.44,5303200
2021-08-09,ABEV3,17.11,17.36,17.0,17.16,13.11,15969000
2021-08-09,B3SA3,15.87,16.06,15.68,15.77,13.14,17725500
2021-08-09,BBDC4,21.45,21.88,21.45,21.55,14.97,38625510
2021-08-09,ITUB4,27.16,27.74,27.16,27.54,19.97,38432832
2021-08-09,MGLU3,183.23,186.0,181.99,182.52,175.54,1596020
2021-08-09,PETR4,27.95,28.21,27.67,28.19,8.11,75381900
2021-08-09,VALE3,108.2,109.45,107.68,109.01,65.31,21502300
2021-08-09,WEGE3,36.39,36.76,36.04,36.16,32.37,4590500
2021-08-10,ABEV3,17.15,17.15,16.71,16.71,12.77,21467500
2021-08-10,B3SA3,15.85,15.85,15.43,15.51,12.92,21423000
2021-08-10,BBDC4,21.63,21.68,21.24,21.24,14.75,38955290
2021-08-10,ITUB4,27.5,27.51,26.98,27.02,19.59,35944764
2021-08-10,MGLU3,182.88,184.93,179.31,181.72,174.77,2197041
2021-08-10,PETR4,28.3,28.78,28.24,28.28,8.14,84380900
2021-08-10,VALE3,108.95,110.74,108.84,110.06,65.94,17440500
2021-08-10,WEGE3,36.24,36.38,35.69,36.09,32.31,6652900
2021-08-11,ABEV3,16.71,16.82,16.46,16.57,12.66,17091400
2021-08-11,B3SA3,15.49,15.57,15.05,15.05,12.54,48341300
2021-08-11,BBDC4,21.24,21.67,21.0,21.32,14.81,30339760
2021-08-11,ITUB4,26.83,27.62,26.6,27.32,19.81,39474399
2021-08-11,MGLU3,181.81,186.71,179.49,186.26,179.14,2087329
2021-08-11,PETR4,28.16,28.99,27.97,28.67,8.25,97863500
2021-08-11,VALE3,110.19,110.5,109.26,109.27,65.46,14680600
2021-08-11,WEGE3,36.05,36.34,35.41,36.15,32.36,8547200
2021-08-12,ABEV3,16.57,16.78,16.5,16.58,12.67,15643300
2021-08-12,B3SA3,14.49,14.68,13.85,13.89,11.57,83053200
2021-08-12,BBDC4,21.25,21.37,20.89,21.02,14.6,40036700
2021-08-12,ITUB4,27.22,27.44,26.8,26.8,19.43,30945175
2021-08-12,MGLU3,184.75,189.38,182.97,186.8,179.65,2787824
2021-08-12,PETR4,28.66,29.19,28.5,29.1,8.38,95319300
2021-08-12,VALE3,109.2,109.98,108.83,109.2,65.42,14849500
2021-08-12,WEGE3,36.0,36.27,35.39,35.51,31.79,7628100
2021-08-13,ABEV3,16.59,16.66,16.3,16.65,12.72,16218300
2021-08-13,B3SA3,14.1,14.72,13.67,14.64,12.2,83802900
2021-08-13,BBDC4,21.05,21.18,20.76,21.12,14.67,42676590
2021-08-13,ITUB4,26.85,27.31,26.58,27.17,19.7,34220225
2021-08-13,MGLU3,187.96,188.58,177.09,180.56,173.66,4961157
2021-08-13,PETR4,29.06,29.61,29.02,29.35,8.45,85201800
2021-08-13,VALE3,109.7,109.9,107.96,108.3,64.88,11855200
2021-08-13,WEGE3,35.65,35.91,35.15,35.77,32.02,6207600
2021-08-16,ABEV3,16.53,16.7,16.33,16.4,12.53,18371000
2021-08-16,B3SA3,14.5,14.61,13.97,13.98,11.65,43295000
2021-08-16,BBDC4,21.05,21.25,20.83,20.95,14.55,31897250
2021-08-16,ITUB4,27.06,27.5,26.72,26.78,19.48,40491380
2021-08-16,MGLU3,180.21,181.72,172.81,172.99,166.37,3668958
2021-08-16,PETR4,29.2,29.24,28.24,28.64,8.24,101262100
2021-08-16,VALE3,107.24,108.9,105.92,108.8,65.18,21856700
2021-08-16,WEGE3,35.66,35.66,34.22,34.41,30.8,9932100
2021-08-17,ABEV3,16.39,16.49,16.11,16.32,12.47,26879900
2021-08-17,B3SA3,13.96,14.11,13.54,13.82,11.52,38061000
2021-08-17,BBDC4,20.98,21.09,20.62,20.86,14.5,45561120
2021-08-17,ITUB4,26.75,26.99,26.25,26.68,19.41,44072680
2021-08-17,MGLU3,171.74,175.13,166.67,172.01,165.43,3384422
2021-08-17,PETR4,26.84,27.63,26.45,27.03,8.24,93623700
2021-08-17,VALE3,108.11,109.32,105.66,107.0,64.1,23402600
2021-08-17,WEGE3,34.08,34.74,33.4,34.69,31.05,9504700
2021-08-18,ABEV3,16.3,16.82,16.22,16.47,12.58,23317500
2021-08-18,B3SA3,13.94,14.16,13.45,13.54,11.28,49187200
2021-08-18,BBDC4,20.83,21.26,20.67,20.73,14.4,46310550
2021-08-18,ITUB4,26.58,27.47,26.49,26.73,19.45,53791214
2021-08-18,MGLU3,172.99,173.7,165.95,167.82,161.4,3742489
2021-08-18,PETR4,27.03,27.31,26.65,26.79,8.17,86103100
2021-08-18,VALE3,105.74,105.74,103.41,103.41,61.95,35379200
2021-08-18,WEGE3,34.72,34.9,33.45,33.58,30.06,11291000
2021-08-19,ABEV3,16.46,17.27,16.41,17.19,13.13,39834200
2021-08-19,B3SA3,13.41,14.22,13.4,14.18,11.82,35059300
2021-08-19,BBDC4,20.56,20.95,20.38,20.68,14.37,56256860
2021-08-19,ITUB4,26.39,27.21,26.17,26.39,19.2,45082749
2021-08-19,MGLU3,165.51,169.96,161.32,168.8,162.35,3691949
2021-08-19,PETR4,26.26,26.87,26.13,26.64,8.13,80808200
2021-08-19,VALE3,98.66,100.28,97.3,97.51,58.42,60456900
2021-08-19,WEGE3,33.24,35.26,33.02,35.19,31.5,9977600
2021-08-20,ABEV3,16.91,17.6,16.91,17.54,13.4,34873200
2021-08-20,B3SA3,13.9,14.29,13.85,14.2,11.83,31296800
2021-08-20,BBDC4,20.47,20.7,20.41,20.56,14.29,31478480
2021-08-20,ITUB4,26.13,26.42,25.77,26.29,19.13,39317932
2021-08-20,MGLU3,166.58,169.25,163.9,168.0,161.58,2679403
2021-08-20,PETR4,26.4,26.63,26.17,26.6,8.11,88445600
2021-08-20,VALE3,97.59,99.1,97.44,97.55,58.44,31351100
2021-08-20,WEGE3,34.67,36.16,34.51,35.98,32.21,9749500
2021-08-23,ABEV3,17.51,17.58,17.22,17.36,13.26,17262100
2021-08-23,B3SA3,14.24,14.3,13.59,13.65,11.37,36205000
2021-08-23,BBDC4,20.68,20.83,20.53,20.71,14.39,31936080
2021-08-23,ITUB4,26.35,26.68,26.28,26.58,19.33,24393150
2021-08-23,MGLU3,169.43,169.69,160.96,161.5,155.32,3312418
2021-08-23,PETR4,26.94,27.31,26.77,27.02,8.24,70161500
2021-08-23,VALE3,97.56,97.93,96.16,96.2,57.63,19773500
2021-08-23,WEGE3,36.08,36.08,35.27,35.75,32.0,6477600
2021-08-24,ABEV3,17.48,17.67,17.35,17.59,13.44,18073900
2021-08-24,B3SA3,13.85,14.2,13.7,13.9,11.58,33260300
2021-08-24,BBDC4,20.91,21.38,20.82,21.25,14.77,40907240
2021-08-24,ITUB4,26.7,27.37,26.69,27.32,19.87,34165275
2021-08-24,MGLU3,163.37,172.28,161.68,171.39,164.83,7900881
2021-08-24,PETR4,27.29,27.63,27.24,27.58,8.41,49831400
2021-08-24,VALE3,99.38,101.27,99.1,99.71,59.74,29779200
2021-08-24,WEGE3,36.0,36.0,35.42,35.66,31.92,7439700
2021-08-25,ABEV3,17.5,17.62,17.34,17.58,13.43,13858600
2021-08-25,B3SA3,13.85,13.99,13.7,13.99,11.66,20126000
2021-08-25,BBDC4,21.23,21.34,21.02,21.29,14.79,20103600
2021-08-25,ITUB4,27.14,27.41,26.94,27.35,19.9,19855031
2021-08-25,MGLU3,170.32,174.24,169.52,174.15,167.49,3452183
2021-08-25,PETR4,27.63,27.83,27.38,27.73,8.46,46031200
2021-08-25,VALE3,100.09,100.46,98.55,99.5,59.61,15088600
2021-08-25,WEGE3,35.54,36.39,34.94,36.38,32.56,7436300
2021-08-26,ABEV3,17.4,17.46,17.06,17.11,13.07,22172500
2021-08-26,B3SA3,13.95,13.95,13.62,13.66,11.38,28614800
2021-08-26,BBDC4,21.23,21.33,20.87,20.88,14.51,33102630
2021-08-26,ITUB4,27.27,27.31,26.63,26.69,19.42,39789600
2021-08-26,MGLU3,173.44,175.48,166.49,167.47,161.06,3920253
2021-08-26,PETR4,27.58,27.88,27.47,27.49,8.38,41061300
2021-08-26,VALE3,99.49,99.8,98.23,98.23,58.85,18032300
2021-08-26,WEGE3,36.38,36.87,36.07,36.77,32.91,9935500
2021-08-27,ABEV3,17.18,17.18,16.91,17.04,13.02,16973500
2021-08-27,B3SA3,13.75,13.94,13.7,13.94,11.62,23793100
2021-08-27,BBDC4,21.0,21.2,20.79,21.15,14.7,22746900
2021-08-27,ITUB4,26.85,27.24,26.57,27.15,19.75,25233269
2021-08-27,MGLU3,168.54,170.59,167.11,169.52,163.03,2565649
2021-08-27,PETR4,27.7,28.49,27.67,28.49,8.69,76465300
2021-08-27,VALE3,99.01,101.0,98.9,100.69,60.32,19572800
2021-08-27,WEGE3,36.66,37.3,36.48,36.9,33.03,7460300
2021-08-30,ABEV3,16.96,17.23,16.81,17.18,13.13,16781900
2021-08-30,B3SA3,13.8,13.81,13.6,13.7,11.42,22561400
2021-08-30,BBDC4,21.09,21.17,20.85,20.93,14.54,22814990
2021-08-30,ITUB4,27.09,27.18,26.78,26.95,19.61,21302552
2021-08-30,MGLU3,168.71,170.14,164.71,168.18,161.75,2517837
2021-08-30,PETR4,28.4,28.71,28.26,28.3,8.63,61054000
2021-08-30,VALE3,100.82,101.64,99.95,100.05,59.94,13031600
2021-08-30,WEGE3,36.9,36.93,36.14,36.68,32.83,5335600
2021-08-31,ABEV3,17.15,17.17,16.81,17.1,13.06,28079100
2021-08-31,B3SA3,13.75,14.07,13.68,14.07,11.72,48739900
2021-08-31,BBDC4,20.97,21.29,20.85,21.05,14.62,35247850
2021-08-31,ITUB4,27.03,27.6,26.95,27.31,19.87,49407297
2021-08-31,MGLU3,167.02,169.78,161.59,162.48,156.26,3447558
2021-08-31,PETR4,28.2,28.23,26.99,27.19,8.29,110574300
2021-08-31,VALE3,99.0,99.26,97.7,98.68,59.12,20433600
2021-08-31,WEGE3,36.7,36.7,34.98,35.56,31.83,15163400
2021-09-01,ABEV3,17.16,17.38,17.04,17.26,13.19,17593400
2021-09-01,B3SA3,14.2,14.55,14.17,14.43,12.02,52051300
2021-09-01,BBDC4,21.16,21.36,20.98,21.01,14.6,26944060
2021-09-01,ITUB4,27.41,27.92,27.36,27.41,19.95,32612838
2021-09-01,MGLU3,163.55,168.0,162.84,166.4,160.03,2493061
2021-09-01,PETR4,27.32,27.34,26.33,27.04,8.25,69430400
2021-09-01,VALE3,97.36,99.59,95.72,98.85,59.22,20847500
2021-09-01,WEGE3,35.69,36.58,35.01,36.29,32.48,8836600
2021-09-02,ABEV3,17.12,17.12,16.39,16.52,12.62,36473800
2021-09-02,B3SA3,14.29,14.33,13.96,14.07,11.72,47149900
2021-09-02,BBDC4,20.91,20.94,20.15,20.25,14.08,42032980
2021-09-02,ITUB4,27.26,27.27,26.28,26.43,19.23,36876544
2021-09-02,MGLU3,166.22,166.22,159.09,160.43,154.29,2931933
2021-09-02,PETR4,27.0,27.35,26.46,26.6,8.11,56052000
2021-09-02,VALE3,98.77,100.0,97.91,98.54,59.04,24448600
2021-09-02,WEGE3,35.93,36.47,35.5,35.74,31.99,8597200
2021-09-03,ABEV3,16.64,16.76,16.44,16.56,12.65,40771400
2021-09-03,B3SA3,14.2,14.2,13.74,14.05,11.71,51109700
2021-09-03,BBDC4,20.42,20.42,19.9,20.15,14.01,48821960
2021-09-03,ITUB4,26.59,26.62,25.83,26.28,19.12,56222519
2021-09-03,MGLU3,161.23,168.36,159.45,168.36,161.92,5206446
2021-09-03,PETR4,26.65,26.78,26.1,26.33,8.03,58182700
2021-09-03,VALE3,100.16,100.88,98.51,98.61,59.08,38716500
2021-09-03,WEGE3,35.84,36.25,35.37,36.25,32.45,13005000
2021-09-06,ABEV3,16.56,17.19,16.32,17.19,13.13,10036700
2021-09-06,B3SA3,14.03,14.35,13.93,14.32,11.93,14605300
2021-09-06,BBDC4,20.01,20.45,19.98,20.36,14.16,17038560
2021-09-06,ITUB4,26.19,26.72,26.14,26.61,19.37,30840146
2021-09-06,MGLU3,168.0,173.7,167.11,173.52,166.89,2060050
2021-09-06,PETR4,26.21,26.71,26.15,26.46,8.07,26770700
2021-09-06,VALE3,96.89,97.55,96.16,97.06,58.15,11916100
2021-09-06,WEGE3,36.22,37.1,36.0,36.38,32.56,7104700
2021-09-08,ABEV3,16.99,17.01,16.21,16.21,12.38,39304600
2021-09-08,B3SA3,14.13,14.18,13.07,13.12,10.93,63466700
2021-09-08,BBDC4,20.03,20.06,19.05,19.19,13.34,58961320
2021-09-08,ITUB4,26.51,26.57,25.22,25.35,18.45,54336867
2021-09-08,MGLU3,171.48,172.19,166.13,167.38,160.98,4080921
2021-09-08,PETR4,26.29,26.35,24.79,24.97,7.62,80378400
2021-09-08,VALE3,96.47,96.73,94.7,95.04,56.94,22635100
2021-09-08,WEGE3,36.48,37.25,36.22,36.49,32.66,15224800
2021-09-09,ABEV3,16.2,16.41,16.01,16.31,12.46,26356800
2021-09-09,B3SA3,13.15,13.8,13.15,13.63,11.36,58011400
2021-09-09,BBDC4,19.26,19.5,18.77,19.27,13.4,76710590
2021-09-09,ITUB4,25.56,26.05,25.03,25.68,18.69,63103001
2021-09-09,MGLU3,168.36,172.99,159.98,167.91,161.49,3948128
2021-09-09,PETR4,25.08,25.88,24.14,25.5,7.78,156617100
2021-09-09,VALE3,95.16,95.72,93.17,94.7,56.74,28997700
2021-09-09,WEGE3,36.48,39.4,36.45,38.84,34.77,18308300
2021-09-10,ABEV3,16.43,16.63,16.1,16.1,12.3,23336500
2021-09-10,B3SA3,13.81,14.28,13.71,13.81,11.51,60589600
2021-09-10,BBDC4,19.55,19.78,19.02,19.04,13.24,55216260
2021-09-10,ITUB4,26.04,26.18,25.23,25.43,18.51,40810093
2021-09-10,MGLU3,169.78,170.32,153.04,153.04,147.18,8235216
2021-09-10,PETR4,26.02,26.14,25.33,25.34,7.73,78379900
2021-09-10,VALE3,95.51,96.19,94.81,94.81,56.8,18022000
2021-09-10,WEGE3,39.0,39.23,38.24,38.66,34.61,9863600
2021-09-13,ABEV3,16.53,16.6,16.28,16.35,12.49,14849500
2021-09-13,B3SA3,14.11,14.39,13.93,14.2,11.83,36232300
2021-09-13,BBDC4,19.36,19.58,19.14,19.43,13.51,41682960
2021-09-13,ITUB4,25.89,25.97,25.55,25.75,18.74,35205595
2021-09-13,MGLU3,156.69,160.7,155.26,155.35,149.41,4009815
2021-09-13,PETR4,25.8,26.39,25.64,26.23,8.0,63317900
2021-09-13,VALE3,94.7,95.0,93.94,94.76,56.77,18832800
2021-09-13,WEGE3,39.0,39.32,38.33,38.9,34.82,7557600
2021-09-14,ABEV3,16.41,16.67,16.37,16.44,12.56,12461100
2021-09-14,B3SA3,14.24,14.4,14.1,14.13,11.77,28742600
2021-09-14,BBDC4,19.45,19.55,19.15,19.3,13.42,36636930
2021-09-14,ITUB4,25.68,25.91,25.51,25.59,18.62,27397073
2021-09-14,MGLU3,156.24,158.38,150.1,151.7,145.9,5520439
2021-09-14,PETR4,25.95,26.25,25.72,25.88,7.89,65497300
2021-09-14,VALE3,95.15,95.58,93.07,94.09,56.37,25571600
2021-09-14,WEGE3,39.09,39.93,38.85,39.38,35.25,6674400
2021-09-15,ABEV3,16.46,16.49,16.0,16.02,12.24,20538700
2021-09-15,B3SA3,14.24,14.24,13.79,14.05,11.71,26496700
2021-09-15,BBDC4,19.36,19.36,19.01,19.13,13.3,18948050
2021-09-15,ITUB4,25.64,25.66,25.17,25.17,18.32,29908367
2021-09-15,MGLU3,152.15,152.59,146.89,148.05,142.39,3465284
2021-09-15,PETR4,26.0,26.46,25.87,26.33,8.03,67274100
2021-09-15,VALE3,93.88,94.44,91.74,91.74,54.96,35084400
2021-09-15,WEGE3,39.57,40.03,38.9,39.84,35.66,9827700
2021-09-16,ABEV3,16.0,16.45,15.78,16.13,12.32,26714500
2021-09-16,B3SA3,13.91,14.16,13.84,14.12,11.77,42661400
2021-09-16,BBDC4,19.01,19.04,18.6,18.88,13.13,74356480
2021-09-16,ITUB4,25.0,25.3,24.85,25.15,18.31,52599525
2021-09-16,MGLU3,146.53,148.05,143.51,145.82,140.24,3523199
2021-09-16,PETR4,26.08,26.24,25.51,26.1,7.96,65567700
2021-09-16,VALE3,90.43,90.43,87.92,87.93,52.68,39726500
2021-09-16,WEGE3,39.79,40.06,39.1,39.9,35.72,6141500
2021-09-17,ABEV3,16.18,16.18,15.35,15.74,12.02,53864700
2021-09-17,B3SA3,14.02,14.23,13.95,14.18,11.82,70010200
2021-09-17,BBDC4,18.82,18.82,18.2,18.2,12.66,88977020
2021-09-17,ITUB4,25.13,25.15,24.55,24.55,17.87,49421346
2021-09-17,MGLU3,145.29,149.38,141.28,147.6,141.96,4943711
2021-09-17,PETR4,25.97,26.02,24.77,24.93,7.6,131694100
2021-09-17,VALE3,88.29,88.79,85.08,86.15,51.61,74648800
2021-09-17,WEGE3,39.75,39.9,38.78,39.19,35.08,11435300
2021-09-20,ABEV3,15.53,15.86,15.46,15.61,11.93,22475300
2021-09-20,B3SA3,13.94,13.98,13.55,13.68,11.4,45113100
2021-09-20,BBDC4,17.92,18.06,17.41,17.52,12.18,83070790
2021-09-20,ITUB4,24.1,24.39,23.71,24.0,17.47,49865822
2021-09-20,MGLU3,144.66,146.18,140.65,142.97,137.5,3028578
2021-09-20,PETR4,24.08,24.65,23.79,24.65,7.52,80260600
2021-09-20,VALE3,82.8,83.94,81.14,82.75,49.58,49636100
2021-09-20,WEGE3,38.56,39.17,38.05,38.89,34.81,7290800
2021-09-21,ABEV3,15.68,16.0,15.58,15.66,11.96,12843400
2021-09-21,B3SA3,13.8,13.84,13.55,13.55,11.29,67286600
2021-09-21,BBDC4,17.7,18.01,17.44,17.77,12.36,54100090
2021-09-21,ITUB4,24.11,24.32,23.89,23.94,17.42,38037755
2021-09-21,MGLU3,143.95,147.96,140.92,146.0,140.42,3350912
2021-09-21,PETR4,25.08,25.29,24.53,25.21,7.69,64570200
2021-09-21,VALE3,84.7,84.7,82.51,84.12,50.4,32380300
2021-09-21,WEGE3,39.05,40.27,38.91,39.75,35.58,8918000
2021-09-22,ABEV3,15.77,15.9,15.63,15.72,12.01,13740400
2021-09-22,B3SA3,13.75,14.44,13.54,14.25,11.87,108149000
2021-09-22,BBDC4,18.04,18.33,17.97,18.04,12.54,42577590
2021-09-22,ITUB4,24.12,24.7,24.1,24.49,17.83,43868060
2021-09-22,MGLU3,147.87,148.94,143.95,145.55,139.99,2674520
2021-09-22,PETR4,25.53,26.22,25.52,25.85,7.88,70231800
2021-09-22,VALE3,88.1,89.48,86.51,87.11,52.19,62161000
2021-09-22,WEGE3,40.08,41.08,39.32,40.57,36.32,9876300
2021-09-23,ABEV3,15.8,15.98,15.67,15.88,12.13,21550900
2021-09-23,B3SA3,14.2,14.23,13.74,13.91,11.59,53091800
2021-09-23,BBDC4,18.13,18.91,18.07,18.84,13.1,51252410
2021-09-23,ITUB4,24.65,25.55,24.55,25.34,18.44,56944126
2021-09-23,MGLU3,146.09,147.16,140.83,141.37,135.96,3510659
2021-09-23,PETR4,25.95,26.95,25.91,26.84,8.19,84480600
2021-09-23,VALE3,79.2,80.34,77.62,78.91,52.19,47485400
2021-09-23,WEGE3,40.8,41.38,40.71,41.17,36.85,7578700
2021-09-24,ABEV3,15.62,15.91,15.61,15.84,12.1,16219600
2021-09-24,B3SA3,13.75,13.89,13.64,13.88,11.57,44537200
2021-09-24,BBDC4,18.64,18.76,18.35,18.42,12.81,44736120
2021-09-24,ITUB4,25.15,25.31,24.95,24.99,18.19,46899175
2021-09-24,MGLU3,139.67,140.12,136.82,139.23,133.9,3280065
2021-09-24,PETR4,26.55,27.06,26.47,26.9,8.2,44821500
2021-09-24,VALE3,78.29,78.79,77.0,77.69,51.38,26631600
2021-09-24,WEGE3,40.78,41.65,40.11,41.34,37.0,6960700
2021-09-27,ABEV3,15.65,16.0,15.65,15.83,12.09,14263100
2021-09-27,B3SA3,13.9,13.99,13.47,13.68,11.4,44348800
2021-09-27,BBDC4,18.37,19.28,18.23,18.97,13.19,89182170
2021-09-27,ITUB4,25.09,25.89,24.74,25.64,18.66,66204022
2021-09-27,MGLU3,138.25,140.03,132.9,133.71,128.59,3709102
2021-09-27,PETR4,27.14,27.46,26.5,27.14,8.28,89178700
2021-09-27,VALE3,78.6,79.33,76.5,78.8,52.11,38386300
2021-09-27,WEGE3,41.06,41.58,40.3,40.86,36.59,6418800
2021-09-28,ABEV3,15.76,15.87,15.36,15.44,11.8,17672700
2021-09-28,B3SA3,13.65,13.65,12.89,12.94,10.78,59678700
2021-09-28,BBDC4,19.14,19.53,18.57,18.57,12.91,109024520
2021-09-28,ITUB4,25.53,26.13,25.04,25.06,18.24,69369851
2021-09-28,MGLU3,131.93,133.26,124.89,126.31,121.48,6202793
2021-09-28,PETR4,27.19,27.89,26.72,26.96,8.22,117874300
2021-09-28,VALE3,77.48,77.8,74.56,74.85,49.5,35896000
2021-09-28,WEGE3,40.61,41.38,40.32,40.67,36.42,7499700
2021-09-29,ABEV3,15.54,15.78,15.42,15.49,11.83,37200600
2021-09-29,B3SA3,12.92,13.02,12.66,12.75,10.62,44155500
2021-09-29,BBDC4,18.76,19.13,18.6,18.91,13.15,63995360
2021-09-29,ITUB4,25.29,25.57,25.06,25.51,18.57,59439332
2021-09-29,MGLU3,127.38,129.25,123.55,124.18,119.43,4687319
2021-09-29,PETR4,27.21,27.53,26.82,27.39,8.35,58731700
2021-09-29,VALE3,75.77,76.8,74.85,75.8,50.13,39704900
2021-09-29,WEGE3,41.0,41.0,39.51,39.87,35.71,7602400
2021-09-30,ABEV3,15.55,15.57,15.29,15.3,11.69,39267900
2021-09-30,B3SA3,12.67,13.0,12.56,12.74,10.62,41870800
2021-09-30,BBDC4,19.12,19.22,18.78,18.94,13.17,77271700
2021-09-30,ITUB4,25.68,25.8,25.33,25.53,18.58,47356794
2021-09-30,MGLU3,124.53,131.03,124.0,127.74,122.85,6210752
2021-09-30,PETR4,27.53,27.58,27.17,27.23,8.31,65744000
2021-09-30,VALE3,77.4,78.34,75.73,76.24,50.42,39151000
2021-09-30,WEGE3,39.7,39.93,38.91,39.63,35.49,7873300
2021-10-01,ABEV3,15.41,15.46,15.05,15.27,11.67,24130000
2021-10-01,B3SA3,12.81,13.39,12.8,13.23,11.02,59150700
2021-10-01,BBDC4,19.01,19.51,18.96,19.41,13.5,46504920
2021-10-01,ITUB4,25.7,26.36,25.54,26.19,19.07,48506222
2021-10-01,MGLU3,128.27,131.03,125.33,129.61,124.65,3639916
2021-10-01,PETR4,27.12,28.0,27.07,28.0,8.54,60983200
2021-10-01,VALE3,76.75,77.31,75.68,76.2,50.39,23191700
2021-10-01,WEGE3,39.78,40.59,39.26,40.17,35.98,5930200
2021-10-04,ABEV3,15.08,15.23,14.81,15.04,11.49,29169100
2021-10-04,B3SA3,13.11,13.12,12.33,12.4,10.33,56757200
2021-10-04,BBDC4,19.21,19.24,18.7,18.85,13.12,42585840
2021-10-04,ITUB4,21.84,21.9,21.04,21.48,15.64,66781965
2021-10-04,MGLU3,126.94,127.2,120.52,122.13,117.46,6068978
2021-10-04,PETR4,27.76,28.81,27.72,28.79,8.78,106937000
2021-10-04,VALE3,76.59,77.0,75.44,75.49,49.92,25090000
2021-10-04,WEGE3,39.89,39.98,38.3,38.78,34.73,9377000
2021-10-05,ABEV3,15.07,15.33,14.88,15.18,11.6,22871800
2021-10-05,B3SA3,12.57,12.58,12.15,12.15,10.12,30677800
2021-10-05,BBDC4,19.04,19.4,18.8,19.16,13.34,35939200
2021-10-05,ITUB4,21.71,22.4,21.48,22.0,16.02,55746545
2021-10-05,MGLU3,122.93,125.87,120.61,121.86,117.2,4633501
2021-10-05,PETR4,29.0,29.47,28.9,29.42,8.97,100469100
2021-10-05,VALE3,75.99,76.1,74.95,74.95,49.57,21889400
2021-10-05,WEGE3,38.9,38.93,37.4,37.53,33.61,7446600
2021-10-06,ABEV3,15.05,15.39,15.02,15.1,11.54,36830600
2021-10-06,B3SA3,11.9,12.26,11.72,12.22,10.18,61558800
2021-10-06,BBDC4,18.93,19.36,18.79,19.31,13.44,38029200
2021-10-06,ITUB4,21.67,22.18,21.5,22.07,16.07,44244216
2021-10-06,MGLU3,120.17,130.05,117.14,128.81,123.88,8233667
2021-10-06,PETR4,28.95,29.17,28.47,28.64,8.74,84599400
2021-10-06,VALE3,74.06,77.27,73.92,77.06,50.96,27318400
2021-10-06,WEGE3,37.0,37.71,36.37,37.51,33.59,7941000
2021-10-07,ABEV3,15.13,15.2,15.01,15.08,11.52,19716000
2021-10-07,B3SA3,12.24,12.54,12.17,12.26,10.22,38495700
2021-10-07,BBDC4,19.44,19.62,18.83,18.83,13.1,63955540
2021-10-07,ITUB4,22.18,22.29,21.54,21.61,15.73,43538924
2021-10-07,MGLU3,130.05,132.19,124.71,124.98,120.2,4442512
2021-10-07,PETR4,28.7,28.98,28.25,28.6,8.72,60551100
2021-10-07,VALE3,78.34,80.37,77.71,79.36,52.48,33115300
2021-10-07,WEGE3,37.92,38.14,36.97,37.56,33.64,6626600
2021-10-08,ABEV3,15.17,15.58,15.15,15.36,11.73,23980500
2021-10-08,B3SA3,12.25,12.85,12.25,12.49,10.41,46120200
2021-10-08,BBDC4,19.03,19.46,18.85,18.95,13.19,75912210
2021-10-08,ITUB4,21.77,22.37,21.74,21.77,15.85,55105154
2021-10-08,MGLU3,127.03,136.74,127.03,133.35,128.25,6156351
2021-10-08,PETR4,29.0,29.61,28.71,29.12,8.88,84170500
2021-10-08,VALE3,81.46,81.84,79.59,79.85,52.81,37172600
2021-10-08,WEGE3,38.05,38.97,37.88,38.65,34.61,7309300
2021-10-11,ABEV3,15.31,15.57,15.15,15.24,11.64,20540600
2021-10-11,B3SA3,12.43,12.55,11.95,12.13,10.11,60596300
2021-10-11,BBDC4,19.04,19.12,18.55,18.61,12.95,39408270
2021-10-11,ITUB4,21.69,21.9,21.38,21.39,15.57,48452065
2021-10-11,MGLU3,133.97,134.15,127.83,128.09,123.2,3381840
2021-10-11,PETR4,29.5,29.85,29.15,29.32,8.94,76466700
2021-10-11,VALE3,81.9,83.1,80.74,81.62,53.98,28327900
2021-10-11,WEGE3,38.63,39.0,37.85,38.62,34.59,5608500
2021-10-13,ABEV3,15.2,15.68,15.2,15.51,11.85,22276300
2021-10-13,B3SA3,12.2,12.97,12.1,12.85,10.71,127162500
2021-10-13,BBDC4,18.66,18.7,18.19,18.55,12.91,51281670
2021-10-13,ITUB4,21.45,21.58,20.99,21.41,15.59,47860412
2021-10-13,MGLU3,128.45,130.5,127.29,129.16,124.22,3358007
2021-10-13,PETR4,29.17,29.7,29.08,29.63,9.04,55605400
2021-10-13,VALE3,80.8,80.8,79.17,79.2,52.38,32052800
2021-10-13,WEGE3,38.73,40.88,38.72,40.58,36.34,10157500
2021-10-14,ABEV3,15.54,15.6,15.38,15.49,11.83,11517700
2021-10-14,B3SA3,13.01,13.13,12.66,12.73,10.61,46378200
2021-10-14,BBDC4,18.66,18.66,18.25,18.38,12.79,49092780
2021-10-14,ITUB4,21.56,21.72,21.04,21.31,15.52,41792857
2021-10-14,MGLU3,130.05,130.32,125.6,126.22,121.4,2922324
2021-10-14,PETR4,29.86,30.22,29.5,29.68,9.05,76172700
2021-10-14,VALE3,79.99,80.24,79.13,79.2,52.38,24030000
2021-10-14,WEGE3,40.59,41.15,39.88,40.6,36.36,5601000
2021-10-15,ABEV3,15.51,15.63,15.36,15.53,11.86,19521400
2021-10-15,B3SA3,12.75,13.26,12.73,13.15,10.96,65203700
2021-10-15,BBDC4,18.45,19.41,18.41,19.35,13.46,64975020
2021-10-15,ITUB4,21.38,21.95,21.25,21.85,15.91,59503573
2021-10-15,MGLU3,126.58,130.5,125.6,129.7,124.74,2595252
2021-10-15,PETR4,29.8,29.84,29.51,29.6,9.03,72479900
2021-10-15,VALE3,79.49,80.95,79.3,80.68,53.36,26927200
2021-10-15,WEGE3,40.79,40.95,40.02,40.12,35.93,4586500
2021-10-18,ABEV3,15.4,15.72,15.3,15.62,11.93,16887800
2021-10-18,B3SA3,13.17,13.19,12.85,12.92,10.77,40108700
2021-10-18,BBDC4,19.24,19.79,19.09,19.68,13.7,40842340
2021-10-18,ITUB4,21.69,22.11,21.51,22.0,16.02,32581454
2021-10-18,MGLU3,128.18,128.63,124.89,127.2,122.34,4376301
2021-10-18,PETR4,29.4,29.64,28.99,29.45,8.98,68971300
2021-10-18,VALE3,79.91,80.4,78.48,79.92,52.85,20912800
2021-10-18,WEGE3,39.92,40.83,39.6,40.36,36.15,5671000
2021-10-19,ABEV3,15.25,15.55,15.07,15.14,11.57,21370000
2021-10-19,B3SA3,12.83,12.92,12.36,12.52,10.43,82966200
2021-10-19,BBDC4,19.48,19.48,19.03,19.07,13.27,49452260
2021-10-19,ITUB4,21.8,21.88,21.33,21.48,15.64,47718221
2021-10-19,MGLU3,125.69,127.2,121.06,122.3,117.63,4055022
2021-10-19,PETR4,29.24,29.32,27.86,28.01,8.54,111484000
2021-10-19,VALE3,79.72,80.24,78.81,79.0,52.25,20804500
2021-10-19,WEGE3,39.84,39.99,38.85,39.35,35.24,5855200
2021-10-20,ABEV3,15.3,15.58,15.21,15.41,11.77,19273600
2021-10-20,B3SA3,12.72,13.27,12.67,13.14,10.95,82492500
2021-10-20,BBDC4,19.28,19.76,19.08,19.73,13.73,53331080
2021-10-20,ITUB4,21.67,22.11,21.46,22.06,16.06,42786725
2021-10-20,MGLU3,123.28,123.73,116.96,118.21,113.69,6846810
2021-10-20,PETR4,28.27,28.8,27.95,28.5,8.69,56063300
2021-10-20,VALE3,78.37,78.37,76.28,76.67,50.7,27576600
2021-10-20,WEGE3,39.49,40.68,39.01,40.12,35.93,7935400
2021-10-21,ABEV3,15.0,15.28,14.85,15.14,11.57,23499300
2021-10-21,B3SA3,12.85,13.19,12.64,13.01,10.84,90673900
2021-10-21,BBDC4,19.22,19.87,19.02,19.32,13.45,63172340
2021-10-21,ITUB4,21.52,22.2,21.29,21.61,15.73,80104912
2021-10-21,MGLU3,114.82,117.58,109.39,110.55,106.32,7751013
2021-10-21,PETR4,27.86,28.18,26.92,27.45,8.37,101567700
2021-10-21,VALE3,74.5,75.16,72.95,75.16,49.71,37556500
2021-10-21,WEGE3,39.35,40.14,38.41,39.35,35.24,10526100
2021-10-22,ABEV3,14.83,15.23,14.54,15.0,11.46,29599100
2021-10-22,B3SA3,12.95,12.95,12.21,12.62,10.52,75684300
2021-10-22,BBDC4,19.25,19.25,17.92,18.59,12.94,85791750
2021-10-22,ITUB4,21.29,21.42,20.22,20.78,15.13,105874771
2021-10-22,MGLU3,110.01,115.36,105.65,110.64,106.4,7793627
2021-10-22,PETR4,27.1,27.76,25.77,27.18,8.29,138384700
2021-10-22,VALE3,74.67,77.1,74.64,76.08,50.31,35142600
2021-10-22,WEGE3,38.51,39.42,37.4,38.89,34.83,12439500
2021-10-25,ABEV3,15.01,15.44,15.0,15.27,11.67,19933100
2021-10-25,B3SA3,12.65,13.05,12.6,12.89,10.74,33953800
2021-10-25,BBDC4,18.76,19.17,18.69,18.87,13.14,27476570
2021-10-25,ITUB4,20.89,21.45,20.89,21.18,15.43,45016582
2021-10-25,MGLU3,111.26,114.29,109.3,109.92,105.72,3922196
2021-10-25,PETR4,27.76,29.31,27.65,29.04,8.86,135830600
2021-10-25,VALE3,77.2,77.57,76.37,77.0,50.92,17950000
2021-10-25,WEGE3,39.31,40.0,38.91,39.55,35.42,7140900
2021-10-26,ABEV3,15.15,15.32,15.05,15.16,11.58,20648000
2021-10-26,B3SA3,12.65,12.71,12.14,12.15,10.12,52824000
2021-10-26,BBDC4,18.79,18.8,18.41,18.45,12.84,40538850
2021-10-26,ITUB4,20.91,21.17,20.72,20.95,15.26,32568991
2021-10-26,MGLU3,109.48,110.01,104.49,106.72,102.63,4167844
2021-10-26,PETR4,28.8,29.23,28.6,28.76,8.77,57865600
2021-10-26,VALE3,77.01,77.07,76.07,76.18,50.38,16674100
2021-10-26,WEGE3,39.36,39.89,38.89,39.66,35.52,8620500
2021-10-27,ABEV3,15.31,15.71,15.22,15.22,11.63,26056100
2021-10-27,B3SA3,12.15,12.43,12.05,12.12,10.1,42613500
2021-10-27,BBDC4,18.64,19.12,18.58,18.69,13.01,31750950
2021-10-27,ITUB4,21.08,21.57,20.99,21.11,15.37,33442194
2021-10-27,MGLU3,107.52,110.72,102.8,103.33,99.38,4679360
2021-10-27,PETR4,28.83,29.06,28.47,28.69,8.75,57579200
2021-10-27,VALE3,75.98,76.73,74.45,74.45,49.24,20087300
2021-10-27,WEGE3,40.01,40.83,39.13,39.2,35.11,9889100
2021-10-28,ABEV3,16.41,16.87,16.17,16.7,12.76,91395500
2021-10-28,B3SA3,12.0,12.28,11.8,12.04,10.03,33972100
2021-10-28,BBDC4,18.64,18.8,18.32,18.63,12.96,29216880
2021-10-28,ITUB4,20.89,21.17,20.64,21.07,15.34,41697345
2021-10-28,MGLU3,102.35,104.76,98.61,99.32,95.52,4758807
2021-10-28,PETR4,28.53,29.25,28.25,28.96,8.83,89578000
2021-10-28,VALE3,74.45,74.68,73.55,73.7,48.74,22719000
2021-10-28,WEGE3,38.99,39.12,37.52,37.83,33.88,8346500
2021-10-29,ABEV3,16.73,17.22,16.7,16.99,12.98,44577500
2021-10-29,B3SA3,12.2,12.31,11.85,11.91,9.92,25194500
2021-10-29,BBDC4,18.73,18.75,18.09,18.09,12.59,30768100
2021-10-29,ITUB4,21.13,21.31,20.56,20.57,14.98,39933604
2021-10-29,MGLU3,100.12,101.19,95.58,96.29,92.61,4666719
2021-10-29,PETR4,29.13,29.19,26.97,27.15,8.28,157340000
2021-10-29,VALE3,73.02,73.16,71.02,71.61,47.36,30268500
2021-10-29,WEGE3,38.07,38.08,36.78,37.0,33.14,6366500
2021-11-01,ABEV3,17.13,17.54,16.97,17.36,13.26,39314900
2021-11-01,B3SA3,11.95,12.15,11.87,11.98,9.98,23616800
2021-11-01,BBDC4,18.4,18.85,18.26,18.72,13.03,30642040
2021-11-01,ITUB4,20.93,21.51,20.87,21.38,15.58,40188416
2021-11-01,MGLU3,96.83,101.82,96.74,100.66,96.81,3514768
2021-11-01,PETR4,27.71,28.32,27.37,28.0,8.54,102157200
2021-11-01,VALE3,72.0,72.86,71.15,72.32,47.83,19649600
2021-11-01,WEGE3,37.51,37.68,36.6,36.96,33.1,5526100
2021-11-03,ABEV3,17.2,18.1,17.2,17.83,13.62,42222400
2021-11-03,B3SA3,11.96,12.15,11.63,12.0,10.0,60895800
2021-11-03,BBDC4,18.54,18.92,18.37,18.55,12.92,50494950
2021-11-03,ITUB4,21.19,21.95,21.19,21.58,15.73,70258916
2021-11-03,MGLU3,99.68,103.95,97.9,102.89,98.95,5350387
2021-11-03,PETR4,27.71,27.85,26.8,26.85,8.19,83475800
2021-11-03,VALE3,70.6,70.9,66.61,66.83,44.2,77316900
2021-11-03,WEGE3,36.71,38.04,36.45,37.68,33.75,9360300
2021-11-04,ABEV3,17.82,17.98,17.65,17.88,13.66,19997300
2021-11-04,B3SA3,11.92,12.02,11.77,11.94,9.95,25384000
2021-11-04,BBDC4,18.65,18.73,17.32,17.32,12.06,78727770
2021-11-04,ITUB4,21.61,21.83,20.32,20.44,14.9,81180809
2021-11-04,MGLU3,102.44,105.29,97.36,98.7,94.92,3829468
2021-11-04,PETR4,27.02,27.24,25.85,26.0,7.93,92603400
2021-11-04,VALE3,66.89,67.62,65.62,66.07,43.69,30122100
2021-11-04,WEGE3,37.68,37.9,36.92,37.72,33.78,5138400
2021-11-05,ABEV3,17.98,18.12,17.83,17.9,13.68,19208500
2021-11-05,B3SA3,12.08,12.48,12.02,12.37,10.31,34580400
2021-11-05,BBDC4,18.09,18.55,17.83,18.17,12.66,118130540
2021-11-05,ITUB4,20.74,20.79,19.89,20.19,14.72,126468405
2021-11-05,MGLU3,99.95,112.42,99.41,110.81,106.58,7436852
2021-11-05,PETR4,26.29,26.54,25.78,25.85,7.88,86264000
2021-11-05,VALE3,66.43,66.66,64.0,64.11,42.4,35954600
2021-11-05,WEGE3,37.92,38.35,37.52,37.68,33.75,4935300
2021-11-08,ABEV3,17.82,18.03,17.67,17.74,13.55,16697000
2021-11-08,B3SA3,12.26,12.3,12.07,12.24,10.2,19849400
2021-11-08,BBDC4,18.0,18.52,17.75,17.75,12.37,56784310
2021-11-08,ITUB4,20.12,20.46,19.97,20.09,14.64,37621718
2021-11-08,MGLU3,109.66,112.77,105.74,106.27,102.21,5296704
2021-11-08,PETR4,25.81,26.66,25.72,26.12,7.97,59704100
2021-11-08,VALE3,64.4,68.15,64.33,67.6,44.71,27722000
2021-11-08,WEGE3,37.43,37.55,36.97,37.1,33.23,4916300
2021-11-09,ABEV3,17.7,18.09,17.7,17.89,13.67,23812900
2021-11-09,B3SA3,12.28,12.8,12.22,12.64,10.53,32675500
2021-11-09,BBDC4,17.86,18.21,17.49,17.55,12.23,66943360
2021-11-09,ITUB4,20.18,20.47,19.75,19.89,14.49,49238027
2021-11-09,MGLU3,107.34,122.93,107.34,116.96,112.49,7551358
2021-11-09,PETR4,26.2,26.95,26.2,26.64,8.13,73021700
2021-11-09,VALE3,67.25,67.3,65.23,65.94,43.61,20961500
2021-11-09,WEGE3,36.85,37.58,35.82,36.79,32.95,6209000
2021-11-10,ABEV3,17.83,18.07,17.69,17.75,13.56,20848100
2021-11-10,B3SA3,12.56,12.88,12.5,12.67,10.56,41159000
2021-11-10,BBDC4,17.55,18.95,17.52,18.54,12.91,96874910
2021-11-10,ITUB4,19.89,20.77,19.79,20.39,14.86,54292566
2021-11-10,MGLU3,117.58,120.61,114.2,115.98,111.54,6823482
2021-11-10,PETR4,26.6,26.93,26.16,26.43,8.06,68176300
2021-11-10,VALE3,64.61,66.28,64.4,65.69,43.44,22492600
2021-11-10,WEGE3,36.73,37.11,36.17,36.28,32.49,6490400
2021-11-11,ABEV3,17.93,17.94,17.6,17.61,13.45,24597200
2021-11-11,B3SA3,12.85,13.21,12.83,13.15,10.96,48066000
2021-11-11,BBDC4,18.85,18.96,18.49,18.63,12.98,39270990
2021-11-11,ITUB4,20.68,20.71,20.14,20.34,14.83,44943164
2021-11-11,MGLU3,118.47,127.03,116.87,121.59,116.94,7382271
2021-11-11,PETR4,26.88,26.88,26.24,26.45,8.07,60848900
2021-11-11,VALE3,68.46,69.26,67.6,68.01,44.98,28795100
2021-11-11,WEGE3,36.57,37.11,36.43,36.5,32.69,6100600
2021-11-12,ABEV3,17.6,17.92,17.35,17.51,13.38,39208600
2021-11-12,B3SA3,13.19,13.29,12.89,13.05,10.87,37965000
2021-11-12,BBDC4,18.84,18.95,18.37,18.81,13.1,46733060
2021-11-12,ITUB4,20.33,20.65,20.09,20.3,14.79,41650213
2021-11-12,MGLU3,112.68,113.84,99.32,99.32,95.52,16022142
2021-11-12,PETR4,26.31,27.16,26.0,26.99,8.23,85962500
2021-11-12,VALE3,67.18,69.59,67.01,68.3,45.17,24542500
2021-11-12,WEGE3,36.25,36.85,35.64,35.65,31.93,6540200
2021-11-16,ABEV3,17.62,17.69,17.44,17.51,13.38,21469300
2021-11-16,B3SA3,12.96,13.39,12.67,12.75,10.62,45374400
2021-11-16,BBDC4,18.83,19.08,18.53,18.78,13.08,41142090
2021-11-16,ITUB4,20.37,20.66,19.91,20.09,14.64,28013991
2021-11-16,MGLU3,99.68,101.55,86.76,86.76,83.44,15832174
2021-11-16,PETR4,27.26,27.56,26.63,27.27,8.32,60978200
2021-11-16,VALE3,68.0,68.07,66.19,66.33,43.87,17207900
2021-11-16,WEGE3,35.78,36.07,35.26,35.38,31.69,6011000
2021-11-17,ABEV3,17.65,17.66,17.33,17.54,13.4,18502600
2021-11-17,B3SA3,12.87,13.02,12.4,12.66,10.55,54681400
2021-11-17,BBDC4,18.92,19.09,18.69,18.86,13.14,43446370
2021-11-17,ITUB4,20.24,20.46,20.0,20.17,14.7,33810419
2021-11-17,MGLU3,88.28,90.33,81.86,82.58,79.42,14817574
2021-11-17,PETR4,27.39,27.44,26.49,26.58,8.11,82106800
2021-11-17,VALE3,66.99,67.71,65.0,65.0,42.99,25487600
2021-11-17,WEGE3,35.8,36.04,34.9,35.77,32.03,6058200
2021-11-18,ABEV3,17.47,17.74,17.43,17.6,13.45,17200900
2021-11-18,B3SA3,12.76,12.86,12.31,12.47,10.39,40061500
2021-11-18,BBDC4,18.9,18.95,18.18,18.68,13.01,61360750
2021-11-18,ITUB4,20.13,20.27,19.59,19.83,14.45,37668284
2021-11-18,MGLU3,83.38,85.52,80.08,80.08,77.02,8604969
2021-11-18,PETR4,26.69,26.75,26.05,26.54,8.1,63993000
2021-11-18,VALE3,64.21,64.65,61.85,62.33,41.22,51343900
2021-11-18,WEGE3,35.97,36.4,35.59,35.92,32.17,4434200
2021-11-19,ABEV3,17.55,17.72,17.36,17.39,13.29,22010000
2021-11-19,B3SA3,12.56,12.75,12.36,12.47,10.39,37670500
2021-11-19,BBDC4,18.58,18.8,18.37,18.66,13.0,43549440
2021-11-19,ITUB4,19.77,19.84,19.5,19.66,14.33,32752424
2021-11-19,MGLU3,80.62,87.92,79.64,82.58,79.42,10527264
2021-11-19,PETR4,26.1,26.28,25.78,26.1,7.96,85893800
2021-11-19,VALE3,63.27,64.8,62.81,64.03,42.35,26849500
2021-11-19,WEGE3,35.88,36.07,35.51,35.79,32.05,4636600
2021-11-22,ABEV3,17.45,17.6,17.26,17.32,13.23,26964000
2021-11-22,B3SA3,12.53,12.69,12.03,12.1,10.08,21141000
2021-11-22,BBDC4,18.73,18.95,18.34,18.35,12.78,41808360
2021-11-22,ITUB4,19.43,19.84,19.31,19.48,14.37,31671315
2021-11-22,MGLU3,83.73,86.23,78.48,78.75,75.73,7636642
2021-11-22,PETR4,26.3,27.13,26.29,26.36,8.04,59195200
2021-11-22,VALE3,65.55,69.02,65.15,67.59,44.7,44693500
2021-11-22,WEGE3,35.9,36.08,34.51,34.67,31.05,5763500
2021-11-23,ABEV3,17.32,17.45,17.09,17.2,13.14,29394600
2021-11-23,B3SA3,12.15,12.19,11.71,11.98,9.98,44404300
2021-11-23,BBDC4,18.52,18.7,18.09,18.7,13.03,41310170
2021-11-23,ITUB4,19.64,19.81,19.34,19.81,14.61,43766770
2021-11-23,MGLU3,80.17,80.62,75.45,76.61,73.68,9538337
2021-11-23,PETR4,26.61,28.05,26.5,27.8,8.48,108382300
2021-11-23,VALE3,70.61,71.97,69.21,69.37,45.88,30391600
2021-11-23,WEGE3,34.75,34.8,33.52,34.16,30.59,8878900
2021-11-24,ABEV3,17.06,17.3,16.98,17.1,13.06,18485100
2021-11-24,B3SA3,11.82,12.27,11.68,12.19,10.16,24597700
2021-11-24,BBDC4,18.45,19.25,18.4,19.18,13.36,37099150
2021-11-24,ITUB4,19.6,20.45,19.54,20.34,15.0,52266989
2021-11-24,MGLU3,75.72,80.26,75.27,78.57,75.56,8873260
2021-11-24,PETR4,27.78,28.44,27.51,28.37,8.65,64263300
2021-11-24,VALE3,70.11,70.98,69.51,70.98,46.94,20764100
2021-11-24,WEGE3,33.68,34.03,33.37,33.53,30.03,6562700
2021-11-25,ABEV3,17.09,17.32,17.0,17.23,13.16,12150300
2021-11-25,B3SA3,12.19,12.47,12.17,12.37,10.31,14066600
2021-11-25,BBDC4,19.25,19.55,19.13,19.34,13.47,17497370
2021-11-25,ITUB4,20.39,20.73,20.34,20.52,15.13,20130804
2021-11-25,MGLU3,78.75,80.53,76.7,77.5,74.53,6598164
2021-11-25,PETR4,29.05,29.79,28.56,29.62,9.03,104052200
2021-11-25,VALE3,71.29,71.29,69.8,70.5,46.62,17199200
2021-11-25,WEGE3,33.53,34.32,33.42,33.8,30.27,4754200
2021-11-26,ABEV3,16.9,17.07,16.58,16.69,12.75,21060500
2021-11-26,B3SA3,12.0,12.06,11.7,11.78,9.82,20776900
2021-11-26,BBDC4,18.78,18.88,18.36,18.56,12.93,43187100
2021-11-26,ITUB4,20.09,20.26,19.84,20.13,14.85,36577772
2021-11-26,MGLU3,75.54,76.34,71.53,71.8,69.05,7124531
2021-11-26,PETR4,28.39,29.16,28.07,28.47,8.68,108871800
2021-11-26,VALE3,67.5,69.36,67.5,68.64,45.39,22664200
2021-11-26,WEGE3,33.26,33.4,32.19,32.69,29.28,6526100
2021-11-29,ABEV3,16.77,16.88,16.25,16.34,12.48,25888500
2021-11-29,B3SA3,11.85,11.88,11.21,11.5,9.58,54291200
2021-11-29,BBDC4,18.86,18.89,18.43,18.43,12.84,30746980
2021-11-29,ITUB4,20.36,20.47,19.95,20.0,14.75,38197962
2021-11-29,MGLU3,72.96,75.45,71.08,71.62,68.88,9569018
2021-11-29,PETR4,29.36,29.82,28.81,29.47,8.99,84672200
2021-11-29,VALE3,70.28,70.6,69.16,69.5,45.96,18164000
2021-11-29,WEGE3,33.06,33.08,32.4,32.41,29.03,5887300
2021-11-30,ABEV3,16.34,16.35,15.97,16.06,12.27,54414600
2021-11-30,B3SA3,11.43,11.49,10.96,11.11,9.26,63350400
2021-11-30,BBDC4,18.4,18.51,17.91,18.1,12.61,65055100
2021-11-30,ITUB4,20.02,20.08,19.46,19.75,14.57,69161379
2021-11-30,MGLU3,71.17,72.24,67.7,69.48,66.82,10526377
2021-11-30,PETR4,29.3,29.64,28.86,29.43,8.98,129384600
2021-11-30,VALE3,69.0,71.45,68.69,69.95,46.26,42668700
2021-11-30,WEGE3,32.29,32.51,31.58,32.23,28.86,18230300
2021-12-01,ABEV3,16.09,16.2,15.64,15.86,12.12,35109400
2021-12-01,B3SA3,11.29,11.51,10.99,11.01,9.17,34282100
2021-12-01,BBDC4,18.37,18.69,18.01,18.03,12.56,42846430
2021-12-01,ITUB4,19.91,20.23,19.59,19.61,14.48,27021256
2021-12-01,MGLU3,71.71,72.15,61.29,61.29,58.94,15742905
2021-12-01,PETR4,29.84,30.67,29.48,29.6,9.03,135078600
2021-12-01,VALE3,71.3,71.95,69.97,70.23,46.45,28194700
2021-12-01,WEGE3,32.58,33.27,32.39,32.49,29.1,10971100
2021-12-02,ABEV3,15.99,16.18,15.73,16.01,12.23,33321600
2021-12-02,B3SA3,11.28,11.61,11.17,11.46,9.55,39238000
2021-12-02,BBDC4,18.35,18.98,18.23,18.93,13.2,64814970
2021-12-02,ITUB4,19.81,20.44,19.72,20.35,15.02,35524082
2021-12-02,MGLU3,61.91,64.05,57.46,60.22,57.91,19517691
2021-12-02,PETR4,26.99,28.49,26.2,28.36,9.72,191410300
2021-12-02,VALE3,70.97,73.56,70.11,73.49,48.6,24888400
2021-12-02,WEGE3,33.01,33.77,32.16,32.72,29.3,8249600
2021-12-03,ABEV3,16.01,16.21,15.83,16.0,12.22,26061600
2021-12-03,B3SA3,11.45,11.88,11.42,11.63,9.69,32305400
2021-12-03,BBDC4,18.91,19.35,18.76,18.87,13.16,41316880
2021-12-03,ITUB4,20.27,20.83,20.14,20.28,14.97,40226598
2021-12-03,MGLU3,60.4,64.85,59.86,62.8,60.4,15910633
2021-12-03,PETR4,28.48,28.94,28.22,28.76,9.85,105133000
2021-12-03,VALE3,73.09,74.34,71.0,71.87,47.53,34451500
2021-12-03,WEGE3,32.79,33.48,32.4,32.78,29.36,8404300
2021-12-06,ABEV3,16.04,16.34,15.95,16.08,12.28,16844300
2021-12-06,B3SA3,11.75,12.02,11.64,11.78,9.82,33061100
2021-12-06,BBDC4,19.04,19.77,18.88,19.27,13.44,46710070
2021-12-06,ITUB4,20.39,20.98,20.3,20.52,15.15,42204929
2021-12-06,MGLU3,63.69,66.27,63.25,65.03,62.54,9498799
2021-12-06,PETR4,28.78,29.27,28.68,28.89,9.9,66142300
2021-12-06,VALE3,72.87,75.99,71.96,75.77,50.11,28848800
2021-12-06,WEGE3,32.88,33.25,32.76,33.01,29.56,6809000
2021-12-07,ABEV3,16.19,16.34,16.05,16.1,12.3,27590900
2021-12-07,B3SA3,12.01,12.32,11.91,12.05,10.04,37919100
2021-12-07,BBDC4,19.64,19.64,18.89,19.05,13.28,47259850
2021-12-07,ITUB4,20.85,20.86,20.12,20.26,14.96,34780267
2021-12-07,MGLU3,66.72,68.77,65.65,67.88,65.28,9571218
2021-12-07,PETR4,29.28,29.57,28.8,29.36,10.06,98989300
2021-12-07,VALE3,78.28,79.81,76.1,76.33,50.48,37125100
2021-12-07,WEGE3,33.32,34.56,33.25,34.56,30.95,12047300
2021-12-08,ABEV3,16.12,16.34,15.92,16.08,12.28,23395200
2021-12-08,B3SA3,12.07,12.27,11.94,12.12,10.1,38567900
2021-12-08,BBDC4,19.21,19.21,18.57,18.93,13.2,35081420
2021-12-08,ITUB4,20.38,20.42,19.81,20.07,14.81,42979561
2021-12-08,MGLU3,67.34,67.43,59.06,60.66,58.34,28697064
2021-12-08,PETR4,29.36,30.07,29.22,29.35,10.06,71167700
2021-12-08,VALE3,76.99,76.99,74.98,75.76,50.1,24281000
2021-12-08,WEGE3,34.68,36.11,34.21,36.04,32.28,11021000
2021-12-09,ABEV3,16.1,16.11,15.69,15.81,12.08,19725400
2021-12-09,B3SA3,12.03,12.09,11.62,11.71,9.76,33872800
2021-12-09,BBDC4,18.81,18.81,18.33,18.45,12.86,28753890
2021-12-09,ITUB4,20.11,20.11,19.37,19.53,14.42,31683098
2021-12-09,MGLU3,60.22,60.22,55.32,55.94,53.8,28944307
2021-12-09,PETR4,29.1,29.49,28.79,29.29,10.04,67668200
2021-12-09,VALE3,74.89,75.95,74.45,75.18,49.72,16925200
2021-12-09,WEGE3,35.75,37.11,35.33,36.5,32.69,16902100
2021-12-10,ABEV3,16.25,16.28,15.87,15.95,12.19,15656500
2021-12-10,B3SA3,12.0,12.62,11.95,12.38,10.32,41867200
2021-12-10,BBDC4,18.56,18.65,18.16,18.37,12.81,30212710
2021-12-10,ITUB4,19.66,19.8,19.3,19.56,14.44,23448341
2021-12-10,MGLU3,57.28,57.99,53.54,56.74,54.57,23482760
2021-12-10,PETR4,29.5,30.1,29.48,29.65,10.16,38517500
2021-12-10,VALE3,75.5,76.2,74.84,75.65,50.03,16827100
2021-12-10,WEGE3,36.84,37.09,35.65,35.8,32.06,5805900
2021-12-13,ABEV3,16.05,16.18,15.9,16.01,12.23,29400400
2021-12-13,B3SA3,12.44,12.48,12.15,12.15,10.12,33946900
2021-12-13,BBDC4,18.45,18.67,18.04,18.04,12.58,33137500
2021-12-13,ITUB4,19.59,19.79,19.04,19.04,14.05,54986869
2021-12-13,MGLU3,56.83,59.86,53.89,53.89,51.83,28688319
2021-12-13,PETR4,29.67,30.05,29.29,29.47,10.1,45448700
2021-12-13,VALE3,77.5,78.73,77.39,77.86,51.49,31699100
2021-12-13,WEGE3,35.81,36.56,35.43,35.6,31.88,7824400
2021-12-14,ABEV3,16.02,16.45,16.02,16.17,12.35,36628700
2021-12-14,B3SA3,12.33,12.44,12.03,12.1,10.08,27329200
2021-12-14,BBDC4,18.26,18.77,18.23,18.31,12.77,45201860
2021-12-14,ITUB4,19.21,19.56,19.14,19.22,14.19,35664007
2021-12-14,MGLU3,54.78,55.23,51.04,51.13,49.18,16019167
2021-12-14,PETR4,29.61,29.85,29.01,29.12,9.98,56833800
2021-12-14,VALE3,78.52,78.89,77.23,77.85,51.49,21063500
2021-12-14,WEGE3,36.41,36.45,35.12,35.29,31.61,5036100
2021-12-15,ABEV3,16.26,16.26,15.94,16.08,12.28,21743100
2021-12-15,B3SA3,12.24,12.24,11.88,12.06,10.05,67091300
2021-12-15,BBDC4,18.32,18.45,18.0,18.31,12.77,44282040
2021-12-15,ITUB4,19.34,19.39,18.87,19.16,14.14,35939779
2021-12-15,MGLU3,50.86,55.58,50.06,54.96,52.86,17176159
2021-12-15,PETR4,29.1,29.3,28.59,29.3,10.04,55085100
2021-12-15,VALE3,78.08,78.18,76.2,77.41,51.19,22112200
2021-12-15,WEGE3,35.29,35.69,34.82,35.61,31.89,5620600
2021-12-16,ABEV3,16.19,16.29,16.02,16.1,12.3,21380800
2021-12-16,B3SA3,12.12,12.54,11.99,12.07,10.06,45439000
2021-12-16,BBDC4,18.47,18.58,18.18,18.54,12.93,39404310
2021-12-16,ITUB4,19.33,19.38,19.04,19.36,14.29,28503900
2021-12-16,MGLU3,55.94,57.99,54.61,57.01,54.83,16826018
2021-12-16,PETR4,29.62,29.98,29.5,29.69,10.17,56545700
2021-12-16,VALE3,79.0,80.46,78.46,80.44,53.2,30125700
2021-12-16,WEGE3,35.92,36.29,35.32,35.6,31.88,6482000
2021-12-17,ABEV3,16.01,16.25,16.01,16.07,12.28,32774400
2021-12-17,B3SA3,11.95,12.4,11.9,12.31,10.26,53507900
2021-12-17,BBDC4,18.35,18.51,17.99,18.02,12.56,62958720
2021-12-17,ITUB4,19.09,19.29,18.82,18.93,13.97,39972240
2021-12-17,MGLU3,55.14,59.95,53.98,59.33,57.06,16454525
2021-12-17,PETR4,29.32,29.64,28.78,28.99,9.93,93593700
2021-12-17,VALE3,79.9,80.67,79.07,79.17,52.36,38744500
2021-12-17,WEGE3,35.47,35.57,34.62,34.85,31.21,8382200
2021-12-20,ABEV3,15.5,15.55,15.24,15.42,12.24,17585900
2021-12-20,B3SA3,12.06,12.12,11.65,11.88,9.9,27057700
2021-12-20,BBDC4,17.87,17.94,17.44,17.65,12.3,49098940
2021-12-20,ITUB4,18.96,18.97,18.46,18.64,13.76,25313939
2021-12-20,MGLU3,57.19,59.86,55.58,56.39,54.23,10420257
2021-12-20,PETR4,28.44,28.55,27.68,28.16,9.65,106282500
2021-12-20,VALE3,78.0,78.9,77.28,78.28,51.77,19195400
2021-12-20,WEGE3,34.01,34.3,33.48,34.01,30.49,4157000
2021-12-21,ABEV3,15.45,15.55,15.32,15.4,12.22,18636200
2021-12-21,B3SA3,11.83,11.86,11.28,11.37,9.59,27019000
2021-12-21,BBDC4,17.55,17.76,17.33,17.35,12.25,24044790
2021-12-21,ITUB4,18.7,18.81,18.56,18.67,13.78,28202409
2021-12-21,MGLU3,57.19,58.88,55.41,57.19,55.0,12581106
2021-12-21,PETR4,28.55,28.72,28.12,28.2,9.66,40454500
2021-12-21,VALE3,79.8,80.39,79.15,80.34,53.13,19590300
2021-12-21,WEGE3,34.02,34.23,33.71,33.92,30.41,3300100
2021-12-22,ABEV3,15.41,15.51,15.25,15.39,12.22,11675500
2021-12-22,B3SA3,11.39,11.67,11.33,11.5,9.7,25447000
2021-12-22,BBDC4,17.45,17.47,17.22,17.44,12.31,33019030
2021-12-22,ITUB4,18.74,18.81,18.51,18.74,13.83,20497442
2021-12-22,MGLU3,57.19,58.88,54.69,54.87,52.77,9578964
2021-12-22,PETR4,28.4,28.4,27.97,28.16,9.65,33734500
2021-12-22,VALE3,79.89,80.15,78.58,79.92,52.85,18655600
2021-12-22,WEGE3,34.19,34.19,33.36,33.67,30.18,2736900
2021-12-23,ABEV3,15.4,15.67,15.34,15.55,12.34,10634700
2021-12-23,B3SA3,11.51,11.53,11.3,11.38,9.6,38242300
2021-12-23,BBDC4,17.5,17.75,17.32,17.49,12.35,29967190
2021-12-23,ITUB4,18.83,19.04,18.68,18.83,13.9,25353141
2021-12-23,MGLU3,55.41,56.48,53.36,55.23,53.12,10901193
2021-12-23,PETR4,28.33,28.42,28.15,28.33,9.71,28713600
2021-12-23,VALE3,79.95,80.06,78.8,79.15,52.34,13121200
2021-12-23,WEGE3,33.89,33.91,33.17,33.47,30.0,2166400
2021-12-27,ABEV3,15.55,15.65,15.48,15.53,12.33,8437200
2021-12-27,B3SA3,11.5,11.55,11.19,11.31,9.54,26053300
2021-12-27,BBDC4,17.62,17.78,17.43,17.69,12.49,22208010
2021-12-27,ITUB4,18.96,19.15,18.81,19.03,14.05,15891231
2021-12-27,MGLU3,55.5,60.4,55.5,60.4,58.09,13951730
2021-12-27,PETR4,28.32,28.78,28.15,28.75,9.85,44227900
2021-12-27,VALE3,78.87,79.45,78.26,78.95,52.21,11371400
2021-12-27,WEGE3,33.47,33.94,33.1,33.17,29.73,4457200
2021-12-28,ABEV3,15.54,15.57,15.4,15.52,12.32,7701300
2021-12-28,B3SA3,11.33,11.33,11.1,11.16,9.42,15521100
2021-12-28,BBDC4,17.74,17.78,17.54,17.63,12.44,19267820
2021-12-28,ITUB4,19.09,19.15,18.89,18.96,13.99,17328328
2021-12-28,MGLU3,60.48,62.0,59.15,60.84,58.51,18587432
2021-12-28,PETR4,29.01,29.28,28.7,28.78,9.86,30688100
2021-12-28,VALE3,78.51,78.53,76.57,77.05,50.96,18923700
2021-12-28,WEGE3,33.21,33.77,32.94,33.29,29.84,3670800
2021-12-29,ABEV3,15.55,15.56,15.34,15.45,12.26,8847300
2021-12-29,B3SA3,11.18,11.24,10.99,11.08,9.35,13617300
2021-12-29,BBDC4,17.68,17.71,17.43,17.55,12.39,15056580
2021-12-29,ITUB4,19.0,19.05,18.74,18.8,13.88,14565961
2021-12-29,MGLU3,60.93,61.46,59.68,60.22,57.91,8896364
2021-12-29,PETR4,28.7,28.9,28.42,28.54,9.78,35508400
2021-12-29,VALE3,76.38,77.98,76.35,77.25,51.09,12113500
2021-12-29,WEGE3,33.4,33.4,32.45,32.74,29.35,3091700
2021-12-30,ABEV3,15.58,15.59,15.39,15.42,12.24,11819300
2021-12-30,B3SA3,11.15,11.29,11.05,11.14,9.4,17778000
2021-12-30,BBDC4,17.63,17.64,17.25,17.46,12.33,36097050
2021-12-30,ITUB4,18.92,18.92,18.49,18.49,13.65,45316940
2021-12-30,MGLU3,60.57,66.01,60.31,64.31,61.85,20243894
2021-12-30,PETR4,28.55,28.7,28.39,28.45,9.75,43229100
2021-12-30,VALE3,77.99,78.98,77.61,77.96,51.56,26568500
2021-12-30,WEGE3,32.92,33.52,32.73,32.98,29.56,4858300
2022-01-03,ABEV3,15.42,15.54,15.15,15.33,12.17,23833600
2022-01-03,B3SA3,11.19,11.41,10.71,10.72,9.09,31212300
2022-01-03,BBDC4,17.65,18.11,17.59,17.9,12.64,35620970
2022-01-03,ITUB4,18.68,19.25,18.61,18.98,14.02,37222335
2022-01-03,MGLU3,66.01,66.01,59.42,59.86,57.57,16327412
2022-01-03,PETR4,28.54,29.22,28.53,29.09,9.97,52704700
2022-01-03,VALE3,79.0,79.97,78.0,78.0,51.58,18557200
2022-01-03,WEGE3,32.72,33.48,32.02,32.02,28.7,5475700
2022-01-04,ABEV3,15.32,15.4,15.04,15.31,12.15,16357700
2022-01-04,B3SA3,10.76,11.01,10.62,10.95,9.28,42526400
2022-01-04,BBDC4,17.89,18.11,17.79,18.0,12.72,110060060
2022-01-04,ITUB4,19.08,19.58,18.91,19.52,14.42,49793763
2022-01-04,MGLU3,60.4,61.82,57.46,58.88,56.63,10635068
2022-01-04,PETR4,29.16,29.4,28.91,29.2,10.01,51739200
2022-01-04,VALE3,78.51,79.07,76.9,77.08,50.98,18178700
2022-01-04,WEGE3,32.22,32.33,31.75,31.86,28.56,4485400
2022-01-05,ABEV3,15.25,15.29,14.96,15.01,11.91,24652000
2022-01-05,B3SA3,10.87,10.93,10.62,10.72,9.09,29393700
2022-01-05,BBDC4,17.95,18.11,17.7,17.87,12.63,45808070
2022-01-05,ITUB4,19.5,19.61,19.0,19.15,14.15,35851405
2022-01-05,MGLU3,58.08,59.95,56.74,57.19,55.0,10402958
2022-01-05,PETR4,29.19,29.27,27.94,28.07,9.62,78459800
2022-01-05,VALE3,77.37,78.68,77.13,77.81,51.46,22039000
2022-01-05,WEGE3,31.76,31.76,30.1,30.18,27.05,8402200
2022-01-06,ABEV3,15.04,15.06,14.66,14.77,11.72,20406300
2022-01-06,B3SA3,10.6,10.98,10.58,10.98,9.31,55641200
2022-01-06,BBDC4,17.81,18.17,17.77,18.13,12.81,36651120
2022-01-06,ITUB4,19.1,19.63,18.99,19.54,14.44,40624734
2022-01-06,MGLU3,57.54,58.17,54.61,55.67,53.54,10830985
2022-01-06,PETR4,28.29,28.65,27.84,28.05,9.61,61163100
2022-01-06,VALE3,78.64,80.35,78.31,79.38,52.5,22044100
2022-01-06,WEGE3,30.22,30.98,29.96,30.17,27.04,6043900
2022-01-07,ABEV3,14.8,14.8,14.45,14.53,11.53,19673600
2022-01-07,B3SA3,10.91,11.26,10.88,11.24,9.53,40712800
2022-01-07,BBDC4,18.15,18.39,17.75,18.39,13.0,84778540
2022-01-07,ITUB4,19.5,19.99,19.31,19.97,14.75,48590177
2022-01-07,MGLU3,55.85,59.06,54.43,55.41,53.29,14895741
2022-01-07,PETR4,28.11,28.29,27.82,28.18,9.66,47507600
2022-01-07,VALE3,80.4,84.0,79.79,84.0,55.55,35213100
2022-01-07,WEGE3,30.22,30.33,29.3,29.41,26.36,6155500
2022-01-10,ABEV3,14.44,14.73,14.35,14.65,11.63,16375000
2022-01-10,B3SA3,11.1,11.25,10.97,11.18,9.48,24753100
2022-01-10,BBDC4,18.23,18.56,18.14,18.45,13.04,51092910
2022-01-10,ITUB4,19.92,20.19,19.69,20.16,14.89,47125888
2022-01-10,MGLU3,54.69,54.78,51.13,51.13,49.18,12840877
2022-01-10,PETR4,27.99,28.24,27.72,28.01,9.6,37455200
2022-01-10,VALE3,82.49,84.27,82.3,83.0,54.89,25056700
2022-01-10,WEGE3,29.31,29.45,28.31,28.56,25.6,7796200
2022-01-11,ABEV3,14.61,14.73,14.45,14.68,11.65,20485500
2022-01-11,B3SA3,11.03,11.21,10.85,11.21,9.5,49955600
2022-01-11,BBDC4,18.45,18.57,18.25,18.48,13.06,53026600
2022-01-11,ITUB4,20.11,20.61,20.04,20.61,15.22,63361665
2022-01-11,MGLU3,51.22,53.54,50.95,52.29,50.29,16049196
2022-01-11,PETR4,28.1,29.07,27.85,28.84,9.88,73623800
2022-01-11,VALE3,83.48,85.15,83.31,84.58,55.94,28418800
2022-01-11,WEGE3,28.51,29.07,28.13,29.04,26.03,7274600
2022-01-12,ABEV3,14.64,15.03,14.56,14.88,11.81,31912000
2022-01-12,B3SA3,11.27,11.64,11.14,11.61,9.84,51902800
2022-01-12,BBDC4,18.48,18.64,18.23,18.35,12.96,49113570
2022-01-12,ITUB4,20.53,20.74,20.24,20.52,15.16,47231371
2022-01-12,MGLU3,52.56,56.74,51.49,56.21,54.06,14295584
2022-01-12,PETR4,28.95,29.91,28.95,29.72,10.18,81378200
2022-01-12,VALE3,86.49,86.58,84.93,85.5,56.54,27335400
2022-01-12,WEGE3,28.99,30.4,28.69,30.22,27.09,10750500
2022-01-13,ABEV3,14.87,15.05,14.76,14.99,11.9,20755600
2022-01-13,B3SA3,11.47,11.73,11.46,11.59,9.82,41573700
2022-01-13,BBDC4,18.22,18.75,18.22,18.67,13.19,57497660
2022-01-13,ITUB4,20.38,21.02,20.34,20.9,15.44,49188741
2022-01-13,MGLU3,55.67,55.94,52.56,54.25,52.17,14501627
2022-01-13,PETR4,29.53,30.63,29.5,30.32,10.39,76717500
2022-01-13,VALE3,84.84,85.23,83.7,84.2,55.68,23154200
2022-01-13,WEGE3,30.16,30.33,28.95,29.1,26.09,12602100
2022-01-14,ABEV3,14.98,15.21,14.9,15.1,11.99,14544400
2022-01-14,B3SA3,11.63,12.29,11.56,12.22,10.36,58924300
2022-01-14,BBDC4,18.66,19.03,18.61,18.97,13.41,56481590
2022-01-14,ITUB4,20.8,21.05,20.66,20.74,15.32,33902872
2022-01-14,MGLU3,54.43,57.19,54.16,56.39,54.23,11680214
2022-01-14,PETR4,30.28,31.6,30.24,31.45,10.78,96458800
2022-01-14,VALE3,83.72,84.93,82.91,84.69,56.01,21183400
2022-01-14,WEGE3,29.0,30.86,28.73,30.7,27.52,12708400
2022-01-17,ABEV3,15.04,15.17,14.79,14.8,11.75,21167400
2022-01-17,B3SA3,12.2,12.59,12.11,12.36,10.48,34504100
2022-01-17,BBDC4,18.87,19.19,18.75,19.08,13.48,21673410
2022-01-17,ITUB4,20.71,20.96,20.43,20.74,15.32,19948957
2022-01-17,MGLU3,55.85,56.83,54.52,54.52,52.43,6937831
2022-01-17,PETR4,31.4,31.81,31.25,31.5,10.79,35675900
2022-01-17,VALE3,84.0,84.6,84.0,84.25,55.72,9688500
2022-01-17,WEGE3,30.61,30.78,30.03,30.35,27.21,5187200
2022-01-18,ABEV3,14.74,14.74,14.39,14.58,11.57,24913300
2022-01-18,B3SA3,12.35,12.4,12.04,12.31,10.43,27785000
2022-01-18,BBDC4,18.98,19.43,18.91,19.43,13.73,74687690
2022-01-18,ITUB4,20.64,21.15,20.54,20.86,15.41,49389056
2022-01-18,MGLU3,54.16,55.5,52.47,52.47,50.46,13136111
2022-01-18,PETR4,31.56,31.98,30.97,31.64,10.84,78198800
2022-01-18,VALE3,84.58,86.88,84.48,86.31,57.08,24080200
2022-01-18,WEGE3,30.31,30.78,29.89,30.54,27.38,9922400
2022-01-19,ABEV3,14.65,14.68,14.39,14.54,11.54,31621600
2022-01-19,B3SA3,12.44,12.49,12.25,12.26,10.39,28462100
2022-01-19,BBDC4,19.5,19.64,19.15,19.18,13.55,50084980
2022-01-19,ITUB4,21.02,21.25,20.65,20.72,15.31,35038364
2022-01-19,MGLU3,53.54,58.79,53.54,56.21,54.06,22207827
2022-01-19,PETR4,31.9,32.21,31.44,31.49,10.79,77480200
2022-01-19,VALE3,88.48,89.0,87.88,88.21,58.34,29332500
2022-01-19,WEGE3,30.81,31.3,30.45,30.5,27.34,6666600
2022-01-20,ABEV3,14.62,14.63,14.43,14.49,11.5,30618200
2022-01-20,B3SA3,12.33,13.32,12.28,13.25,11.23,86698700
2022-01-20,BBDC4,19.24,19.32,19.05,19.16,13.54,28939130
2022-01-20,ITUB4,20.78,20.89,20.46,20.56,15.19,29391946
2022-01-20,MGLU3,56.65,60.66,56.56,59.24,56.97,15804390
2022-01-20,PETR4,31.5,32.0,31.11,31.72,10.87,85353100
2022-01-20,VALE3,88.8,88.97,86.64,86.71,57.34,22748800
2022-01-20,WEGE3,30.57,31.18,30.34,30.74,27.56,6339400
2022-01-21,ABEV3,14.45,14.92,14.41,14.69,11.66,28616600
2022-01-21,B3SA3,13.23,13.88,13.15,13.64,11.56,80553900
2022-01-21,BBDC4,19.09,19.38,18.96,18.96,13.4,44387750
2022-01-21,ITUB4,20.46,20.87,20.41,20.56,15.19,42676371
2022-01-21,MGLU3,58.26,63.07,57.54,61.46,59.11,16967242
2022-01-21,PETR4,31.57,31.88,31.53,31.77,10.89,61345400
2022-01-21,VALE3,86.47,86.73,84.34,84.91,56.15,32752300
2022-01-21,WEGE3,30.69,30.75,30.13,30.61,27.44,6589400
2022-01-24,ABEV3,14.79,15.05,14.61,14.7,11.67,29992000
2022-01-24,B3SA3,13.49,13.53,12.84,13.06,11.07,87684000
2022-01-24,BBDC4,18.99,19.52,18.96,19.36,13.68,86358580
2022-01-24,ITUB4,20.61,20.79,20.19,20.54,15.17,44921297
2022-01-24,MGLU3,61.38,62.35,56.92,56.92,54.74,14942037
2022-01-24,PETR4,31.69,32.25,31.04,31.95,10.95,79117100
2022-01-24,VALE3,83.7,83.96,82.08,83.87,55.47,29040100
2022-01-24,WEGE3,30.55,30.56,29.33,29.9,26.8,10710400
2022-01-25,ABEV3,14.64,15.09,14.61,15.07,11.96,22283700
2022-01-25,B3SA3,12.9,13.56,12.88,13.32,11.29,71382800
2022-01-25,BBDC4,19.3,20.24,19.2,20.14,14.23,74485400
2022-01-25,ITUB4,20.35,21.32,20.3,21.28,15.72,44585362
2022-01-25,MGLU3,56.65,60.22,55.23,59.86,57.57,19318036
2022-01-25,PETR4,31.7,33.23,31.58,32.99,11.3,98358500
2022-01-25,VALE3,84.06,85.05,83.05,84.06,55.59,22490500
2022-01-25,WEGE3,29.87,30.34,29.62,30.2,27.07,7030700
2022-01-26,ABEV3,15.19,15.3,14.88,15.0,11.91,24257200
2022-01-26,B3SA3,13.5,14.1,13.5,13.78,11.68,71973700
2022-01-26,BBDC4,20.35,20.41,19.95,20.15,14.24,75827730
2022-01-26,ITUB4,21.47,21.62,21.02,21.51,15.89,63314645
2022-01-26,MGLU3,61.91,63.07,58.79,60.13,57.83,15221409
2022-01-26,PETR4,33.3,34.27,33.3,33.87,11.61,98679900
2022-01-26,VALE3,85.9,86.56,83.82,84.3,55.75,25806800
2022-01-26,WEGE3,30.45,31.34,30.26,30.74,27.56,12183300
2022-01-27,ABEV3,15.06,15.49,14.93,15.4,12.22,24801400
2022-01-27,B3SA3,13.92,14.52,13.81,14.46,12.26,83843000
2022-01-27,BBDC4,20.34,20.54,20.05,20.25,14.31,65708720
2022-01-27,ITUB4,21.62,21.99,21.36,21.62,15.97,47070145
2022-01-27,MGLU3,61.55,64.85,61.29,64.31,61.85,18162447
2022-01-27,PETR4,34.25,34.64,33.17,33.88,11.61,90631000
2022-01-27,VALE3,85.0,85.46,83.27,84.49,55.88,20994900
2022-01-27,WEGE3,30.99,32.5,30.75,32.4,29.04,10350400
2022-01-28,ABEV3,15.24,15.32,14.86,14.93,11.85,23251700
2022-01-28,B3SA3,14.29,14.77,14.06,14.74,12.49,80767700
2022-01-28,BBDC4,20.15,20.59,20.05,20.55,14.52,49132160
2022-01-28,ITUB4,21.32,21.9,21.3,21.88,16.16,33360845
2022-01-28,MGLU3,64.23,64.4,58.97,59.77,57.49,20846184
2022-01-28,PETR4,33.8,34.35,32.22,32.54,11.15,117400500
2022-01-28,VALE3,85.58,86.35,82.83,83.66,55.33,28453000
2022-01-28,WEGE3,32.33,32.33,30.96,31.62,28.34,9012800
2022-01-31,ABEV3,14.9,15.12,14.77,14.97,11.88,21318000
2022-01-31,B3SA3,14.64,14.81,14.45,14.62,12.39,52205200
2022-01-31,BBDC4,20.57,20.91,20.34,20.73,14.65,62474390
2022-01-31,ITUB4,21.77,22.52,21.64,22.36,16.52,50129358
2022-01-31,MGLU3,60.57,63.33,59.42,62.35,59.97,16767103
2022-01-31,PETR4,32.5,33.0,32.07,32.35,11.08,62450300
2022-01-31,VALE3,82.94,82.94,80.87,80.87,53.48,31397700
2022-01-31,WEGE3,31.63,32.5,31.43,32.16,28.83,7201500
2022-02-01,ABEV3,14.94,15.13,14.79,14.85,11.79,14112500
2022-02-01,B3SA3,14.62,14.66,14.15,14.26,12.09,35998000
2022-02-01,BBDC4,20.69,20.95,20.64,20.8,14.7,29653910
2022-02-01,ITUB4,22.32,22.67,22.22,22.5,16.63,32598902
2022-02-01,MGLU3,62.35,65.29,61.29,62.44,60.06,17330360
2022-02-01,PETR4,32.35,33.32,31.95,33.0,11.31,57315200
2022-02-01,VALE3,81.5,85.33,81.37,85.31,56.42,24131300
2022-02-01,WEGE3,32.1,32.69,31.77,32.06,28.74,4459400
2022-02-02,ABEV3,14.85,14.94,14.45,14.52,11.53,17975400
2022-02-02,B3SA3,14.27,14.59,13.97,14.13,11.98,26420000
2022-02-02,BBDC4,20.61,20.71,20.31,20.41,14.43,51841460
2022-02-02,ITUB4,22.48,22.52,21.99,22.14,16.37,39095411
2022-02-02,MGLU3,63.16,64.58,57.37,57.99,55.77,23367457
2022-02-02,PETR4,33.41,33.49,32.36,32.52,11.14,36271700
2022-02-02,VALE3,85.5,86.29,84.72,85.79,56.74,17489000
2022-02-02,WEGE3,32.21,32.92,31.66,31.77,28.48,4925100
2022-02-03,ABEV3,14.54,14.62,14.42,14.46,11.48,13206600
2022-02-03,B3SA3,14.11,14.37,14.03,14.14,11.99,24431600
2022-02-03,BBDC4,20.56,20.82,20.25,20.71,14.65,42935860
2022-02-03,ITUB4,22.24,22.53,21.81,22.4,16.56,47261735
2022-02-03,MGLU3,58.79,61.02,56.48,58.17,55.94,18539654
2022-02-03,PETR4,32.35,32.92,31.62,32.07,10.99,51087800
2022-02-03,VALE3,86.3,86.78,85.32,85.75,56.71,19179400
2022-02-03,WEGE3,31.82,32.11,30.87,30.95,27.74,5506300
2022-02-04,ABEV3,14.42,14.54,14.17,14.41,11.44,18251100
2022-02-04,B3SA3,14.06,14.22,13.88,14.13,11.98,22866500
2022-02-04,BBDC4,20.67,21.0,20.56,20.85,14.74,40621790
2022-02-04,ITUB4,22.28,22.74,22.24,22.47,16.61,39194888
2022-02-04,MGLU3,58.35,58.79,55.23,56.39,54.23,12987781
2022-02-04,PETR4,32.41,33.23,31.88,32.63,11.18,59346800
2022-02-04,VALE3,85.75,88.17,85.55,88.0,58.2,24535400
2022-02-04,WEGE3,30.96,30.98,30.44,30.85,27.65,5170800
2022-02-07,ABEV3,14.43,14.51,14.27,14.29,11.34,21182100
2022-02-07,B3SA3,14.13,14.2,13.6,13.7,11.61,32879200
2022-02-07,BBDC4,20.89,21.02,20.68,20.77,14.69,33281710
2022-02-07,ITUB4,22.46,22.55,22.27,22.35,16.52,26166974
2022-02-07,MGLU3,56.39,58.79,55.5,56.21,54.06,11915041
2022-02-07,PETR4,32.55,32.78,32.13,32.15,11.02,48868100
2022-02-07,VALE3,88.15,90.24,88.15,90.13,59.61,24915800
2022-02-07,WEGE3,30.9,31.34,30.52,31.0,27.79,5010100
2022-02-08,ABEV3,14.26,14.33,14.11,14.16,11.24,20758500
2022-02-08,B3SA3,13.65,13.73,13.35,13.55,11.49,44067800
2022-02-08,BBDC4,20.78,20.96,20.41,20.65,14.61,48921730
2022-02-08,ITUB4,22.31,22.7,22.09,22.59,16.7,42299308
2022-02-08,MGLU3,56.21,58.26,55.58,58.26,56.03,9791059
2022-02-08,PETR4,31.9,31.95,31.26,31.83,10.91,62590000
2022-02-08,VALE3,90.45,91.48,89.5,91.39,60.44,26598600
2022-02-08,WEGE3,30.77,30.94,30.05,30.22,27.09,6430500
2022-02-09,ABEV3,14.15,14.62,14.15,14.54,11.54,45857600
2022-02-09,B3SA3,13.71,14.25,13.67,14.16,12.0,39200100
2022-02-09,BBDC4,19.46,19.78,18.82,18.88,13.35,226386930
2022-02-09,ITUB4,22.02,22.43,21.69,21.69,16.04,100922428
2022-02-09,MGLU3,58.7,61.02,56.83,58.79,56.54,12196378
2022-02-09,PETR4,31.74,32.69,31.65,31.95,10.95,50960500
2022-02-09,VALE3,90.0,91.8,89.33,91.41,60.45,24815300
2022-02-09,WEGE3,30.54,30.97,30.27,30.29,27.15,5009700
2022-02-10,ABEV3,14.57,14.82,14.41,14.75,11.71,31338100
2022-02-10,B3SA3,14.16,14.33,13.82,14.1,11.95,31062500
2022-02-10,BBDC4,19.0,19.38,18.65,19.15,13.55,80558500
2022-02-10,ITUB4,21.67,22.34,21.59,22.11,16.34,68333609
2022-02-10,MGLU3,59.42,62.18,57.28,61.82,59.46,17616883
2022-02-10,PETR4,32.3,32.9,31.94,32.44,11.12,49534600
2022-02-10,VALE3,92.45,94.48,92.03,93.87,62.08,47888900
2022-02-10,WEGE3,30.29,30.55,29.62,29.74,26.66,8569200
2022-02-11,ABEV3,14.82,15.1,14.75,14.86,11.8,30852600
2022-02-11,B3SA3,14.3,14.31,13.74,13.92,11.8,36193800
2022-02-11,BBDC4,19.35,19.62,19.07,19.22,13.59,89646920
2022-02-11,ITUB4,23.26,23.83,23.1,23.42,17.31,182038996
2022-02-11,MGLU3,62.18,62.53,56.12,56.56,54.4,21881103
2022-02-11,PETR4,32.77,33.91,32.63,33.76,11.57,88013400
2022-02-11,VALE3,93.36,93.4,91.6,91.97,60.82,34555300
2022-02-11,WEGE3,29.8,30.01,29.46,29.53,26.47,9352700
2022-02-14,ABEV3,14.98,15.09,14.83,15.06,11.95,33362000
2022-02-14,B3SA3,14.17,14.48,13.96,14.12,11.97,37045800
2022-02-14,BBDC4,19.32,19.32,18.92,19.25,13.61,42557020
2022-02-14,ITUB4,23.48,23.56,23.19,23.36,17.27,43043123
2022-02-14,MGLU3,56.56,58.97,56.3,57.72,55.52,13168386
2022-02-14,PETR4,33.86,33.94,32.82,33.0,11.31,55687000
2022-02-14,VALE3,91.11,92.17,90.82,91.57,60.56,22804400
2022-02-14,WEGE3,29.5,30.94,29.5,30.44,27.29,10962400
2022-02-15,ABEV3,15.11,15.7,15.11,15.38,12.21,50177400
2022-02-15,B3SA3,14.44,15.13,14.24,14.6,12.38,43238600
2022-02-15,BBDC4,19.27,19.44,19.22,19.26,13.62,45128050
2022-02-15,ITUB4,23.65,23.74,23.39,23.58,17.43,33336032
2022-02-15,MGLU3,58.88,60.93,58.88,60.93,58.6,10656936
2022-02-15,PETR4,32.66,32.68,31.89,32.48,11.13,65689000
2022-02-15,VALE3,89.02,89.94,87.7,88.85,58.76,29624900
2022-02-15,WEGE3,31.0,32.88,30.96,32.88,29.47,11758400
2022-02-16,ABEV3,15.45,15.48,14.96,15.08,11.97,25057100
2022-02-16,B3SA3,14.75,14.85,14.31,14.59,12.37,30914200
2022-02-16,BBDC4,19.31,19.5,19.18,19.49,13.78,44218790
2022-02-16,ITUB4,23.64,23.72,23.28,23.34,17.25,44408048
2022-02-16,MGLU3,60.84,62.18,59.86,60.75,58.43,11264064
2022-02-16,PETR4,32.83,33.7,32.77,32.93,11.28,65811600
2022-02-16,VALE3,89.44,90.62,89.1,89.5,59.19,20774700
2022-02-16,WEGE3,33.0,33.17,30.77,31.3,28.06,20714400
2022-02-17,ABEV3,15.09,15.11,14.71,14.85,11.79,19881500
2022-02-17,B3SA3,14.62,14.73,14.14,14.2,12.04,39058000
2022-02-17,BBDC4,19.43,19.55,19.19,19.26,13.62,25904450
2022-02-17,ITUB4,23.3,23.37,22.91,23.01,17.01,38194109
2022-02-17,MGLU3,60.66,61.73,58.7,59.06,56.8,10931346
2022-02-17,PETR4,32.85,33.29,32.55,32.8,11.24,43255200
2022-02-17,VALE3,88.85,89.0,85.37,85.65,56.64,36259300
2022-02-17,WEGE3,31.56,31.82,30.57,30.65,27.47,8085500
2022-02-18,ABEV3,14.97,14.99,14.74,14.77,11.72,11741300
2022-02-18,B3SA3,14.31,14.71,14.25,14.27,12.1,36694100
2022-02-18,BBDC4,19.33,19.51,19.28,19.37,13.7,33335500
2022-02-18,ITUB4,23.14,23.43,23.0,23.1,17.07,29924682
2022-02-18,MGLU3,59.86,60.75,56.65,56.65,54.49,13586524
2022-02-18,PETR4,32.57,33.09,32.27,33.0,11.31,60304700
2022-02-18,VALE3,86.44,87.03,85.43,85.83,56.76,22690600
2022-02-18,WEGE3,30.83,31.0,29.68,29.81,26.72,6716700
2022-02-21,ABEV3,14.83,14.85,14.45,14.45,11.47,12423900
2022-02-21,B3SA3,14.35,14.57,13.97,14.07,11.93,21087500
2022-02-21,BBDC4,19.37,19.41,19.0,19.15,13.54,22943580
2022-02-21,ITUB4,23.15,23.2,22.27,22.53,16.66,25401293
2022-02-21,MGLU3,57.19,57.46,53.63,53.63,51.57,9717831
2022-02-21,PETR4,33.05,34.0,33.0,33.85,11.6,51263800
2022-02-21,VALE3,86.6,87.99,85.5,85.9,56.81,14561000
2022-02-21,WEGE3,29.81,29.89,29.36,29.52,26.65,4769200
2022-02-22,ABEV3,14.44,14.82,14.44,14.71,11.68,24539400
2022-02-22,B3SA3,14.25,14.74,14.23,14.39,12.2,37226200
2022-02-22,BBDC4,19.28,19.41,18.96,19.07,13.49,44470030
2022-02-22,ITUB4,22.73,23.07,22.5,22.73,16.81,34318570
2022-02-22,MGLU3,54.96,56.21,53.54,54.07,52.0,14701496
2022-02-22,PETR4,34.22,34.68,33.21,33.74,11.56,80206700
2022-02-22,VALE3,86.69,87.4,85.8,87.39,57.79,23591200
2022-02-22,WEGE3,29.8,30.09,29.53,29.53,26.65,5137500
2022-02-23,ABEV3,14.62,15.26,14.59,14.81,11.76,30107000
2022-02-23,B3SA3,14.39,14.94,14.39,14.59,12.37,44694100
2022-02-23,BBDC4,19.09,19.27,18.95,18.98,13.42,26533320
2022-02-23,ITUB4,22.74,23.02,22.36,22.41,16.57,25506096
2022-02-23,MGLU3,54.69,57.81,52.65,52.65,50.63,16552641
2022-02-23,PETR4,34.18,34.6,33.8,34.22,11.73,86530100
2022-02-23,VALE3,88.09,88.34,85.55,86.47,57.19,24413800
2022-02-23,WEGE3,29.61,30.17,28.5,28.6,25.81,7304600
2022-02-24,ABEV3,14.24,14.84,13.8,14.84,11.78,59579000
2022-02-24,B3SA3,13.99,14.89,13.86,14.7,12.46,44249600
2022-02-24,BBDC4,18.45,18.61,17.95,18.41,13.02,79078560
2022-02-24,ITUB4,21.84,22.18,21.48,22.03,16.29,49889615
2022-02-24,MGLU3,49.44,54.87,47.48,54.52,52.43,18601476
2022-02-24,PETR4,34.8,35.29,32.68,33.39,11.44,139674100
2022-02-24,VALE3,84.62,88.04,83.73,87.54,57.89,37212500
2022-02-24,WEGE3,27.74,29.57,27.52,29.32,26.46,9964800
2022-02-25,ABEV3,14.68,15.33,14.68,15.2,12.07,42942500
2022-02-25,B3SA3,14.55,14.89,14.47,14.58,12.36,57772500
2022-02-25,BBDC4,18.32,18.66,18.24,18.5,13.08,55603460
2022-02-25,ITUB4,21.95,22.51,21.9,22.48,16.63,44070414
2022-02-25,MGLU3,55.14,55.85,52.2,53.54,51.49,15009001
2022-02-25,PETR4,33.45,34.0,32.9,34.0,11.65,86189100
2022-02-25,VALE3,86.52,92.41,85.1,92.28,61.03,51028300
2022-02-25,WEGE3,28.98,29.86,28.8,29.4,26.54,13633700
2022-03-02,ABEV3,14.69,14.98,14.42,14.52,11.53,33189500
2022-03-02,B3SA3,14.5,14.83,14.28,14.32,12.14,44776400
2022-03-02,BBDC4,18.37,18.5,18.03,18.31,12.95,42620050
2022-03-02,ITUB4,22.22,22.43,21.99,22.09,16.35,36789303
2022-03-02,MGLU3,53.0,56.48,52.91,56.21,54.06,11393332
2022-03-02,PETR4,35.26,35.29,34.39,34.67,11.88,58071800
2022-03-02,VALE3,98.97,99.7,97.06,99.65,65.9,42191500
2022-03-02,WEGE3,29.4,30.79,29.35,30.25,27.3,10503800
2022-03-03,ABEV3,14.51,14.51,14.05,14.18,11.26,42098400
2022-03-03,B3SA3,14.26,14.82,14.18,14.77,12.52,24918400
2022-03-03,BBDC4,18.24,18.85,18.24,18.65,13.2,42707830
2022-03-03,ITUB4,22.1,22.82,21.8,22.11,16.36,50467105
2022-03-03,MGLU3,56.39,57.72,54.78,56.21,54.06,11485835
2022-03-03,PETR4,34.82,34.93,34.16,34.24,11.73,69237400
2022-03-03,VALE3,100.2,101.26,99.5,99.7,65.94,38621400
2022-03-03,WEGE3,30.25,31.39,30.13,31.25,28.21,10167600
2022-03-04,ABEV3,14.21,14.24,13.82,13.93,11.06,26285200
2022-03-04,B3SA3,14.7,14.77,14.21,14.44,12.24,30019500
2022-03-04,BBDC4,18.65,18.65,17.93,18.11,12.82,43527770
2022-03-04,ITUB4,22.13,22.18,21.43,21.77,16.12,34369894
2022-03-04,MGLU3,56.03,57.1,54.43,56.03,53.89,9846964
2022-03-04,PETR4,34.08,34.68,33.82,34.23,11.73,55418000
2022-03-04,VALE3,98.68,102.09,98.12,101.97,67.44,30533200
2022-03-04,WEGE3,31.25,32.28,31.07,31.51,28.44,9286000
2022-03-07,ABEV3,13.79,13.79,13.22,13.43,10.66,49545300
2022-03-07,B3SA3,14.27,14.31,13.77,13.9,11.78,39736100
2022-03-07,BBDC4,17.99,18.17,17.5,17.65,12.49,52141650
2022-03-07,ITUB4,21.42,21.58,21.2,21.31,15.77,59892079
2022-03-07,MGLU3,55.41,56.48,51.67,52.11,50.12,9770852
2022-03-07,PETR4,34.5,34.6,31.63,31.8,10.9,110954100
2022-03-07,VALE3,104.44,105.9,103.87,105.07,69.49,55305300
2022-03-07,WEGE3,31.01,31.97,30.85,31.08,28.05,11272000
2022-03-08,ABEV3,13.4,13.73,13.28,13.44,10.67,35552000
2022-03-08,B3SA3,13.77,14.16,13.37,13.62,11.55,76144000
2022-03-08,BBDC4,17.68,18.19,17.57,17.87,12.65,68288990
2022-03-08,ITUB4,21.39,21.59,21.0,21.1,15.62,49265672
2022-03-08,MGLU3,53.89,55.67,51.22,53.89,51.83,16537755
2022-03-08,PETR4,32.0,32.97,31.51,32.46,11.12,111633500
2022-03-08,VALE3,106.99,107.11,99.72,100.46,66.44,53060200
2022-03-08,WEGE3,31.08,32.1,31.08,31.57,28.5,9613000
2022-03-09,ABEV3,13.6,14.0,13.58,13.93,11.06,26552200
2022-03-09,B3SA3,13.81,14.07,13.7,13.8,11.7,62423800
2022-03-09,BBDC4,18.22,19.08,18.16,19.02,13.46,62361860
2022-03-09,ITUB4,21.37,22.34,21.32,22.15,16.4,58459174
2022-03-09,MGLU3,55.5,58.08,54.96,55.5,53.37,15585493
2022-03-09,PETR4,32.6,32.82,31.74,32.56,11.16,87779300
2022-03-09,VALE3,95.79,95.8,92.56,94.19,64.69,41051200
2022-03-09,WEGE3,31.85,32.85,31.53,32.67,29.49,8949000
2022-03-10,ABEV3,13.77,13.79,13.24,13.38,10.62,37910700
2022-03-10,B3SA3,13.72,13.72,13.14,13.31,11.28,37166900
2022-03-10,BBDC4,18.84,18.99,18.57,18.9,13.38,33495110
2022-03-10,ITUB4,21.84,22.17,21.61,22.17,16.41,33553115
2022-03-10,MGLU3,54.78,54.87,51.84,53.09,51.06,15918772
2022-03-10,PETR4,32.6,34.6,32.52,33.7,11.55,136437700
2022-03-10,VALE3,94.5,97.3,94.08,97.3,66.82,33107000
2022-03-10,WEGE3,32.37,32.39,31.18,31.72,28.63,6884800
2022-03-11,ABEV3,13.5,13.56,13.06,13.18,10.46,23133200
2022-03-11,B3SA3,13.43,13.6,13.14,13.26,11.24,35109900
2022-03-11,BBDC4,18.98,19.16,18.73,18.82,13.32,42839830
2022-03-11,ITUB4,22.27,22.59,21.87,21.92,16.23,48649207
2022-03-11,MGLU3,53.71,56.12,50.69,50.69,48.75,18404773
2022-03-11,PETR4,33.91,34.38,32.07,32.49,11.13,92153700
2022-03-11,VALE3,97.43,98.41,96.76,96.79,66.47,24321500
2022-03-11,WEGE3,31.82,32.07,31.11,31.39,28.33,4591900
2022-03-14,ABEV3,13.22,13.46,13.16,13.32,10.57,24625600
2022-03-14,B3SA3,13.27,13.52,13.12,13.26,11.24,25198400
2022-03-14,BBDC4,18.83,19.34,18.83,18.95,13.42,36692150
2022-03-14,ITUB4,22.08,22.54,22.07,22.23,16.46,36267443
2022-03-14,MGLU3,52.2,52.47,47.21,47.48,45.66,14805113
2022-03-14,PETR4,32.43,32.89,31.52,31.87,10.92,52274100
2022-03-14,VALE3,94.98,95.2,91.25,91.6,62.91,37172800
2022-03-14,WEGE3,31.39,31.56,30.94,31.02,28.0,4247300
2022-03-15,ABEV3,13.35,13.67,13.35,13.47,10.69,26412400
2022-03-15,B3SA3,13.21,13.51,13.17,13.3,11.27,32409100
2022-03-15,BBDC4,18.95,19.11,18.56,18.91,13.38,51826390
2022-03-15,ITUB4,22.16,22.45,21.8,22.15,16.4,41720798
2022-03-15,MGLU3,42.76,44.72,41.42,43.38,41.72,28285719
2022-03-15,PETR4,31.14,31.54,30.47,31.1,10.66,66272000
2022-03-15,VALE3,88.99,89.58,87.28,88.97,61.1,47128500
2022-03-15,WEGE3,30.9,31.96,30.1,30.2,27.26,10034200
2022-03-16,ABEV3,13.5,13.85,13.41,13.78,10.94,24980000
2022-03-16,B3SA3,13.35,13.79,13.31,13.6,11.53,46566300
2022-03-16,BBDC4,19.05,19.24,18.84,19.18,13.58,51718480
2022-03-16,ITUB4,22.37,22.65,22.19,22.59,16.72,45741022
2022-03-16,MGLU3,44.98,46.32,43.74,45.7,43.95,18303154
2022-03-16,PETR4,31.5,31.54,30.37,30.83,10.56,72034900
2022-03-16,VALE3,91.89,93.88,89.31,91.13,62.58,37906100
2022-03-16,WEGE3,30.3,32.02,29.73,31.98,28.87,12743400
2022-03-17,ABEV3,13.81,14.02,13.69,13.93,11.06,28381300
2022-03-17,B3SA3,13.72,13.93,13.45,13.9,11.78,37616600
2022-03-17,BBDC4,19.28,19.38,18.95,19.25,13.63,52868970
2022-03-17,ITUB4,22.63,23.12,22.47,23.08,17.08,49108185
2022-03-17,MGLU3,45.7,49.44,44.63,49.35,47.46,17796387
2022-03-17,PETR4,31.25,31.4,29.5,30.01,10.28,178319300
2022-03-17,VALE3,92.9,94.98,92.57,94.3,64.76,40663500
2022-03-17,WEGE3,32.0,33.25,31.51,33.1,29.88,10140900
2022-03-18,ABEV3,13.85,14.25,13.8,14.25,11.31,44708300
2022-03-18,B3SA3,13.83,14.23,12.8,14.11,11.96,93450400
2022-03-18,BBDC4,19.25,19.38,18.96,19.21,13.6,91396580
2022-03-18,ITUB4,23.03,23.48,23.01,23.25,17.21,73408542
2022-03-18,MGLU3,48.28,52.29,47.92,51.84,49.86,14774207
2022-03-18,PETR4,30.09,30.82,29.86,30.61,10.49,93097100
2022-03-18,VALE3,95.41,96.09,93.8,96.09,65.99,46080900
2022-03-18,WEGE3,33.03,33.39,32.51,33.29,30.05,12356000
2022-03-21,ABEV3,14.06,14.36,14.06,14.18,11.26,15295600
2022-03-21,B3SA3,14.0,14.27,13.65,13.88,11.77,29506800
2022-03-21,BBDC4,19.27,19.66,19.23,19.66,13.92,46281290
2022-03-21,ITUB4,23.34,23.91,23.27,23.82,17.63,40745625
2022-03-21,MGLU3,52.02,53.09,50.33,50.95,49.0,14007108
2022-03-21,PETR4,30.91,32.09,30.64,31.76,10.88,67700800
2022-03-21,VALE3,97.33,99.43,97.15,98.81,67.86,25374600
2022-03-21,WEGE3,33.15,33.29,32.01,32.55,29.38,8384300
2022-03-22,ABEV3,14.32,14.5,14.21,14.38,11.41,20799800
2022-03-22,B3SA3,14.09,14.67,14.06,14.63,12.4,48585100
2022-03-22,BBDC4,19.76,20.09,19.75,19.91,14.09,48284500
2022-03-22,ITUB4,24.01,24.3,23.92,24.15,17.87,41741192
2022-03-22,MGLU3,51.67,53.27,50.86,51.75,49.78,13551083
2022-03-22,PETR4,31.99,32.1,31.35,31.62,10.83,56128600
2022-03-22,VALE3,98.51,98.96,96.19,96.6,66.34,29489800
2022-03-22,WEGE3,32.98,33.47,32.71,33.0,29.79,7019900
2022-03-23,ABEV3,14.31,14.38,14.07,14.19,11.26,20051100
2022-03-23,B3SA3,14.63,15.08,14.42,14.76,12.51,35617600
2022-03-23,BBDC4,19.95,19.99,19.65,19.78,14.0,30857860
2022-03-23,ITUB4,24.17,24.4,23.98,24.04,17.79,30594059
2022-03-23,MGLU3,51.58,53.8,50.69,53.45,51.4,18610872
2022-03-23,PETR4,31.93,32.47,31.69,32.05,10.98,52956100
2022-03-23,VALE3,97.5,98.94,96.29,96.45,66.24,26309600
2022-03-23,WEGE3,32.92,33.1,32.38,32.75,29.56,8557300
2022-03-24,ABEV3,14.2,14.36,14.06,14.2,11.27,26157200
2022-03-24,B3SA3,14.74,14.9,14.49,14.89,12.62,32405300
2022-03-24,BBDC4,19.82,20.23,19.78,20.07,14.21,43444170
2022-03-24,ITUB4,24.12,24.47,24.03,24.2,17.91,53835967
2022-03-24,MGLU3,53.89,59.42,53.18,58.79,56.54,20829041
2022-03-24,PETR4,32.05,32.6,31.67,32.42,11.11,49402800
2022-03-24,VALE3,96.2,97.6,95.31,96.91,66.55,23122800
2022-03-24,WEGE3,32.93,33.48,32.65,33.13,29.9,7001100
2022-03-25,ABEV3,14.28,14.35,13.95,14.32,11.37,33591300
2022-03-25,B3SA3,14.75,15.38,14.75,15.14,12.99,43115300
2022-03-25,BBDC4,20.17,20.37,19.99,20.25,14.34,40055180
2022-03-25,ITUB4,24.29,24.29,23.95,24.25,17.95,36342901
2022-03-25,MGLU3,59.06,60.57,56.48,58.26,56.03,15713133
2022-03-25,PETR4,32.15,32.55,31.92,32.3,11.07,51780100
2022-03-25,VALE3,97.7,98.3,94.3,95.23,65.4,22505500
2022-03-25,WEGE3,33.28,33.58,32.42,32.88,29.68,7154700
2022-03-28,ABEV3,14.43,14.75,14.38,14.74,11.7,19531800
2022-03-28,B3SA3,15.18,15.37,15.05,15.09,12.95,36224300
2022-03-28,BBDC4,20.34,20.39,19.98,20.15,14.27,25232680
2022-03-28,ITUB4,24.31,24.46,23.94,24.23,17.93,24411278
2022-03-28,MGLU3,58.35,59.42,56.92,57.63,55.43,9204272
2022-03-28,PETR4,32.06,32.08,30.98,31.6,10.83,68610500
2022-03-28,VALE3,95.7,96.34,93.61,95.34,65.48,16274200
2022-03-28,WEGE3,33.0,33.94,32.75,33.6,30.36,8764800
2022-03-29,ABEV3,14.95,15.4,14.87,15.25,12.11,38100100
2022-03-29,B3SA3,15.51,15.82,15.25,15.54,13.34,39583800
2022-03-29,BBDC4,20.41,20.66,20.37,20.52,14.52,54799690
2022-03-29,ITUB4,24.46,24.78,24.17,24.51,18.14,33838857
2022-03-29,MGLU3,59.5,63.42,59.5,62.35,59.97,18824560
2022-03-29,PETR4,32.13,32.76,31.92,32.3,11.07,93809000
2022-03-29,VALE3,95.34,95.66,93.4,94.52,64.91,38228800
2022-03-29,WEGE3,34.0,34.41,33.77,33.95,30.68,6285900
2022-03-30,ABEV3,15.26,15.3,15.02,15.17,12.04,17703300
2022-03-30,B3SA3,15.53,15.8,15.46,15.67,13.45,44860300
2022-03-30,BBDC4,20.55,20.55,20.2,20.39,14.43,27442800
2022-03-30,ITUB4,24.57,24.68,24.29,24.56,18.18,37371325
2022-03-30,MGLU3,62.44,63.51,59.95,61.2,58.86,13348666
2022-03-30,PETR4,32.5,32.99,32.38,32.99,11.3,69648400
2022-03-30,VALE3,96.32,97.11,95.27,95.87,65.84,22007500
2022-03-30,WEGE3,33.95,34.39,33.86,34.15,30.86,5573300
2022-03-31,ABEV3,15.23,15.58,15.13,15.4,12.22,23786300
2022-03-31,B3SA3,15.77,15.81,15.53,15.71,13.48,27882200
2022-03-31,BBDC4,20.39,20.52,19.95,20.2,14.3,36693250
2022-03-31,ITUB4,24.61,24.71,24.09,24.25,17.95,46340719
2022-03-31,MGLU3,61.73,62.27,60.22,60.75,58.43,11248269
2022-03-31,PETR4,32.57,33.57,32.5,33.45,11.46,94269500
2022-03-31,VALE3,96.42,96.89,95.36,95.6,65.65,17981400
2022-03-31,WEGE3,34.37,35.3,34.37,34.87,31.51,11060600
2022-04-01,ABEV3,15.59,15.67,15.13,15.39,12.22,31411400
2022-04-01,B3SA3,15.79,16.18,15.76,16.04,13.76,32532800
2022-04-01,BBDC4,20.31,20.4,19.88,19.98,14.14,35110570
2022-04-01,ITUB4,24.45,24.61,24.12,24.31,18.0,45495048
2022-04-01,MGLU3,61.64,65.74,61.29,65.47,62.97,15934623
2022-04-01,PETR4,33.55,33.79,32.91,33.01,11.31,72545400
2022-04-01,VALE3,96.78,97.5,96.07,96.96,66.59,22457700
2022-04-01,WEGE3,35.2,35.83,35.09,35.38,31.97,12134000
2022-04-04,ABEV3,15.39,15.45,15.08,15.19,12.06,21788200
2022-04-04,B3SA3,16.01,16.19,15.84,16.14,13.85,35608100
2022-04-04,BBDC4,19.95,19.99,19.63,19.88,14.09,22034760
2022-04-04,ITUB4,24.23,24.28,23.85,24.09,17.84,28469684
2022-04-04,MGLU3,65.47,65.56,62.62,64.05,61.6,11149019
2022-04-04,PETR4,32.9,32.9,32.25,32.7,11.2,56053000
2022-04-04,VALE3,96.77,98.25,96.55,97.94,67.26,16914000
2022-04-04,WEGE3,35.4,35.4,34.51,35.02,31.65,5428600
2022-04-05,ABEV3,15.15,15.28,15.06,15.07,11.96,11607000
2022-04-05,B3SA3,16.08,16.33,15.83,15.83,13.58,107169600
2022-04-05,BBDC4,19.9,19.9,19.2,19.33,13.69,41254180
2022-04-05,ITUB4,24.03,24.07,23.5,23.6,17.48,41644661
2022-04-05,MGLU3,63.87,65.74,61.11,61.55,59.2,12348524
2022-04-05,PETR4,32.66,33.06,32.39,32.39,11.1,45847200
2022-04-05,VALE3,97.36,97.78,94.82,95.11,65.32,25764400
2022-04-05,WEGE3,35.02,35.38,34.56,34.63,31.29,4841100
2022-04-06,ABEV3,15.03,15.09,14.81,14.95,11.87,15442400
2022-04-06,B3SA3,15.7,16.1,15.46,15.87,13.62,46479100
2022-04-06,BBDC4,19.24,19.33,18.98,19.23,13.62,44633160
2022-04-06,ITUB4,23.45,23.75,23.35,23.59,17.47,38196035
2022-04-06,MGLU3,60.66,60.84,57.46,58.97,56.71,13361138
2022-04-06,PETR4,32.6,32.78,32.04,32.36,11.09,56947100
2022-04-06,VALE3,95.33,96.72,95.33,96.55,66.31,22615800
2022-04-06,WEGE3,34.35,35.01,33.69,34.33,31.02,8243200
2022-04-07,ABEV3,14.93,15.14,14.82,15.06,11.95,21276300
2022-04-07,B3SA3,15.7,16.01,15.6,15.85,13.6,37641900
2022-04-07,BBDC4,19.31,19.4,19.0,19.31,13.68,33112640
2022-04-07,ITUB4,23.4,23.62,23.31,23.57,17.46,26732002
2022-04-07,MGLU3,58.7,60.93,57.63,58.44,56.2,14524181
2022-04-07,PETR4,32.64,34.06,32.5,34.04,11.66,118469400
2022-04-07,VALE3,95.5,97.69,95.14,97.13,66.71,19946600
2022-04-07,WEGE3,34.33,34.53,33.96,34.12,30.83,5002100
2022-04-08,ABEV3,14.94,15.13,14.74,14.93,11.85,22202000
2022-04-08,B3SA3,15.65,15.83,15.5,15.6,13.39,23854100
2022-04-08,BBDC4,19.24,19.65,19.2,19.53,13.83,37651020
2022-04-08,ITUB4,23.44,23.74,23.31,23.53,17.43,29650496
2022-04-08,MGLU3,56.56,56.65,54.16,54.61,52.52,16060905
2022-04-08,PETR4,34.07,34.41,33.85,34.21,11.72,60772700
2022-04-08,VALE3,96.64,97.4,94.62,95.15,65.35,26887400
2022-04-08,WEGE3,34.0,34.63,33.66,34.14,30.85,4997500
2022-04-11,ABEV3,14.82,15.44,14.74,15.2,12.07,27193900
2022-04-11,B3SA3,15.44,15.55,14.75,14.88,12.77,44122200
2022-04-11,BBDC4,19.45,19.75,19.35,19.5,13.81,32351330
2022-04-11,ITUB4,23.48,23.59,23.34,23.44,17.36,30882294
2022-04-11,MGLU3,53.0,55.23,52.02,54.16,52.09,11271417
2022-04-11,PETR4,33.9,34.1,33.78,33.95,11.63,48125400
2022-04-11,VALE3,93.81,94.71,92.92,94.0,64.56,16515800
2022-04-11,WEGE3,33.71,34.02,32.55,32.55,29.41,8741200
2022-04-12,ABEV3,15.41,15.54,14.98,15.05,11.95,24636500
2022-04-12,B3SA3,15.13,15.23,14.22,14.35,12.31,74508900
2022-04-12,BBDC4,19.68,19.75,19.29,19.33,13.69,29440620
2022-04-12,ITUB4,23.65,23.74,22.96,23.03,17.05,33798183
2022-04-12,MGLU3,56.3,57.01,53.09,53.18,51.15,12966519
2022-04-12,PETR4,34.4,34.68,33.8,33.85,11.6,68522800
2022-04-12,VALE3,95.1,95.61,93.24,93.37,64.12,16822600
2022-04-12,WEGE3,32.79,33.23,32.23,32.37,29.25,7807000
2022-04-13,ABEV3,15.01,15.12,14.55,14.83,11.77,33771300
2022-04-13,B3SA3,14.46,14.6,14.22,14.41,12.37,50627300
2022-04-13,BBDC4,19.44,19.65,19.3,19.53,13.83,35077570
2022-04-13,ITUB4,23.2,23.42,22.92,23.09,17.1,38370517
2022-04-13,MGLU3,54.16,54.96,52.82,53.71,51.66,11408734
2022-04-13,PETR4,34.37,34.8,34.1,34.57,11.85,101438800
2022-04-13,VALE3,93.49,94.38,92.81,93.4,64.14,23674700
2022-04-13,WEGE3,32.64,32.83,32.21,32.56,29.42,7557300
2022-04-14,ABEV3,14.84,14.91,14.46,14.7,11.67,28820100
2022-04-14,B3SA3,14.43,14.49,14.18,14.49,12.43,32502300
2022-04-14,BBDC4,19.52,19.61,19.35,19.48,13.8,30043860
2022-04-14,ITUB4,23.01,23.36,22.96,23.24,17.21,26768711
2022-04-14,MGLU3,53.45,54.07,52.73,53.54,51.49,9812141
2022-04-14,PETR4,31.6,32.07,31.16,31.27,11.72,119382100
2022-04-14,VALE3,93.31,94.0,91.36,92.09,63.24,24980700
2022-04-14,WEGE3,32.56,32.89,32.08,32.29,29.18,4676000
2022-04-18,ABEV3,14.62,14.8,14.6,14.71,11.68,14601500
2022-04-18,B3SA3,14.5,14.69,14.35,14.52,12.46,18488500
2022-04-18,BBDC4,19.53,19.92,19.48,19.83,14.05,34271160
2022-04-18,ITUB4,23.16,23.44,23.13,23.37,17.31,23802743
2022-04-18,MGLU3,53.36,53.8,51.75,52.47,50.46,9709580
2022-04-18,PETR4,31.16,31.39,30.47,30.72,11.52,76350600
2022-04-18,VALE3,91.61,92.0,90.01,90.57,62.2,14812600
2022-04-18,WEGE3,32.15,32.37,31.4,31.91,28.83,6937300
2022-04-19,ABEV3,14.56,14.76,14.41,14.65,11.63,25953600
2022-04-19,B3SA3,14.37,14.59,14.22,14.54,12.48,27972000
2022-04-19,BBDC4,19.9,20.01,19.31,19.57,13.86,32993200
2022-04-19,ITUB4,23.41,23.49,22.73,22.96,17.0,39035022
2022-04-19,MGLU3,52.11,53.63,51.31,52.91,50.89,9613283
2022-04-19,PETR4,31.16,32.0,31.12,31.65,11.86,88494100
2022-04-19,VALE3,89.69,89.69,86.84,87.68,60.22,34550900
2022-04-19,WEGE3,31.55,31.58,30.67,31.37,28.35,12091000
2022-04-20,ABEV3,14.7,15.02,14.56,14.73,11.69,16174800
2022-04-20,B3SA3,14.5,14.89,14.47,14.69,12.61,24264800
2022-04-20,BBDC4,19.68,19.69,19.35,19.5,13.81,22521400
2022-04-20,ITUB4,22.97,23.17,22.82,23.11,17.11,28485092
2022-04-20,MGLU3,52.91,53.8,49.71,49.97,48.06,12887555
2022-04-20,PETR4,31.65,31.95,31.33,31.8,11.92,34694700
2022-04-20,VALE3,86.61,86.67,84.4,85.4,58.65,29635700
2022-04-20,WEGE3,31.44,31.93,31.26,31.42,28.39,5515500
2022-04-22,ABEV3,14.55,14.98,14.55,14.75,11.71,34086700
2022-04-22,B3SA3,14.54,14.89,14.26,14.36,12.32,31907300
2022-04-22,BBDC4,19.22,19.32,19.02,19.22,13.62,35690800
2022-04-22,ITUB4,22.86,22.97,22.47,22.66,16.78,34773809
2022-04-22,MGLU3,48.81,49.79,48.28,49.44,47.55,9099881
2022-04-22,PETR4,31.05,31.3,30.32,30.56,11.46,74560900
2022-04-22,VALE3,83.25,83.4,80.08,80.45,55.25,39058200
2022-04-22,WEGE3,30.83,31.51,30.59,31.31,28.29,10587900
2022-04-25,ABEV3,14.76,15.19,14.63,15.12,12.0,34312300
2022-04-25,B3SA3,14.24,14.39,14.02,14.12,12.12,30535100
2022-04-25,BBDC4,19.06,19.23,18.84,19.1,13.53,38839200
2022-04-25,ITUB4,22.51,22.64,22.14,22.57,16.71,42282427
2022-04-25,MGLU3,48.46,49.62,47.84,48.46,46.61,12508698
2022-04-25,PETR4,29.97,30.44,29.54,30.11,11.29,66413900
2022-04-25,VALE3,77.94,79.61,77.54,79.08,54.31,38943700
2022-04-25,WEGE3,31.03,31.62,30.92,31.21,28.2,5920900
2022-04-26,ABEV3,15.04,15.15,14.74,14.75,11.71,23589700
2022-04-26,B3SA3,14.02,14.13,13.59,13.61,11.68,45217300
2022-04-26,BBDC4,18.82,18.85,18.12,18.28,12.95,66772900
2022-04-26,ITUB4,22.29,22.51,21.76,21.8,16.15,47838319
2022-04-26,MGLU3,48.1,48.73,46.14,46.14,44.38,9502526
2022-04-26,PETR4,30.11,30.58,29.89,30.06,11.27,48764100
2022-04-26,VALE3,79.08,79.32,77.85,78.0,53.57,37069400
2022-04-26,WEGE3,31.18,31.32,29.83,29.98,27.09,11274900
2022-04-27,ABEV3,14.89,14.91,14.64,14.68,11.65,19261700
2022-04-27,B3SA3,13.77,13.91,13.38,13.51,11.59,55728100
2022-04-27,BBDC4,18.49,18.62,18.19,18.39,13.03,62402800
2022-04-27,ITUB4,22.06,22.15,21.54,21.62,16.02,27688480
2022-04-27,MGLU3,47.75,48.64,45.25,45.43,43.69,12581061
2022-04-27,PETR4,30.37,30.56,29.95,30.06,11.27,41881300
2022-04-27,VALE3,80.46,82.7,80.15,82.17,56.43,49408800
2022-04-27,WEGE3,30.68,31.82,30.23,31.63,28.58,12950700
2022-04-28,ABEV3,14.71,14.87,14.62,14.71,11.68,24849700
2022-04-28,B3SA3,13.52,13.82,13.44,13.58,11.65,30824100
2022-04-28,BBDC4,18.4,18.47,18.07,18.22,12.91,66856100
2022-04-28,ITUB4,21.63,21.7,21.24,21.45,15.88,41170160
2022-04-28,MGLU3,45.88,47.03,44.36,46.14,44.38,11373877
2022-04-28,PETR4,30.45,30.62,30.25,30.26,11.34,43298500
2022-04-28,VALE3,85.02,85.55,80.83,84.2,57.83,56032800
2022-04-28,WEGE3,31.85,31.96,30.85,31.13,28.13,7984900
2022-04-29,ABEV3,14.85,15.0,14.52,14.52,11.53,26145100
2022-04-29,B3SA3,13.65,13.76,13.27,13.3,11.41,36218200
2022-04-29,BBDC4,18.4,18.73,17.98,17.98,12.74,61884300
2022-04-29,ITUB4,21.59,22.02,21.07,21.07,15.6,50954295
2022-04-29,MGLU3,46.86,47.21,43.47,43.47,41.81,12735734
2022-04-29,PETR4,30.75,31.59,30.28,30.28,11.35,76243900
2022-04-29,VALE3,86.18,87.2,83.29,83.29,57.2,47492200
2022-04-29,WEGE3,31.52,31.55,29.97,30.1,27.2,9606000
2022-05-02,ABEV3,14.58,14.71,14.32,14.47,11.49,22755000
2022-05-02,B3SA3,13.24,13.53,12.54,12.8,10.98,67966900
2022-05-02,BBDC4,18.0,18.17,17.73,17.97,12.73,43038200
2022-05-02,ITUB4,21.07,21.25,20.69,20.96,15.54,44535284
2022-05-02,MGLU3,43.74,44.27,42.22,42.76,41.12,9192979
2022-05-02,PETR4,30.17,30.33,29.33,29.98,11.24,72456200
2022-05-02,VALE3,83.16,83.2,80.64,82.92,56.95,31473600
2022-05-02,WEGE3,29.91,30.28,28.48,28.94,26.15,12226000
2022-05-03,ABEV3,14.45,14.7,14.16,14.24,11.3,21493900
2022-05-03,B3SA3,12.8,12.87,12.47,12.55,10.77,26941300
2022-05-03,BBDC4,17.96,18.15,17.82,18.07,12.82,55511000
2022-05-03,ITUB4,21.01,21.32,20.9,21.07,15.62,29699668
2022-05-03,MGLU3,42.85,42.94,40.71,40.98,39.41,10805704
2022-05-03,PETR4,30.12,30.39,29.82,30.25,11.34,52531000
2022-05-03,VALE3,82.95,84.21,82.19,82.5,56.66,27364600
2022-05-03,WEGE3,29.04,29.04,28.25,28.41,25.67,9842500
2022-05-04,ABEV3,14.12,14.42,14.01,14.34,11.38,23653200
2022-05-04,B3SA3,12.43,12.72,12.11,12.65,10.86,44906500
2022-05-04,BBDC4,17.92,18.41,17.8,18.33,13.0,54528700
2022-05-04,ITUB4,20.97,21.04,20.65,21.04,15.6,53745441
2022-05-04,MGLU3,40.26,44.27,38.93,44.09,42.41,15889371
2022-05-04,PETR4,30.6,32.17,30.4,32.07,12.02,109417000
2022-05-04,VALE3,81.93,82.18,79.85,81.81,56.18,34032200
2022-05-04,WEGE3,28.4,29.16,27.98,28.94,26.15,8729900
2022-05-05,ABEV3,14.33,14.33,13.62,13.73,10.9,41147400
2022-05-05,B3SA3,12.51,12.54,11.93,12.12,10.4,37977600
2022-05-05,BBDC4,18.2,18.23,17.53,17.73,12.57,47513400
2022-05-05,ITUB4,20.82,20.82,20.21,20.56,15.24,45795293
2022-05-05,MGLU3,41.96,42.4,39.02,39.37,37.87,18057349
2022-05-05,PETR4,31.81,32.5,31.02,32.01,12.0,99439900
2022-05-05,VALE3,81.55,83.2,79.08,80.33,55.17,30906600
2022-05-05,WEGE3,28.7,28.88,27.67,28.16,25.45,11077900
2022-05-06,ABEV3,13.73,13.83,13.53,13.53,10.74,21978900
2022-05-06,B3SA3,11.97,12.1,11.68,11.77,10.1,35093000
2022-05-06,BBDC4,17.95,18.55,17.65,18.1,12.84,73889800
2022-05-06,ITUB4,20.55,21.38,20.54,21.0,15.56,68490643
2022-05-06,MGLU3,39.28,39.82,37.86,38.3,36.84,16346002
2022-05-06,PETR4,32.69,33.12,31.9,33.06,12.39,129570200
2022-05-06,VALE3,79.2,80.9,78.25,79.76,54.78,25204100
2022-05-06,WEGE3,28.09,28.09,26.93,27.15,24.53,13021900
2022-05-09,ABEV3,13.4,13.85,13.37,13.69,10.87,26091800
2022-05-09,B3SA3,11.69,11.97,11.51,11.74,10.07,28656000
2022-05-09,BBDC4,17.88,18.52,17.85,18.37,13.03,66525900
2022-05-09,ITUB4,20.95,21.09,20.31,20.7,15.34,63819963
2022-05-09,MGLU3,37.15,37.77,34.83,34.83,33.5,17108567
2022-05-09,PETR4,32.7,33.04,32.06,32.16,12.06,92314500
2022-05-09,VALE3,77.53,77.98,76.08,76.49,52.53,37050200
2022-05-09,WEGE3,26.9,27.5,26.63,26.66,24.09,10148000
2022-05-10,ABEV3,13.81,14.03,13.72,13.73,10.9,16310700
2022-05-10,B3SA3,11.82,11.85,11.41,11.57,9.93,32022300
2022-05-10,BBDC4,18.52,18.71,18.4,18.55,13.16,57446300
2022-05-10,ITUB4,20.82,20.95,20.45,20.59,15.26,40331174
2022-05-10,MGLU3,36.08,36.61,33.85,35.19,33.84,17828864
2022-05-10,PETR4,32.36,32.85,32.2,32.44,12.16,60330600
2022-05-10,VALE3,76.27,76.94,74.87,75.54,51.88,31905000
2022-05-10,WEGE3,26.96,27.06,26.04,26.12,23.6,8285600
2022-05-11,ABEV3,13.72,14.16,13.64,13.95,11.07,29961100
2022-05-11,B3SA3,11.51,11.72,11.29,11.29,9.69,28501400
2022-05-11,BBDC4,18.6,19.03,18.6,18.87,13.38,44034600
2022-05-11,ITUB4,20.64,21.38,20.63,21.28,15.77,64249824
2022-05-11,MGLU3,34.56,36.43,34.47,35.01,33.67,15782308
2022-05-11,PETR4,32.78,33.91,32.69,33.57,12.58,108895400
2022-05-11,VALE3,77.37,79.89,77.12,78.69,54.04,33933400
2022-05-11,WEGE3,26.12,26.4,25.9,26.1,23.58,8726100
2022-05-12,ABEV3,13.86,14.5,13.79,14.48,11.49,27076500
2022-05-12,B3SA3,11.18,12.0,11.18,11.9,10.21,57392200
2022-05-12,BBDC4,18.77,19.09,18.75,18.99,13.47,25040300
2022-05-12,ITUB4,21.12,21.77,21.12,21.62,16.02,61754278
2022-05-12,MGLU3,34.12,37.5,33.32,37.23,35.81,21678529
2022-05-12,PETR4,33.26,34.08,33.26,33.83,12.68,114415900
2022-05-12,VALE3,77.05,77.9,75.87,77.9,53.5,27737200
2022-05-12,WEGE3,26.11,26.52,25.81,26.41,23.86,8428100
2022-05-13,ABEV3,14.55,14.67,14.45,14.54,11.54,13385100
2022-05-13,B3SA3,11.83,11.83,11.44,11.47,9.84,62235900
2022-05-13,BBDC4,19.14,19.39,19.05,19.21,13.62,27983200
2022-05-13,ITUB4,21.79,21.99,21.62,21.87,16.21,29721422
2022-05-13,MGLU3,37.68,39.91,37.59,39.02,37.52,15736427
2022-05-13,PETR4,34.1,34.44,33.9,34.27,12.85,67000100
2022-05-13,VALE3,78.42,79.35,77.8,77.81,53.44,26086800
2022-05-13,WEGE3,26.73,27.06,26.41,26.5,23.95,6176600
2022-05-16,ABEV3,14.53,14.85,14.41,14.69,11.66,16896700
2022-05-16,B3SA3,11.47,11.47,11.47,11.47,9.84,0
2022-05-16,BBDC4,19.29,19.64,19.15,19.53,13.85,29746400
2022-05-16,ITUB4,21.93,22.34,21.73,22.1,16.38,30939624
2022-05-16,MGLU3,39.02,39.02,39.02,39.02,37.52,0
2022-05-16,PETR4,34.25,34.88,34.01,34.61,12.97,92075300
2022-05-16,VALE3,78.68,80.64,78.52,80.14,55.04,23828800
2022-05-16,WEGE3,26.5,26.51,25.91,26.2,23.68,7571800
2022-05-17,ABEV3,14.84,14.89,14.67,14.73,11.69,13671500
2022-05-17,B3SA3,11.88,11.95,11.78,11.9,10.21,36755200
2022-05-17,BBDC4,19.76,19.94,19.69,19.93,14.13,37015800
2022-05-17,ITUB4,22.38,22.61,22.25,22.29,16.52,30953220
2022-05-17,MGLU3,37.23,37.32,35.01,35.1,33.75,30270150
2022-05-17,PETR4,35.0,35.14,34.14,34.16,12.8,90914700
2022-05-17,VALE3,81.85,81.92,78.86,79.8,54.8,29305300
2022-05-17,WEGE3,26.53,27.1,26.13,26.91,24.32,10281000
2022-05-18,ABEV3,14.72,14.82,14.18,14.22,11.29,29516600
2022-05-18,B3SA3,11.72,11.82,11.47,11.55,9.91,45745200
2022-05-18,BBDC4,19.83,19.95,19.47,19.56,13.87,45581800
2022-05-18,ITUB4,22.22,22.39,21.92,21.98,16.29,43092975
2022-05-18,MGLU3,35.28,35.9,32.96,33.14,31.87,18766331
2022-05-18,PETR4,34.18,34.56,33.43,33.6,12.59,80986200
2022-05-18,VALE3,78.71,79.25,77.42,77.78,53.42,30631700
2022-05-18,WEGE3,26.88,27.02,26.29,26.43,23.88,9313800
2022-05-19,ABEV3,14.25,14.31,13.96,14.14,11.22,19551600
2022-05-19,B3SA3,11.58,11.83,11.54,11.81,10.13,41572300
2022-05-19,BBDC4,19.58,19.62,19.24,19.41,13.77,55752600
2022-05-19,ITUB4,21.99,22.18,21.79,21.91,16.24,25636391
2022-05-19,MGLU3,33.14,34.3,32.69,33.23,31.96,17344202
2022-05-19,PETR4,33.52,34.29,33.33,34.17,12.81,63983100
2022-05-19,VALE3,77.78,80.38,77.47,79.85,54.84,29984300
2022-05-19,WEGE3,26.55,26.55,25.52,25.53,23.07,9109900
2022-05-20,ABEV3,14.25,14.29,13.83,14.02,11.13,24557200
2022-05-20,B3SA3,11.93,12.23,11.84,12.04,10.33,70264100
2022-05-20,BBDC4,19.58,19.87,19.53,19.67,13.95,38174000
2022-05-20,ITUB4,22.14,22.27,21.93,22.18,16.44,43072014
2022-05-20,MGLU3,33.67,33.94,31.8,32.69,31.44,14809098
2022-05-20,PETR4,34.59,34.83,34.25,34.83,13.06,79589900
2022-05-20,VALE3,82.01,82.46,80.58,81.26,55.81,38372000
2022-05-20,WEGE3,25.7,26.1,25.55,25.99,23.49,9310600
2022-05-23,ABEV3,14.14,14.14,13.85,14.08,11.18,21490000
2022-05-23,B3SA3,12.08,12.2,12.02,12.1,10.38,36324700
2022-05-23,BBDC4,19.81,20.07,19.73,19.99,14.18,36222200
2022-05-23,ITUB4,22.32,22.95,22.31,22.75,16.86,43627637
2022-05-23,MGLU3,33.05,33.67,32.16,32.96,31.7,12058196
2022-05-23,PETR4,35.18,36.31,35.15,36.2,13.57,93807400
2022-05-23,VALE3,82.3,83.65,82.27,82.92,56.95,27632800
2022-05-23,WEGE3,26.02,26.72,25.95,26.57,24.01,8069400
2022-05-24,ABEV3,14.0,14.19,13.85,14.13,11.22,21853400
2022-05-24,B3SA3,12.0,12.05,11.78,12.02,10.31,36095300
2022-05-24,BBDC4,19.87,20.42,19.78,20.41,14.47,40495800
2022-05-24,ITUB4,22.67,23.21,22.55,23.1,17.12,44474328
2022-05-24,MGLU3,32.16,33.05,31.89,33.05,31.78,8150661
2022-05-24,PETR4,31.2,32.09,30.71,31.6,13.2,154453100
2022-05-24,VALE3,81.82,84.09,81.0,84.04,57.72,35176800
2022-05-24,WEGE3,26.3,26.48,25.69,26.08,23.57,8546100
2022-05-25,ABEV3,14.12,14.13,13.91,14.04,11.14,15767900
2022-05-25,B3SA3,11.91,12.05,11.61,11.91,10.22,41659600
2022-05-25,BBDC4,20.26,20.37,20.02,20.18,14.31,30288400
2022-05-25,ITUB4,22.99,23.06,22.65,22.68,16.81,32876147
2022-05-25,MGLU3,32.96,33.85,32.42,33.05,31.78,14800297
2022-05-25,PETR4,31.7,32.28,31.26,32.05,13.39,69991900
2022-05-25,VALE3,84.0,84.8,83.41,84.3,57.89,24607700
2022-05-25,WEGE3,25.84,25.96,24.9,25.31,22.87,11060700
2022-05-26,ABEV3,14.04,14.28,13.98,14.21,11.28,17300400
2022-05-26,B3SA3,11.9,12.45,11.9,12.41,10.65,59361700
2022-05-26,BBDC4,20.19,20.4,20.02,20.29,14.39,39550400
2022-05-26,ITUB4,22.71,23.1,22.7,22.97,17.02,39868230
2022-05-26,MGLU3,33.14,36.7,33.14,36.25,34.87,18606202
2022-05-26,PETR4,32.02,32.56,31.95,32.13,13.42,78303600
2022-05-26,VALE3,84.16,84.65,83.1,84.25,57.86,27450600
2022-05-26,WEGE3,25.34,25.99,25.22,25.71,23.23,7967100
2022-05-27,ABEV3,14.18,14.37,14.04,14.21,11.28,14260900
2022-05-27,B3SA3,12.47,12.88,12.32,12.7,10.9,42111400
2022-05-27,BBDC4,20.29,20.67,20.16,20.58,14.6,40497700
2022-05-27,ITUB4,23.0,23.32,22.83,23.09,17.11,27475589
2022-05-27,MGLU3,36.34,36.88,34.92,35.63,34.27,8659628
2022-05-27,PETR4,32.15,32.15,30.57,30.6,12.78,118295600
2022-05-27,VALE3,84.9,85.88,84.7,85.72,58.87,19834500
2022-05-27,WEGE3,25.75,26.37,25.57,26.22,23.69,7992800
2022-05-30,ABEV3,14.3,14.38,14.01,14.09,11.18,7925000
2022-05-30,B3SA3,12.82,13.12,12.7,12.8,10.98,26840000
2022-05-30,BBDC4,20.6,20.68,20.26,20.38,14.45,16964100
2022-05-30,ITUB4,23.19,23.34,22.88,22.88,16.96,20339502
2022-05-30,MGLU3,35.9,36.61,33.67,34.21,32.9,7682220
2022-05-30,PETR4,30.84,30.87,29.12,29.99,12.53,98110100
2022-05-30,VALE3,86.28,87.41,86.01,86.65,59.51,16147900
2022-05-30,WEGE3,26.5,26.54,25.35,25.54,23.08,7458000
2022-05-31,ABEV3,14.17,14.27,14.06,14.19,11.26,28066600
2022-05-31,B3SA3,12.83,12.96,12.63,12.77,10.96,123018500
2022-05-31,BBDC4,20.41,20.63,20.28,20.5,14.54,55770400
2022-05-31,ITUB4,23.12,23.3,22.97,23.09,17.11,75013550
2022-05-31,MGLU3,34.56,34.56,32.96,33.14,31.87,11448755
2022-05-31,PETR4,30.41,30.62,29.81,30.06,12.56,83598000
2022-05-31,VALE3,87.22,87.43,85.01,86.21,59.21,41369800
2022-05-31,WEGE3,25.59,25.73,25.15,25.37,22.93,29812700
2022-06-01,ABEV3,14.14,14.24,14.05,14.12,11.21,15219000
2022-06-01,B3SA3,12.77,12.83,12.49,12.5,10.73,23587800
2022-06-01,BBDC4,20.53,20.53,20.01,20.13,14.28,35754500
2022-06-01,ITUB4,23.2,23.23,22.75,22.75,16.88,32284608
2022-06-01,MGLU3,33.23,33.85,32.25,33.05,31.78,10900373
2022-06-01,PETR4,29.9,30.33,29.85,30.02,12.54,46353200
2022-06-01,VALE3,86.19,88.78,86.0,88.24,60.6,26258900
2022-06-01,WEGE3,25.61,26.43,25.32,26.21,23.68,7284500
2022-06-02,ABEV3,14.29,14.3,13.88,14.12,11.21,14894700
2022-06-02,B3SA3,12.59,12.99,12.59,12.89,11.06,24931700
2022-06-02,BBDC4,20.26,20.26,19.84,20.03,14.22,27083600
2022-06-02,ITUB4,22.97,23.02,22.5,22.85,16.95,20319901
2022-06-02,MGLU3,33.32,35.54,33.23,33.85,32.56,16492626
2022-06-02,PETR4,29.97,30.05,29.55,29.76,12.43,50738300
2022-06-02,VALE3,90.0,90.28,89.0,89.9,61.74,25142400
2022-06-02,WEGE3,26.5,26.63,25.88,26.33,23.79,6323600
2022-06-03,ABEV3,14.1,14.32,14.04,14.08,11.18,20761400
2022-06-03,B3SA3,12.85,12.92,12.59,12.67,10.87,16458000
2022-06-03,BBDC4,20.0,20.05,19.74,19.91,14.13,17800100
2022-06-03,ITUB4,22.73,22.91,22.58,22.64,16.79,22647423
2022-06-03,MGLU3,33.49,33.76,31.89,31.98,30.76,15720812
2022-06-03,PETR4,29.71,30.44,29.53,30.28,12.65,60396900
2022-06-03,VALE3,89.5,89.81,88.36,88.46,60.75,18431900
2022-06-03,WEGE3,26.34,26.34,25.81,25.92,23.42,4551500
2022-06-06,ABEV3,14.12,14.2,13.96,14.05,11.15,13085700
2022-06-06,B3SA3,12.77,12.79,12.22,12.28,10.54,19795100
2022-06-06,BBDC4,20.03,20.14,19.81,19.93,14.15,11405400
2022-06-06,ITUB4,22.82,22.93,22.56,22.56,16.73,15100624
2022-06-06,MGLU3,32.34,32.51,30.11,30.29,29.13,16005078
2022-06-06,PETR4,30.5,30.53,29.91,30.3,12.66,39213900
2022-06-06,VALE3,89.64,89.79,88.55,88.55,60.81,14932800
2022-06-06,WEGE3,26.11,26.44,25.76,25.98,23.48,5582200
2022-06-07,ABEV3,13.92,13.97,13.61,13.73,10.9,23888200
2022-06-07,B3SA3,12.17,12.25,11.81,11.89,10.2,37891200
2022-06-07,BBDC4,19.78,19.94,19.65,19.76,14.03,21522200
2022-06-07,ITUB4,22.48,22.67,22.39,22.56,16.73,23796625
2022-06-07,MGLU3,29.93,30.11,29.04,29.31,28.19,17534461
2022-06-07,PETR4,30.19,31.3,30.16,30.66,12.81,80333700
2022-06-07,VALE3,88.24,90.89,88.11,90.62,62.23,27004800
2022-06-07,WEGE3,25.74,26.07,25.7,25.95,23.45,6091800
2022-06-08,ABEV3,13.63,13.93,13.54,13.76,10.92,13145200
2022-06-08,B3SA3,11.8,12.05,11.74,11.79,10.12,24974600
2022-06-08,BBDC4,19.62,19.78,19.36,19.41,13.78,23629700
2022-06-08,ITUB4,22.46,22.58,22.0,22.13,16.41,33085526
2022-06-08,MGLU3,28.95,29.75,28.51,28.68,27.59,17155177
2022-06-08,PETR4,30.42,31.15,30.33,30.51,12.74,65923900
2022-06-08,VALE3,89.78,90.33,86.85,87.5,60.09,26959100
2022-06-08,WEGE3,25.76,25.84,24.41,24.41,22.06,15193900
2022-06-09,ABEV3,13.73,13.83,13.57,13.61,10.8,18417700
2022-06-09,B3SA3,11.78,12.16,11.76,11.95,10.25,27231900
2022-06-09,BBDC4,19.42,19.64,19.28,19.4,13.77,40261700
2022-06-09,ITUB4,22.12,22.17,21.64,21.75,16.13,43419279
2022-06-09,MGLU3,28.68,28.68,26.81,26.81,25.79,24280966
2022-06-09,PETR4,30.51,30.66,29.98,30.07,12.56,53879000
2022-06-09,VALE3,87.0,87.0,84.45,84.54,58.06,36291100
2022-06-09,WEGE3,24.41,25.06,24.08,24.52,22.16,12419700
2022-06-10,ABEV3,13.55,13.67,13.27,13.59,10.79,29186500
2022-06-10,B3SA3,11.8,11.94,11.65,11.66,10.01,26284500
2022-06-10,BBDC4,19.22,19.28,18.96,19.11,13.57,39495800
2022-06-10,ITUB4,21.66,21.66,21.06,21.27,15.78,40198953
2022-06-10,MGLU3,26.55,27.26,25.65,25.83,24.84,18635760
2022-06-10,PETR4,30.01,30.01,29.06,29.65,12.39,63101700
2022-06-10,VALE3,83.37,84.99,82.38,84.56,58.07,28689500
2022-06-10,WEGE3,24.5,24.64,23.87,24.0,21.69,9086600
2022-06-13,ABEV3,13.44,13.56,13.19,13.33,10.58,23595500
2022-06-13,B3SA3,11.49,11.68,11.31,11.54,9.9,36960800
2022-06-13,BBDC4,18.92,19.05,18.67,18.83,13.37,28188100
2022-06-13,ITUB4,21.18,21.3,20.68,21.02,15.59,38005578
2022-06-13,MGLU3,24.76,24.76,23.69,23.78,22.87,19279598
2022-06-13,PETR4,29.02,29.58,28.67,29.27,12.23,64507100
2022-06-13,VALE3,82.1,82.87,80.1,81.88,56.23,31050500
2022-06-13,WEGE3,23.7,23.98,23.51,23.82,21.52,14000200
2022-06-14,ABEV3,13.33,13.37,12.99,13.15,10.44,17505300
2022-06-14,B3SA3,11.53,11.62,11.38,11.49,9.86,27288400
2022-06-14,BBDC4,18.96,19.04,18.56,18.64,13.23,23589800
2022-06-14,ITUB4,21.02,21.13,20.71,20.87,15.48,22637566
2022-06-14,MGLU3,23.96,24.32,22.54,22.63,21.76,18474543
2022-06-14,PETR4,29.66,30.25,29.24,29.6,12.36,68816900
2022-06-14,VALE3,82.33,82.8,80.89,81.72,56.12,22634500
2022-06-14,WEGE3,23.86,24.5,23.69,24.25,21.91,10169400
2022-06-15,ABEV3,13.35,13.35,13.01,13.06,10.37,28421400
2022-06-15,B3SA3,11.71,11.8,11.45,11.61,9.96,31751100
2022-06-15,BBDC4,18.9,18.98,18.63,18.77,13.32,42167500
2022-06-15,ITUB4,21.11,21.32,20.84,20.96,15.55,48238381
2022-06-15,MGLU3,23.16,23.78,22.0,22.71,21.85,26137960
2022-06-15,PETR4,30.0,30.02,28.84,29.08,12.15,72785700
2022-06-15,VALE3,82.1,83.77,81.54,81.67,56.09,33610300
2022-06-15,WEGE3,24.51,24.51,23.65,24.0,21.69,15840900
2022-06-17,ABEV3,12.88,13.13,12.81,13.03,10.34,38950600
2022-06-17,B3SA3,11.4,11.49,11.17,11.45,9.83,49425100
2022-06-17,BBDC4,18.51,18.75,18.28,18.48,13.12,56517300
2022-06-17,ITUB4,20.6,20.81,20.23,20.7,15.35,51504593
2022-06-17,MGLU3,21.91,21.91,21.02,21.2,20.39,19050373
2022-06-17,PETR4,28.17,28.45,26.13,27.31,11.41,184606500
2022-06-17,VALE3,79.35,79.35,76.11,77.41,53.16,56914600
2022-06-17,WEGE3,23.56,23.63,22.82,22.83,20.63,16863300
2022-06-20,ABEV3,12.99,13.25,12.88,13.05,10.36,13366700
2022-06-20,B3SA3,11.46,11.62,11.29,11.55,9.91,12751100
2022-06-20,BBDC4,18.66,19.14,18.63,18.97,13.47,38181500
2022-06-20,ITUB4,20.81,21.63,20.81,21.6,16.02,50406830
2022-06-20,MGLU3,21.38,23.43,20.67,22.98,22.1,22348377
2022-06-20,PETR4,26.02,28.25,25.91,27.62,11.54,92581800
2022-06-20,VALE3,75.6,76.18,74.25,75.5,51.85,26725700
2022-06-20,WEGE3,23.42,24.47,23.4,24.1,21.78,15968600
2022-06-21,ABEV3,13.08,13.31,12.94,13.17,10.45,19966600
2022-06-21,B3SA3,11.6,11.77,11.4,11.49,9.86,21414500
2022-06-21,BBDC4,18.88,19.05,18.54,18.64,13.37,30440200
2022-06-21,ITUB4,21.68,21.76,21.26,21.37,15.85,37577078
2022-06-21,MGLU3,23.25,23.43,22.0,22.36,21.5,15130040
2022-06-21,PETR4,27.8,28.16,26.69,27.07,11.31,85179500
2022-06-21,VALE3,76.8,77.64,75.76,76.0,52.19,20981000
2022-06-21,WEGE3,24.23,25.38,24.01,25.3,22.86,21113500
2022-06-22,ABEV3,13.18,13.39,13.06,13.3,10.56,16963200
2022-06-22,B3SA3,11.48,11.67,11.35,11.65,10.0,27175500
2022-06-22,BBDC4,18.64,18.68,18.41,18.56,13.31,35022300
2022-06-22,ITUB4,21.42,21.47,21.02,21.21,15.73,41717966
2022-06-22,MGLU3,21.74,22.8,21.02,21.74,20.9,15046204
2022-06-22,PETR4,26.58,27.55,26.39,26.99,11.27,57874700
2022-06-22,VALE3,74.0,76.05,73.38,75.35,51.75,32228300
2022-06-22,WEGE3,25.1,26.2,24.85,25.79,23.3,13461400
2022-06-23,ABEV3,13.35,13.38,13.25,13.33,10.58,17466700
2022-06-23,B3SA3,11.63,11.9,11.55,11.58,9.94,28228200
2022-06-23,BBDC4,18.65,18.65,17.99,18.07,12.96,36957800
2022-06-23,ITUB4,21.24,21.3,20.62,20.72,15.37,30701240
2022-06-23,MGLU3,21.82,23.96,21.74,22.71,21.85,22978653
2022-06-23,PETR4,26.98,27.38,26.12,26.49,11.07,69262300
2022-06-23,VALE3,76.44,77.31,72.43,72.6,49.86,31943300
2022-06-23,WEGE3,25.91,26.35,25.56,25.91,23.41,10303100
2022-06-24,ABEV3,13.4,13.77,13.33,13.67,10.85,25329300
2022-06-24,B3SA3,11.74,11.82,11.54,11.6,9.95,19104100
2022-06-24,BBDC4,18.19,18.19,17.92,17.92,12.85,34188700
2022-06-24,ITUB4,20.91,20.94,20.56,20.69,15.34,30073785
2022-06-24,MGLU3,23.43,23.61,21.74,22.0,21.16,15883904
2022-06-24,PETR4,26.76,27.09,26.18,26.29,10.98,53413400
2022-06-24,VALE3,72.78,74.88,72.6,74.62,51.25,22394300
2022-06-24,WEGE3,26.07,26.98,25.87,26.46,23.91,11421500
2022-06-27,ABEV3,13.73,13.85,13.64,13.72,10.89,16111400
2022-06-27,B3SA3,11.68,11.76,11.51,11.6,9.95,20702300
2022-06-27,BBDC4,17.98,18.22,17.88,18.17,13.03,24748500
2022-06-27,ITUB4,20.77,20.89,20.68,20.81,15.44,26288885
2022-06-27,MGLU3,22.09,22.71,21.38,21.65,20.82,11847404
2022-06-27,PETR4,26.82,28.07,26.66,27.98,11.69,90417700
2022-06-27,VALE3,76.5,78.97,76.06,78.05,53.6,28825700
2022-06-27,WEGE3,26.65,26.7,25.88,25.93,23.47,6158200
2022-06-28,ABEV3,13.71,13.81,13.38,13.52,10.73,24086500
2022-06-28,B3SA3,11.64,11.82,11.18,11.27,9.67,26200200
2022-06-28,BBDC4,18.25,18.34,17.79,17.91,12.85,31457800
2022-06-28,ITUB4,20.94,21.04,20.32,20.58,15.27,39383080
2022-06-28,MGLU3,21.91,22.09,20.84,21.2,20.39,14621342
2022-06-28,PETR4,28.58,28.83,28.02,28.33,11.83,51388000
2022-06-28,VALE3,80.0,80.23,78.78,79.45,54.56,26052000
2022-06-28,WEGE3,26.06,26.52,25.87,26.15,23.67,5828100
2022-06-29,ABEV3,13.5,13.7,13.35,13.61,10.8,27461600
2022-06-29,B3SA3,11.28,11.3,10.89,10.95,9.51,23510100
2022-06-29,BBDC4,17.91,17.99,17.51,17.6,12.62,45403300
2022-06-29,ITUB4,20.71,20.9,20.3,20.37,15.11,34774375
2022-06-29,MGLU3,21.38,22.18,21.11,21.47,20.65,12719041
2022-06-29,PETR4,28.48,28.82,27.84,28.08,11.73,52048800
2022-06-29,VALE3,79.61,80.09,78.04,78.79,54.11,18636600
2022-06-29,WEGE3,26.19,26.44,25.92,26.03,23.56,4724300
2022-06-30,ABEV3,13.37,13.54,13.35,13.4,10.64,22872000
2022-06-30,B3SA3,10.63,11.08,10.62,10.96,9.52,53291500
2022-06-30,BBDC4,17.34,17.43,17.13,17.2,12.34,42129000
2022-06-30,ITUB4,20.14,20.19,19.89,20.01,14.84,41362317
2022-06-30,MGLU3,21.2,21.56,20.58,20.84,20.05,26042257
2022-06-30,PETR4,27.65,28.06,27.4,27.93,11.67,49910100
2022-06-30,VALE3,76.99,78.05,76.17,76.56,52.58,27471300
2022-06-30,WEGE3,25.7,26.58,25.53,26.45,23.94,10803700
2022-07-01,ABEV3,13.35,13.8,13.3,13.76,10.92,17714200
2022-07-01,B3SA3,10.75,11.31,10.73,11.19,9.72,27211900
2022-07-01,BBDC4,17.2,17.43,16.94,17.33,12.43,22723600
2022-07-01,ITUB4,19.7,20.27,19.63,20.17,14.97,39467601
2022-07-01,MGLU3,20.84,20.84,19.6,19.6,18.85,12844660
2022-07-01,PETR4,28.08,28.85,27.52,28.53,11.92,64948200
2022-07-01,VALE3,75.52,76.53,73.8,75.1,51.58,26721000
2022-07-01,WEGE3,26.45,26.89,25.89,26.5,23.99,7334800
2022-07-04,ABEV3,13.72,13.81,13.61,13.68,10.86,7157000
2022-07-04,B3SA3,11.11,11.35,11.02,11.08,9.62,11748300
2022-07-04,BBDC4,17.24,17.3,17.06,17.13,12.3,10774200
2022-07-04,ITUB4,20.01,20.12,19.87,19.97,14.83,9918395
2022-07-04,MGLU3,19.42,19.78,18.8,18.97,18.25,11605864
2022-07-04,PETR4,28.54,29.28,28.54,29.14,12.17,37324200
2022-07-04,VALE3,74.0,75.01,73.58,74.67,51.28,12474200
2022-07-04,WEGE3,26.49,26.94,26.43,26.49,23.98,4041600
2022-07-05,ABEV3,13.62,14.14,13.52,14.09,11.18,26056900
2022-07-05,B3SA3,11.0,11.34,10.94,11.27,9.78,26123700
2022-07-05,BBDC4,16.99,17.25,16.85,17.17,12.33,19873600
2022-07-05,ITUB4,19.86,20.11,19.6,20.11,14.93,32430425
2022-07-05,MGLU3,18.71,21.56,18.08,21.2,20.39,30505303
2022-07-05,PETR4,28.9,28.95,27.55,28.03,11.71,78428500
2022-07-05,VALE3,74.34,74.42,72.57,74.3,51.03,26472200
2022-07-05,WEGE3,26.31,27.2,26.11,27.02,24.46,9210200
2022-07-06,ABEV3,14.06,14.39,14.02,14.23,11.3,21918400
2022-07-06,B3SA3,11.23,11.43,10.91,11.11,9.65,50471100
2022-07-06,BBDC4,17.11,17.3,16.93,17.03,12.23,20841700
2022-07-06,ITUB4,19.96,20.19,19.73,19.93,14.79,31863245
2022-07-06,MGLU3,21.2,23.25,21.2,22.27,21.42,29538873
2022-07-06,PETR4,28.16,28.48,26.91,27.67,11.56,57617200
2022-07-06,VALE3,74.65,75.45,73.54,75.0,51.51,23138800
2022-07-06,WEGE3,27.11,28.05,26.92,27.1,24.53,11535800
2022-07-07,ABEV3,14.35,14.38,14.0,14.23,11.3,19019700
2022-07-07,B3SA3,11.29,11.42,11.16,11.36,9.86,23833400
2022-07-07,BBDC4,17.22,17.48,17.14,17.38,12.48,39176300
2022-07-07,ITUB4,20.11,20.34,20.05,20.21,15.0,45776032
2022-07-07,MGLU3,22.8,23.61,21.65,22.8,21.93,22028603
2022-07-07,PETR4,28.0,28.92,28.0,28.48,11.9,52147300
2022-07-07,VALE3,77.26,78.22,76.88,77.18,53.0,34251200
2022-07-07,WEGE3,27.26,27.79,26.8,27.61,24.99,8539800
2022-07-08,ABEV3,14.24,14.36,14.12,14.31,11.36,13974800
2022-07-08,B3SA3,11.39,11.53,11.32,11.44,9.93,20410600
2022-07-08,BBDC4,17.43,17.64,17.27,17.39,12.49,19211100
2022-07-08,ITUB4,20.5,20.53,20.11,20.22,15.01,25028649
2022-07-08,MGLU3,22.54,23.61,21.91,23.34,22.45,17081736
2022-07-08,PETR4,28.53,28.97,28.37,28.8,12.03,43097800
2022-07-08,VALE3,76.83,77.86,75.3,75.4,51.78,24149200
2022-07-08,WEGE3,27.61,27.65,26.81,27.27,24.68,5482100
2022-07-11,ABEV3,14.21,14.34,14.03,14.1,11.19,11484300
2022-07-11,B3SA3,11.21,11.22,10.69,10.77,9.35,45053000
2022-07-11,BBDC4,17.19,17.31,16.93,17.04,12.24,15202200
2022-07-11,ITUB4,19.94,20.04,19.71,19.89,14.77,18746051
2022-07-11,MGLU3,22.71,23.96,22.36,23.43,22.53,17554410
2022-07-11,PETR4,28.32,28.79,28.25,28.66,11.97,39577600
2022-07-11,VALE3,74.15,74.16,72.56,72.83,50.02,22076800
2022-07-11,WEGE3,26.89,26.95,26.37,26.58,24.06,6136000
2022-07-12,ABEV3,14.11,14.11,13.53,13.79,10.95,50374400
2022-07-12,B3SA3,10.82,10.82,10.42,10.54,9.15,37587600
2022-07-12,BBDC4,17.06,17.32,16.85,17.11,12.29,25334600
2022-07-12,ITUB4,19.89,20.04,19.51,19.85,14.73,22335508
2022-07-12,MGLU3,23.61,26.99,23.34,26.1,25.1,36911557
2022-07-12,PETR4,28.3,28.43,27.97,28.23,11.79,46462000
2022-07-12,VALE3,72.0,73.17,71.06,73.05,50.17,22460000
2022-07-12,WEGE3,26.53,26.87,26.37,26.59,24.07,5197000
2022-07-13,ABEV3,13.8,14.67,13.8,14.57,11.57,53045500
2022-07-13,B3SA3,10.42,10.61,10.23,10.28,8.93,64624500
2022-07-13,BBDC4,17.04,17.13,16.72,16.72,12.01,30571100
2022-07-13,ITUB4,19.75,20.07,19.67,19.77,14.67,38407906
2022-07-13,MGLU3,25.57,26.55,25.03,25.21,24.24,32285263
2022-07-13,PETR4,28.13,28.48,27.98,28.25,11.8,35497200
2022-07-13,VALE3,72.95,73.64,72.31,72.8,50.0,22980800
2022-07-13,WEGE3,26.33,27.09,25.95,26.73,24.19,7119900
2022-07-14,ABEV3,14.38,14.96,14.37,14.84,11.78,42313700
2022-07-14,B3SA3,10.07,10.36,9.71,10.28,8.93,72406700
2022-07-14,BBDC4,16.48,16.48,16.18,16.34,11.73,45285000
2022-07-14,ITUB4,19.61,19.68,19.1,19.55,14.51,54813633
2022-07-14,MGLU3,24.41,27.44,24.23,25.92,24.93,21171459
2022-07-14,PETR4,28.0,28.0,27.24,27.49,11.48,47151000
2022-07-14,VALE3,70.5,70.83,67.56,67.95,46.67,57715800
2022-07-14,WEGE3,26.44,26.83,26.04,26.4,23.89,6633600
2022-07-15,ABEV3,14.81,14.88,14.57,14.59,11.58,25341500
2022-07-15,B3SA3,10.21,10.33,9.98,10.03,8.71,66586300
2022-07-15,BBDC4,16.44,16.65,16.22,16.44,11.81,39165900
2022-07-15,ITUB4,19.59,20.04,19.44,19.9,14.77,35260546
2022-07-15,MGLU3,26.46,26.63,24.5,24.76,23.82,17370100
2022-07-15,PETR4,27.7,28.05,27.49,27.96,11.68,38610800
2022-07-15,VALE3,67.5,68.49,66.65,68.37,46.95,36589000
2022-07-15,WEGE3,26.39,26.79,25.85,26.55,24.03,6464800
2022-07-18,ABEV3,14.6,14.72,14.41,14.49,11.5,16582000
2022-07-18,B3SA3,10.09,10.44,10.02,10.27,8.92,39197600
2022-07-18,BBDC4,16.59,16.85,16.46,16.65,11.96,27541200
2022-07-18,ITUB4,20.02,20.3,19.84,20.17,14.97,23331189
2022-07-18,MGLU3,25.3,27.35,24.41,24.67,23.73,22076762
2022-07-18,PETR4,28.39,28.69,28.3,28.6,11.95,46782300
2022-07-18,VALE3,70.39,70.39,68.7,68.73,47.2,22131300
2022-07-18,WEGE3,26.9,27.18,26.02,26.12,23.64,6260100
2022-07-19,ABEV3,14.49,14.76,14.42,14.48,11.49,21362100
2022-07-19,B3SA3,10.27,10.5,10.13,10.21,8.86,47346400
2022-07-19,BBDC4,16.79,17.29,16.65,17.26,12.39,32754800
2022-07-19,ITUB4,20.15,20.98,20.15,20.85,15.47,39625655
2022-07-19,MGLU3,25.03,25.65,23.52,24.85,23.9,20925069
2022-07-19,PETR4,28.55,29.24,28.4,29.18,12.19,48562300
2022-07-19,VALE3,68.21,69.27,67.99,68.88,47.3,21785500
2022-07-19,WEGE3,26.25,27.15,26.11,26.96,24.4,7068400
2022-07-20,ABEV3,14.41,14.56,14.11,14.3,11.35,48699500
2022-07-20,B3SA3,10.19,10.59,10.14,10.54,9.15,62025800
2022-07-20,BBDC4,17.19,17.29,16.93,17.04,12.24,35322500
2022-07-20,ITUB4,20.74,20.88,20.51,20.58,15.28,33584725
2022-07-20,MGLU3,24.85,27.35,24.76,27.35,26.3,25256433
2022-07-20,PETR4,29.07,29.22,28.83,29.17,12.18,43520800
2022-07-20,VALE3,68.46,68.48,66.18,67.39,46.28,40427400
2022-07-20,WEGE3,27.0,27.18,25.77,25.99,23.52,14736400
2022-07-21,ABEV3,14.24,14.59,14.18,14.56,11.56,25407300
2022-07-21,B3SA3,10.56,11.07,10.51,11.01,9.56,54553200
2022-07-21,BBDC4,16.94,17.35,16.88,17.27,12.4,28221100
2022-07-21,ITUB4,20.55,20.86,20.26,20.75,15.4,24553356
2022-07-21,MGLU3,27.35,27.88,26.28,26.81,25.79,18624635
2022-07-21,PETR4,28.98,29.13,28.2,29.02,12.12,58843200
2022-07-21,VALE3,67.31,68.62,66.64,68.57,47.09,26987300
2022-07-21,WEGE3,26.05,26.07,25.01,25.33,22.93,12130500
2022-07-22,ABEV3,14.54,14.62,14.36,14.51,11.52,22205400
2022-07-22,B3SA3,11.08,11.18,10.62,10.72,9.31,50276200
2022-07-22,BBDC4,17.31,17.38,16.91,17.05,12.24,32676600
2022-07-22,ITUB4,20.83,20.92,20.38,20.53,15.24,25588351
2022-07-22,MGLU3,27.17,27.53,25.12,25.48,24.5,18122213
2022-07-22,PETR4,29.04,29.47,28.85,29.33,12.25,55676200
2022-07-22,VALE3,69.8,70.75,68.97,69.21,47.53,27884000
2022-07-22,WEGE3,25.49,26.24,25.18,25.84,23.39,10870400
2022-07-25,ABEV3,14.53,14.78,14.45,14.68,11.65,14348000
2022-07-25,B3SA3,10.79,10.79,10.49,10.73,9.32,30968000
2022-07-25,BBDC4,17.07,17.37,17.06,17.28,12.41,24554900
2022-07-25,ITUB4,20.65,20.97,20.47,20.83,15.46,36454048
2022-07-25,MGLU3,25.74,26.46,24.76,24.85,23.9,14573620
2022-07-25,PETR4,29.61,30.75,29.61,30.7,12.82,79106600
2022-07-25,VALE3,70.66,71.23,70.04,70.49,48.41,19833200
2022-07-25,WEGE3,25.92,26.78,25.9,26.48,24.09,10255700
2022-07-26,ABEV3,14.69,14.88,14.55,14.82,11.76,27532200
2022-07-26,B3SA3,10.72,10.85,10.65,10.73,9.32,34753400
2022-07-26,BBDC4,17.27,17.46,17.02,17.16,12.32,25712700
2022-07-26,ITUB4,20.86,21.09,20.58,20.71,15.38,24585080
2022-07-26,MGLU3,24.94,24.94,22.98,23.25,22.36,15698685
2022-07-26,PETR4,31.2,31.62,30.59,31.01,12.95,78360100
2022-07-26,VALE3,71.32,71.42,69.58,70.36,48.32,19791500
2022-07-26,WEGE3,26.49,26.7,26.12,26.2,23.84,6015000
2022-07-27,ABEV3,14.85,15.1,14.65,14.98,11.89,37333600
2022-07-27,B3SA3,10.87,10.93,10.62,10.88,9.45,32123300
2022-07-27,BBDC4,17.22,17.33,17.07,17.26,12.39,20248300
2022-07-27,ITUB4,20.85,21.01,20.65,20.79,15.43,27262812
2022-07-27,MGLU3,23.43,24.85,23.25,24.05,23.13,19737834
2022-07-27,PETR4,31.3,31.47,30.62,31.35,13.1,56097200
2022-07-27,VALE3,69.97,70.62,69.31,70.52,48.43,21666900
2022-07-27,WEGE3,26.38,26.88,26.26,26.87,24.45,5446300
2022-07-28,ABEV3,15.44,15.8,14.73,15.1,11.99,70122600
2022-07-28,B3SA3,10.75,11.37,10.74,11.26,9.78,26345100
2022-07-28,BBDC4,17.2,17.41,16.96,17.39,12.49,32776400
2022-07-28,ITUB4,20.79,20.94,20.56,20.92,15.53,26772676
2022-07-28,MGLU3,24.23,24.67,22.98,24.23,23.3,23348541
2022-07-28,PETR4,31.59,32.63,31.43,32.29,13.49,114996500
2022-07-28,VALE3,71.46,71.97,70.31,70.69,48.55,21778700
2022-07-28,WEGE3,26.97,28.14,26.91,27.93,25.41,9270700
2022-07-29,ABEV3,15.13,15.23,14.83,14.93,11.85,40541400
2022-07-29,B3SA3,11.36,11.36,11.05,11.09,9.63,26771200
2022-07-29,BBDC4,17.39,17.72,17.32,17.43,12.52,31334800
2022-07-29,ITUB4,20.95,21.17,20.71,20.85,15.47,33518445
2022-07-29,MGLU3,24.41,24.67,22.89,22.98,22.1,18808844
2022-07-29,PETR4,33.6,34.66,32.83,34.15,14.27,181480600
2022-07-29,VALE3,69.67,70.32,68.03,69.75,47.9,77006600
2022-07-29,WEGE3,27.91,28.64,27.88,28.04,25.51,10100100
2022-08-01,ABEV3,14.86,14.89,14.43,14.63,11.61,34565900
2022-08-01,B3SA3,11.02,11.12,10.71,10.87,9.44,26237600
2022-08-01,BBDC4,17.45,17.57,17.28,17.39,12.49,22790100
2022-08-01,ITUB4,21.05,21.05,20.51,20.71,15.39,28369526
2022-08-01,MGLU3,22.98,24.85,22.71,24.23,23.3,26110983
2022-08-01,PETR4,34.0,34.15,33.22,33.68,14.07,81365100
2022-08-01,VALE3,68.94,69.85,67.93,68.08,46.75,38874000
2022-08-01,WEGE3,28.04,28.68,27.77,27.88,25.36,8202200
2022-08-02,ABEV3,14.56,14.79,14.51,14.71,11.68,12515800
2022-08-02,B3SA3,10.9,10.99,10.67,10.8,9.38,29130100
2022-08-02,BBDC4,17.4,17.93,17.36,17.67,12.7,40541200
2022-08-02,ITUB4,20.86,21.04,20.64,20.94,15.55,24247559
2022-08-02,MGLU3,23.96,24.67,23.52,24.14,23.22,14913007
2022-08-02,PETR4,33.77,34.5,33.48,33.83,14.13,69147100
2022-08-02,VALE3,68.33,70.47,66.98,70.25,48.25,32636900
2022-08-02,WEGE3,27.85,28.6,27.72,28.38,25.82,7214800
2022-08-03,ABEV3,14.73,14.82,14.4,14.63,11.61,19576600
2022-08-03,B3SA3,10.79,11.2,10.68,11.16,9.69,29172900
2022-08-03,BBDC4,17.76,18.04,17.56,17.95,12.9,28300300
2022-08-03,ITUB4,20.92,21.13,20.78,21.09,15.66,22712684
2022-08-03,MGLU3,24.23,26.28,24.14,26.1,25.1,21426807
2022-08-03,PETR4,34.01,34.16,33.56,33.85,14.14,65544500
2022-08-03,VALE3,70.06,70.15,67.52,67.52,46.37,31934600
2022-08-03,WEGE3,28.36,28.48,27.88,28.12,25.58,6627100
2022-08-04,ABEV3,14.75,14.8,14.4,14.68,11.65,22962500
2022-08-04,B3SA3,11.25,12.0,11.25,11.9,10.33,59880700
2022-08-04,BBDC4,18.1,18.43,18.04,18.28,13.14,46297600
2022-08-04,ITUB4,21.23,21.69,21.16,21.6,16.04,38418670
2022-08-04,MGLU3,27.17,30.11,27.17,29.75,28.61,27211800
2022-08-04,PETR4,34.08,34.4,33.58,34.21,14.29,54387500
2022-08-04,VALE3,67.67,68.05,66.82,67.13,46.1,40540800
2022-08-04,WEGE3,28.38,28.87,28.1,28.81,26.21,5433900
2022-08-05,ABEV3,14.73,14.94,14.57,14.6,11.59,20809900
2022-08-05,B3SA3,11.94,12.19,11.62,12.07,10.48,32183700
2022-08-05,BBDC4,18.1,18.67,17.78,18.5,13.3,70278300
2022-08-05,ITUB4,21.62,22.18,21.39,22.0,16.34,64015406
2022-08-05,MGLU3,29.22,30.11,27.44,28.15,27.07,27359265
2022-08-05,PETR4,34.15,35.06,34.12,34.87,14.57,77882600
2022-08-05,VALE3,67.89,68.75,67.5,68.0,46.7,36129300
2022-08-05,WEGE3,28.75,29.14,28.63,28.83,26.23,4063300
2022-08-08,ABEV3,14.68,14.82,14.51,14.8,11.75,16864800
2022-08-08,B3SA3,12.16,12.6,12.03,12.45,10.81,42688100
2022-08-08,BBDC4,18.56,18.67,18.38,18.56,13.34,28027200
2022-08-08,ITUB4,22.14,22.32,21.87,22.28,16.55,46382867
2022-08-08,MGLU3,28.77,31.0,28.59,29.13,28.01,21670514
2022-08-08,PETR4,35.14,36.77,35.13,36.63,15.3,109484600
2022-08-08,VALE3,68.83,69.14,67.76,68.58,47.1,35705300
2022-08-08,WEGE3,29.26,30.19,29.17,29.73,27.05,9073300
2022-08-09,ABEV3,14.84,14.87,14.62,14.74,11.7,13704000
2022-08-09,B3SA3,12.52,12.68,12.17,12.25,10.64,42042800
2022-08-09,BBDC4,18.6,18.92,18.41,18.83,13.54,33583700
2022-08-09,ITUB4,22.98,23.2,22.32,22.86,16.98,117640069
2022-08-09,MGLU3,29.75,30.2,26.99,27.44,26.39,18214614
2022-08-09,PETR4,37.01,37.46,36.85,37.23,15.55,79051200
2022-08-09,VALE3,68.59,70.16,68.15,70.0,48.07,35174600
2022-08-09,WEGE3,29.84,30.14,29.19,29.58,26.91,6007000
2022-08-10,ABEV3,14.95,15.19,14.75,15.16,12.03,19048300
2022-08-10,B3SA3,12.63,12.7,12.27,12.37,10.74,45312100
2022-08-10,BBDC4,18.83,19.18,18.79,19.13,13.75,40650200
2022-08-10,ITUB4,23.09,23.39,22.86,23.28,17.3,55029810
2022-08-10,MGLU3,28.68,29.66,28.06,29.31,28.19,19968260
2022-08-10,PETR4,37.65,37.65,36.61,37.11,15.5,78369600
2022-08-10,VALE3,70.73,70.81,69.12,70.05,48.11,30202200
2022-08-10,WEGE3,29.96,30.93,29.8,30.68,27.91,8105700
2022-08-11,ABEV3,15.31,15.31,15.06,15.13,12.01,11619800
2022-08-11,B3SA3,12.44,12.53,11.99,12.15,10.55,34195200
2022-08-11,BBDC4,19.32,19.49,19.24,19.29,13.87,38010400
2022-08-11,ITUB4,23.5,23.64,23.24,23.32,17.32,45877889
2022-08-11,MGLU3,29.66,29.84,26.9,27.08,26.04,19726215
2022-08-11,PETR4,37.45,37.86,36.25,36.25,15.14,128896500
2022-08-11,VALE3,70.8,73.65,70.55,72.49,49.78,51158600
2022-08-11,WEGE3,30.92,30.99,29.9,30.13,27.41,6286900
2022-08-12,ABEV3,15.26,15.36,15.08,15.21,12.07,17954400
2022-08-12,B3SA3,12.42,13.1,12.33,13.1,11.37,59351200
2022-08-12,BBDC4,19.4,19.54,19.31,19.53,14.04,29995100
2022-08-12,ITUB4,23.47,23.65,23.27,23.6,17.53,43155063
2022-08-12,MGLU3,26.81,32.25,26.28,31.89,30.67,39483449
2022-08-12,PETR4,29.1,31.83,29.08,31.71,16.27,171288300
2022-08-12,VALE3,68.78,69.8,68.3,69.8,50.42,35608400
2022-08-12,WEGE3,30.32,30.96,29.95,30.9,28.11,8429300
2022-08-15,ABEV3,15.13,15.5,15.06,15.42,12.24,21276600
2022-08-15,B3SA3,13.1,13.28,12.83,13.2,11.46,21740700
2022-08-15,BBDC4,19.25,19.5,19.17,19.43,13.97,30443000
2022-08-15,ITUB4,23.25,23.93,23.25,23.8,17.68,41430750
2022-08-15,MGLU3,31.44,36.08,31.36,35.99,34.61,31843506
2022-08-15,PETR4,30.88,32.23,30.55,31.72,16.27,96759000
2022-08-15,VALE3,68.0,68.55,67.04,68.3,49.34,26735800
2022-08-15,WEGE3,30.73,31.0,30.15,30.34,27.6,7390400
2022-08-16,ABEV3,15.44,15.61,15.33,15.5,12.3,16447100
2022-08-16,B3SA3,13.13,13.21,12.89,13.12,11.39,23841700
2022-08-16,BBDC4,19.41,19.78,19.35,19.71,14.17,23972600
2022-08-16,ITUB4,23.78,24.14,23.5,24.08,17.89,29105976
2022-08-16,MGLU3,36.43,38.21,35.1,36.97,35.55,25255142
2022-08-16,PETR4,31.72,32.07,31.5,32.01,16.42,64218800
2022-08-16,VALE3,69.5,70.35,69.11,69.82,50.44,22070200
2022-08-16,WEGE3,30.34,30.94,30.34,30.59,27.83,5016200
2022-08-17,ABEV3,15.46,15.63,15.35,15.55,12.34,27664000
2022-08-17,B3SA3,13.0,13.16,12.81,12.87,11.17,49940200
2022-08-17,BBDC4,19.58,19.88,19.52,19.74,14.19,23628000
2022-08-17,ITUB4,23.9,24.25,23.83,24.14,17.93,28593294
2022-08-17,MGLU3,35.9,38.21,35.54,35.81,34.44,26663788
2022-08-17,PETR4,31.65,32.82,31.6,32.76,16.81,72924700
2022-08-17,VALE3,68.32,68.8,67.89,68.23,49.29,29131700
2022-08-17,WEGE3,30.41,30.67,29.96,30.43,27.68,6125800
2022-08-18,ABEV3,15.66,16.02,15.59,16.0,12.7,34709400
2022-08-18,B3SA3,12.87,12.93,12.63,12.85,11.16,17097000
2022-08-18,BBDC4,19.81,19.92,19.67,19.86,14.28,22363200
2022-08-18,ITUB4,24.17,24.29,23.93,24.07,17.88,37051026
2022-08-18,MGLU3,36.34,36.34,34.03,35.9,34.53,16246360
2022-08-18,PETR4,33.1,33.66,32.87,33.42,17.14,84552500
2022-08-18,VALE3,68.3,68.61,67.71,67.72,48.92,27692000
2022-08-18,WEGE3,30.53,31.07,30.49,30.84,28.06,4327000
2022-08-19,ABEV3,15.89,16.22,15.54,15.66,12.43,38987700
2022-08-19,B3SA3,12.7,12.84,12.27,12.51,10.86,41620300
2022-08-19,BBDC4,19.71,19.8,19.41,19.61,14.1,22014600
2022-08-19,ITUB4,23.65,23.74,23.27,23.51,17.66,26106699
2022-08-19,MGLU3,34.92,35.54,33.05,33.67,32.38,17073620
2022-08-19,PETR4,32.92,33.15,31.33,31.73,16.28,125178200
2022-08-19,VALE3,67.0,67.44,66.48,66.96,48.37,45903800
2022-08-19,WEGE3,30.68,30.98,29.75,29.85,27.16,7775300
2022-08-22,ABEV3,15.71,15.77,15.34,15.42,12.24,18162300
2022-08-22,B3SA3,12.45,12.52,12.27,12.3,10.68,28907700
2022-08-22,BBDC4,19.37,19.51,19.25,19.34,13.9,15569700
2022-08-22,ITUB4,23.3,23.34,23.02,23.25,17.47,24991487
2022-08-22,MGLU3,32.78,34.65,32.16,34.03,32.73,18132226
2022-08-22,PETR4,31.74,32.58,30.48,32.41,16.63,92400300
2022-08-22,VALE3,66.8,66.91,65.83,65.98,47.66,19335700
2022-08-22,WEGE3,29.56,29.62,28.81,28.95,26.34,7237300
2022-08-23,ABEV3,15.35,15.52,15.29,15.44,12.26,14311100
2022-08-23,B3SA3,12.3,12.48,12.08,12.43,10.79,30905000
2022-08-23,BBDC4,19.31,19.55,19.3,19.48,14.0,12149300
2022-08-23,ITUB4,23.26,23.43,23.2,23.31,17.51,16685011
2022-08-23,MGLU3,34.47,37.32,34.38,36.97,35.55,20961318
2022-08-23,PETR4,32.63,33.5,32.62,33.44,17.15,73215800
2022-08-23,VALE3,66.78,70.3,66.65,70.21,50.72,37223500
2022-08-23,WEGE3,28.94,29.04,28.53,28.8,26.2,8786300
2022-08-24,ABEV3,15.44,15.89,15.43,15.8,12.54,18054400
2022-08-24,B3SA3,12.4,12.69,12.28,12.46,10.82,25584600
2022-08-24,BBDC4,19.39,19.6,19.36,19.37,13.92,23308700
2022-08-24,ITUB4,23.26,23.52,23.26,23.41,17.58,22899063
2022-08-24,MGLU3,36.88,41.51,36.88,40.09,38.55,31614775
2022-08-24,PETR4,33.54,34.12,33.25,33.64,17.26,61067900
2022-08-24,VALE3,69.78,70.25,67.81,67.95,49.08,28773800
2022-08-24,WEGE3,28.85,29.28,28.74,28.79,26.19,5426700
2022-08-25,ABEV3,15.95,16.08,15.75,15.82,12.56,10482600
2022-08-25,B3SA3,12.57,12.82,12.48,12.77,11.09,17673600
2022-08-25,BBDC4,19.46,19.68,19.35,19.51,14.03,33878200
2022-08-25,ITUB4,23.49,23.72,23.42,23.7,17.8,31242248
2022-08-25,MGLU3,41.51,42.67,40.8,41.69,40.09,21590943
2022-08-25,PETR4,34.1,34.36,32.67,33.28,17.07,99511600
2022-08-25,VALE3,68.9,69.43,68.25,69.27,50.04,24956700
2022-08-25,WEGE3,29.03,29.38,28.86,28.95,26.34,5546600
2022-08-26,ABEV3,15.89,15.9,15.61,15.67,12.44,12927600
2022-08-26,B3SA3,12.82,12.85,12.39,12.43,10.79,21823200
2022-08-26,BBDC4,19.6,19.82,19.39,19.44,13.97,29014500
2022-08-26,ITUB4,23.74,23.95,23.44,23.56,17.7,28445551
2022-08-26,MGLU3,42.13,42.4,39.64,40.8,39.24,17109914
2022-08-26,PETR4,33.28,33.67,32.57,33.64,17.26,63545400
2022-08-26,VALE3,69.65,71.2,68.23,68.23,49.29,28510100
2022-08-26,WEGE3,29.18,29.23,28.61,28.81,26.21,6257700
2022-08-29,ABEV3,15.65,15.69,15.51,15.61,12.39,9512400
2022-08-29,B3SA3,12.46,12.59,12.28,12.34,10.71,20187300
2022-08-29,BBDC4,19.3,19.63,19.12,19.51,14.03,19061800
2022-08-29,ITUB4,23.42,23.64,23.23,23.48,17.64,21271281
2022-08-29,MGLU3,40.17,41.78,40.09,40.26,38.72,15767905
2022-08-29,PETR4,33.55,35.08,33.45,34.48,17.69,73339500
2022-08-29,VALE3,67.5,67.9,66.85,66.91,48.33,22128100
2022-08-29,WEGE3,28.68,28.72,28.06,28.37,25.81,6306200
2022-08-30,ABEV3,15.7,15.73,15.26,15.39,12.22,15374700
2022-08-30,B3SA3,12.47,12.57,12.01,12.19,10.58,25350200
2022-08-30,BBDC4,19.68,19.7,19.41,19.45,13.98,18597600
2022-08-30,ITUB4,23.57,23.74,23.29,23.37,17.56,34434249
2022-08-30,MGLU3,41.33,42.13,38.66,40.17,38.64,19733299
2022-08-30,PETR4,34.0,34.22,32.27,32.43,16.64,99361100
2022-08-30,VALE3,65.94,66.58,64.4,64.97,46.93,34469300
2022-08-30,WEGE3,28.48,28.62,28.09,28.39,25.83,11887500
2022-08-31,ABEV3,15.42,15.62,15.27,15.27,12.12,22741700
2022-08-31,B3SA3,12.17,12.32,11.85,11.85,10.29,51605400
2022-08-31,BBDC4,19.53,19.61,18.88,18.96,13.63,50789500
2022-08-31,ITUB4,23.53,23.53,22.78,22.78,17.11,56502823
2022-08-31,MGLU3,40.71,41.15,37.95,38.04,36.58,20432716
2022-08-31,PETR4,32.07,33.44,31.82,33.23,17.05,114235400
2022-08-31,VALE3,65.42,65.68,64.5,64.5,46.59,33242900
2022-08-31,WEGE3,28.67,28.76,28.2,28.29,25.74,11184100
2022-09-01,ABEV3,15.36,15.7,15.09,15.43,12.25,33540800
2022-09-01,B3SA3,11.76,12.11,11.66,12.1,10.51,45098300
2022-09-01,BBDC4,18.97,19.39,18.66,19.12,13.74,32988800
2022-09-01,ITUB4,23.0,23.13,22.54,23.12,17.38,54988228
2022-09-01,MGLU3,38.3,39.37,36.61,38.93,37.44,19198152
2022-09-01,PETR4,33.36,33.95,32.76,33.85,17.36,69184700
2022-09-01,VALE3,63.98,63.98,61.9,63.89,46.15,40922200
2022-09-01,WEGE3,28.28,28.64,27.6,28.38,25.82,7750600
2022-09-02,ABEV3,15.47,15.74,15.35,15.48,12.29,22400800
2022-09-02,B3SA3,12.12,12.98,12.08,12.64,10.97,76178400
2022-09-02,BBDC4,19.17,19.66,19.12,19.31,13.9,49703800
2022-09-02,ITUB4,23.26,23.62,23.24,23.43,17.62,52927981
2022-09-02,MGLU3,40.17,40.35,37.41,37.95,36.5,17288779
2022-09-02,PETR4,34.44,34.57,33.26,33.42,17.14,81792300
2022-09-02,VALE3,64.49,64.82,62.92,62.92,45.45,49910300
2022-09-02,WEGE3,28.58,30.28,28.4,30.21,27.48,15536400
2022-09-05,ABEV3,15.6,15.61,15.44,15.55,12.34,9796000
2022-09-05,B3SA3,12.64,12.96,12.57,12.85,11.16,27073800
2022-09-05,BBDC4,19.4,19.55,19.21,19.35,13.92,14188800
2022-09-05,ITUB4,23.51,24.03,23.48,23.81,17.9,28039710
2022-09-05,MGLU3,38.39,39.11,37.95,38.48,37.01,7850757
2022-09-05,PETR4,33.85,34.11,33.15,33.34,17.1,76337600
2022-09-05,VALE3,64.45,66.48,64.23,65.22,47.11,24319700
2022-09-05,WEGE3,30.38,31.42,30.31,30.9,28.11,7376200
2022-09-06,ABEV3,15.44,15.66,15.39,15.56,12.35,20160400
2022-09-06,B3SA3,12.6,12.62,12.24,12.39,10.76,45033200
2022-09-06,BBDC4,19.35,19.45,19.05,19.23,13.84,35403700
2022-09-06,ITUB4,23.57,23.85,23.43,23.59,17.74,60187679
2022-09-06,MGLU3,37.95,37.95,34.56,35.63,34.27,20727816
2022-09-06,PETR4,32.27,32.59,31.51,32.1,16.47,111813500
2022-09-06,VALE3,64.67,65.55,63.59,63.67,45.99,24525000
2022-09-06,WEGE3,30.92,31.19,30.02,30.29,27.56,7818500
2022-09-08,ABEV3,15.6,15.74,15.35,15.5,12.3,22311100
2022-09-08,B3SA3,12.4,13.04,12.33,13.0,11.29,55191000
2022-09-08,BBDC4,19.25,19.33,18.95,19.12,13.76,18121700
2022-09-08,ITUB4,23.74,23.83,23.38,23.42,17.61,32229771
2022-09-08,MGLU3,36.17,38.84,35.99,38.21,36.75,20196969
2022-09-08,PETR4,32.31,32.78,31.4,31.8,16.31,63159800
2022-09-08,VALE3,64.17,64.7,63.56,64.51,46.6,24144700
2022-09-08,WEGE3,30.29,30.69,29.7,30.21,27.48,6160600
2022-09-09,ABEV3,15.5,15.76,15.48,15.72,12.48,13422600
2022-09-09,B3SA3,13.05,13.22,12.88,12.95,11.24,25300300
2022-09-09,BBDC4,19.31,19.56,19.27,19.38,13.95,17577500
2022-09-09,ITUB4,23.57,23.87,23.5,23.61,17.75,27710574
2022-09-09,MGLU3,39.37,39.46,38.3,39.02,37.52,15147788
2022-09-09,PETR4,32.49,32.67,31.7,31.79,16.31,49871900
2022-09-09,VALE3,66.55,69.64,66.24,69.55,50.24,49273400
2022-09-09,WEGE3,30.3,30.87,30.29,30.45,27.7,3199600
2022-09-12,ABEV3,15.79,15.8,15.58,15.7,12.46,18048600
2022-09-12,B3SA3,12.95,13.33,12.94,13.25,11.5,28719300
2022-09-12,BBDC4,19.55,19.93,19.48,19.57,14.08,21459500
2022-09-12,ITUB4,23.83,24.11,23.72,23.9,17.97,30293474
2022-09-12,MGLU3,39.55,42.94,39.46,42.67,41.04,22777740
2022-09-12,PETR4,32.15,32.73,31.46,31.48,16.15,71374500
2022-09-12,VALE3,70.09,70.6,69.26,70.16,50.68,24797600
2022-09-12,WEGE3,30.75,32.23,30.68,31.8,28.93,8149600
2022-09-13,ABEV3,15.6,15.88,15.49,15.59,12.38,27453000
2022-09-13,B3SA3,13.0,13.19,12.78,12.88,11.18,20298200
2022-09-13,BBDC4,19.46,19.6,19.3,19.42,13.97,20325400
2022-09-13,ITUB4,23.72,23.98,23.57,23.65,17.78,36812756
2022-09-13,MGLU3,40.89,42.22,39.28,41.87,40.27,20582831
2022-09-13,PETR4,30.94,31.44,30.52,30.65,15.72,88327800
2022-09-13,VALE3,69.32,71.0,68.09,68.25,49.3,29457800
2022-09-13,WEGE3,31.27,31.51,30.42,30.61,27.85,7885400
2022-09-14,ABEV3,15.59,15.59,15.27,15.38,12.21,17680200
2022-09-14,B3SA3,12.82,13.02,12.7,12.78,11.1,22001400
2022-09-14,BBDC4,19.32,19.49,19.2,19.33,13.91,17631500
2022-09-14,ITUB4,23.6,23.73,23.36,23.57,17.72,32836152
2022-09-14,MGLU3,41.6,42.05,39.37,39.82,38.3,22891146
2022-09-14,PETR4,30.75,31.43,30.63,31.12,15.96,49039700
2022-09-14,VALE3,67.75,68.98,66.47,67.0,48.4,31018300
2022-09-14,WEGE3,30.59,30.91,30.28,30.62,27.86,4667700
2022-09-15,ABEV3,15.38,15.44,15.24,15.3,12.15,13293700
2022-09-15,B3SA3,12.75,12.88,12.45,12.56,10.9,23504300
2022-09-15,BBDC4,19.35,19.49,19.13,19.26,13.86,17430800
2022-09-15,ITUB4,23.5,23.93,23.49,23.63,17.76,24907645
2022-09-15,MGLU3,40.17,40.89,38.04,38.66,37.18,18435891
2022-09-15,PETR4,30.92,31.23,30.8,31.06,15.93,45553200
2022-09-15,VALE3,67.8,68.63,67.18,68.35,49.37,36958800
2022-09-15,WEGE3,30.55,30.56,29.82,30.01,27.3,3266400
2022-09-16,ABEV3,15.24,15.4,15.14,15.27,12.12,47764700
2022-09-16,B3SA3,12.44,12.65,12.19,12.38,10.75,71825800
2022-09-16,BBDC4,19.12,19.17,18.76,19.04,13.7,55848400
2022-09-16,ITUB4,23.48,23.72,23.35,23.55,17.7,49605006
2022-09-16,MGLU3,37.86,40.44,36.97,39.73,38.21,20020226
2022-09-16,PETR4,30.86,30.95,30.34,30.78,15.79,107303600
2022-09-16,VALE3,67.28,68.85,66.59,68.25,49.3,65178000
2022-09-16,WEGE3,29.8,30.64,29.5,30.48,27.73,12522000
2022-09-19,ABEV3,15.3,15.53,15.18,15.47,12.28,14253700
2022-09-19,B3SA3,12.2,13.35,12.04,13.22,11.48,57616200
2022-09-19,BBDC4,19.03,19.61,18.93,19.53,14.05,47561500
2022-09-19,ITUB4,23.49,24.54,23.46,24.43,18.37,46524605
2022-09-19,MGLU3,38.75,41.42,38.66,40.62,39.07,17437299
2022-09-19,PETR4,30.5,31.38,29.88,31.27,16.04,65559900
2022-09-19,VALE3,67.43,70.56,67.33,70.46,50.9,34136800
2022-09-19,WEGE3,30.44,30.98,30.06,30.6,27.84,5470400
2022-09-20,ABEV3,15.48,15.76,15.32,15.76,12.51,43727000
2022-09-20,B3SA3,13.21,13.82,13.2,13.64,11.84,56083600
2022-09-20,BBDC4,19.53,20.24,19.52,20.16,14.51,55045000
2022-09-20,ITUB4,24.55,25.3,24.51,25.24,18.98,71309887
2022-09-20,MGLU3,40.35,41.42,39.28,39.73,38.21,15365832
2022-09-20,PETR4,31.42,31.6,30.84,31.09,15.95,67798200
2022-09-20,VALE3,69.8,70.1,68.4,69.45,50.17,35289700
2022-09-20,WEGE3,30.67,31.44,30.65,31.13,28.32,7372000
2022-09-21,ABEV3,15.77,15.87,15.47,15.55,12.34,24983700
2022-09-21,B3SA3,13.7,13.73,13.27,13.32,11.56,36774800
2022-09-21,BBDC4,20.19,20.3,19.91,20.04,14.42,36242300
2022-09-21,ITUB4,25.24,25.31,24.87,24.98,18.78,54495600
2022-09-21,MGLU3,39.82,43.74,39.19,42.31,40.69,28304433
2022-09-21,PETR4,31.35,31.47,30.89,31.17,15.99,58812200
2022-09-21,VALE3,69.45,69.99,68.41,68.45,49.45,44482000
2022-09-21,WEGE3,31.0,31.56,30.67,31.18,28.37,6342700
2022-09-22,ABEV3,15.71,15.72,15.4,15.67,12.44,32533500
2022-09-22,B3SA3,13.45,13.6,13.12,13.44,11.67,56032400
2022-09-22,BBDC4,20.3,20.6,20.02,20.5,14.75,39088100
2022-09-22,ITUB4,25.23,25.6,24.99,25.48,19.16,49376706
2022-09-22,MGLU3,43.29,44.27,40.44,40.98,39.41,27275295
2022-09-22,PETR4,31.48,32.08,31.03,31.94,16.38,69764300
2022-09-22,VALE3,70.17,70.7,69.28,70.02,50.58,34529500
2022-09-22,WEGE3,31.35,31.39,30.08,31.01,28.21,8889000
2022-09-23,ABEV3,15.4,15.48,15.17,15.37,12.2,39045900
2022-09-23,B3SA3,13.03,13.39,13.01,13.39,11.7,48607100
2022-09-23,BBDC4,20.22,20.29,19.74,20.1,14.46,38353600
2022-09-23,ITUB4,25.07,25.2,24.7,24.98,18.78,38830402
2022-09-23,MGLU3,40.09,41.96,40.0,41.24,39.67,17097127
2022-09-23,PETR4,31.32,31.39,29.77,29.94,15.36,138630800
2022-09-23,VALE3,68.71,69.05,67.83,68.57,49.53,44160700
2022-09-23,WEGE3,30.42,30.68,30.14,30.57,27.81,5895500
2022-09-26,ABEV3,15.36,15.49,15.17,15.27,12.12,25475400
2022-09-26,B3SA3,13.23,13.27,12.82,12.87,11.24,21406800
2022-09-26,BBDC4,19.9,20.05,19.71,19.74,14.2,10591200
2022-09-26,ITUB4,24.83,24.87,24.4,24.44,18.37,16535115
2022-09-26,MGLU3,40.8,42.22,39.55,39.91,38.38,11929130
2022-09-26,PETR4,29.72,30.08,29.27,29.29,15.03,42934600
2022-09-26,VALE3,67.7,69.42,67.64,68.72,49.64,18503200
2022-09-26,WEGE3,30.57,30.57,30.57,30.57,27.85,0
2022-09-27,ABEV3,15.39,15.6,15.25,15.44,12.26,34504900
2022-09-27,B3SA3,12.62,12.86,12.57,12.75,11.14,65114400
2022-09-27,BBDC4,19.69,19.79,19.58,19.62,14.12,29141500
2022-09-27,ITUB4,24.32,24.42,24.2,24.3,18.27,43896612
2022-09-27,MGLU3,37.32,38.04,37.06,37.23,35.81,27908546
2022-09-27,PETR4,29.66,29.88,29.58,29.67,15.22,71087600
2022-09-27,VALE3,67.64,68.23,67.19,67.7,48.9,31646600
2022-09-27,WEGE3,30.76,30.8,29.9,30.05,27.38,7256200
2022-09-28,ABEV3,15.42,15.8,15.38,15.72,12.48,30344400
2022-09-28,B3SA3,12.76,12.94,12.45,12.85,11.23,51750700
2022-09-28,BBDC4,19.62,20.04,19.49,19.63,14.13,38504200
2022-09-28,ITUB4,24.34,24.71,24.1,24.29,18.26,47539207
2022-09-28,MGLU3,37.41,39.11,36.52,38.57,37.1,18469727
2022-09-28,PETR4,29.67,29.82,28.58,29.27,15.02,104670700
2022-09-28,VALE3,67.71,68.84,67.44,68.34,49.37,24371000
2022-09-28,WEGE3,30.05,30.64,29.81,30.32,27.62,5869400
2022-09-29,ABEV3,15.59,15.76,15.47,15.61,12.39,40055300
2022-09-29,B3SA3,12.55,12.69,12.22,12.6,11.01,43982600
2022-09-29,BBDC4,19.41,19.96,19.39,19.78,14.23,36767300
2022-09-29,ITUB4,24.24,24.81,24.15,24.65,18.53,58853685
2022-09-29,MGLU3,37.77,38.21,35.81,36.08,34.7,17756928
2022-09-29,PETR4,28.99,29.4,28.6,29.31,15.04,87536500
2022-09-29,VALE3,67.93,68.78,67.35,68.43,49.43,34889700
2022-09-29,WEGE3,30.01,30.24,29.58,30.14,27.46,9294800
2022-09-30,ABEV3,15.6,15.69,15.45,15.54,12.34,28170400
2022-09-30,B3SA3,12.38,13.18,12.36,13.05,11.4,60495600
2022-09-30,BBDC4,19.66,20.0,19.66,19.84,14.28,23472700
2022-09-30,ITUB4,24.55,24.84,24.46,24.77,18.62,38351030
2022-09-30,MGLU3,36.43,40.53,35.45,39.91,38.38,27836508
2022-09-30,PETR4,29.22,30.49,29.0,29.8,15.29,121637100
2022-09-30,VALE3,68.49,72.9,68.26,72.04,52.04,55575000
2022-09-30,WEGE3,30.85,32.18,30.55,32.14,29.28,15921500
2022-10-03,ABEV3,15.8,16.32,15.53,16.3,12.94,37122200
2022-10-03,B3SA3,14.09,14.28,13.63,13.88,12.13,87509200
2022-10-03,BBDC4,20.24,21.31,20.15,21.21,15.26,72013900
2022-10-03,ITUB4,25.41,26.28,25.15,26.26,19.75,80831732
2022-10-03,MGLU3,42.31,44.27,41.07,43.74,42.06,25423510
2022-10-03,PETR4,31.91,32.64,31.66,32.18,16.51,179694100
2022-10-03,VALE3,73.24,74.17,71.13,74.0,53.45,42688100
2022-10-03,WEGE3,32.33,33.63,31.33,33.58,30.59,14750100
2022-10-04,ABEV3,16.5,16.5,16.09,16.24,12.89,21559300
2022-10-04,B3SA3,14.65,15.16,14.12,14.48,12.65,71455800
2022-10-04,BBDC4,21.56,21.6,21.02,21.18,15.25,32759000
2022-10-04,ITUB4,26.45,26.66,25.95,26.3,19.79,49601833
2022-10-04,MGLU3,45.34,46.59,44.18,45.34,43.61,20703152
2022-10-04,PETR4,32.9,32.98,31.07,31.37,16.09,115917200
2022-10-04,VALE3,74.2,76.25,74.06,75.79,54.75,41717500
2022-10-04,WEGE3,33.8,34.14,32.92,33.24,30.28,5980900
2022-10-05,ABEV3,16.31,16.33,15.95,16.12,12.8,38105500
2022-10-05,B3SA3,14.3,14.97,14.01,14.73,12.87,65316100
2022-10-05,BBDC4,21.24,21.64,21.03,21.41,15.42,28893000
2022-10-05,ITUB4,26.36,26.55,26.18,26.3,19.79,34375446
2022-10-05,MGLU3,45.52,46.94,44.45,45.61,43.86,18503495
2022-10-05,PETR4,31.41,32.82,31.2,32.55,16.7,92893700
2022-10-05,VALE3,76.29,77.86,76.12,76.96,55.59,42621400
2022-10-05,WEGE3,33.36,33.95,32.65,33.67,30.68,6648500
2022-10-06,ABEV3,16.25,16.26,15.98,16.15,12.82,28042900
2022-10-06,B3SA3,14.8,14.99,14.56,14.83,12.96,38746900
2022-10-06,BBDC4,21.56,21.56,20.82,20.97,15.1,47265200
2022-10-06,ITUB4,26.39,26.43,25.72,25.83,19.43,55358719
2022-10-06,MGLU3,46.14,48.1,45.43,47.84,46.01,19686217
2022-10-06,PETR4,33.0,33.79,32.44,33.66,17.27,82671900
2022-10-06,VALE3,77.2,77.57,74.92,75.23,54.34,76852200
2022-10-06,WEGE3,33.99,34.18,33.66,33.73,30.73,5312700
2022-10-07,ABEV3,15.96,16.04,15.3,15.42,12.24,40213400
2022-10-07,B3SA3,14.82,14.95,14.64,14.8,12.93,15926100
2022-10-07,BBDC4,20.65,20.67,20.06,20.47,14.74,73837200
2022-10-07,ITUB4,25.77,25.88,25.29,25.88,19.47,63511108
2022-10-07,MGLU3,47.57,48.19,46.59,47.3,45.49,17090582
2022-10-07,PETR4,33.58,34.32,33.22,33.63,17.25,73500100
2022-10-07,VALE3,75.36,79.44,75.16,75.51,54.55,83593200
2022-10-07,WEGE3,33.72,33.84,33.02,33.35,30.38,4132400
2022-10-10,ABEV3,15.46,15.47,15.06,15.2,12.07,29475700
2022-10-10,B3SA3,14.89,14.92,14.62,14.84,12.96,23633600
2022-10-10,BBDC4,20.46,20.53,20.01,20.16,14.52,49206300
2022-10-10,ITUB4,26.02,26.07,25.41,25.6,19.26,54805929
2022-10-10,MGLU3,47.57,48.64,46.23,47.39,45.58,15013379
2022-10-10,PETR4,33.65,33.89,33.0,33.25,17.06,52222600
2022-10-10,VALE3,76.41,77.02,73.48,73.99,53.45,45515900
2022-10-10,WEGE3,33.58,34.39,33.56,34.27,31.22,5924600
2022-10-11,ABEV3,15.18,15.27,14.94,14.99,11.9,30204200
2022-10-11,B3SA3,14.8,14.81,14.21,14.35,12.54,35328900
2022-10-11,BBDC4,20.01,20.23,19.98,20.11,14.48,32893900
2022-10-11,ITUB4,25.51,25.73,25.35,25.43,19.13,36485999
2022-10-11,MGLU3,47.39,48.46,45.61,46.05,44.29,17536470
2022-10-11,PETR4,32.89,33.33,32.61,33.0,16.93,58332400
2022-10-11,VALE3,73.2,74.18,72.03,73.49,53.09,33885800
2022-10-11,WEGE3,34.2,34.64,33.74,33.9,30.89,6250100
2022-10-13,ABEV3,14.82,15.16,14.7,15.01,11.91,25868700
2022-10-13,B3SA3,14.0,14.26,13.66,13.9,12.14,75195100
2022-10-13,BBDC4,19.9,20.05,19.62,19.82,14.27,37633900
2022-10-13,ITUB4,25.15,25.57,25.02,25.28,19.02,42127432
2022-10-13,MGLU3,46.05,46.14,42.85,43.83,42.15,20239695
2022-10-13,PETR4,32.5,34.49,32.41,33.94,17.41,91143900
2022-10-13,VALE3,72.25,72.8,71.05,72.18,52.14,32960000
2022-10-13,WEGE3,33.58,34.0,33.04,33.47,30.49,6147300
2022-10-14,ABEV3,15.02,15.12,14.79,14.83,11.77,16971400
2022-10-14,B3SA3,14.02,14.22,13.66,13.89,12.13,61172000
2022-10-14,BBDC4,19.84,20.1,19.57,19.69,14.18,26359800
2022-10-14,ITUB4,25.38,25.75,25.12,25.29,19.02,45494368
2022-10-14,MGLU3,44.18,44.45,38.57,38.93,37.44,28768361
2022-10-14,PETR4,33.97,34.14,33.3,33.42,17.14,62246100
2022-10-14,VALE3,72.61,73.36,69.6,69.83,50.44,34091700
2022-10-14,WEGE3,33.48,33.84,32.35,32.86,29.94,6263600
2022-10-17,ABEV3,14.92,15.06,14.77,14.92,11.84,11542800
2022-10-17,B3SA3,14.0,14.42,13.82,14.15,12.36,32624700
2022-10-17,BBDC4,19.75,19.99,19.66,19.83,14.28,18923800
2022-10-17,ITUB4,25.54,25.68,25.33,25.49,19.17,23093825
2022-10-17,MGLU3,39.82,41.69,38.75,38.93,37.44,20449410
2022-10-17,PETR4,33.24,34.15,32.84,33.39,17.13,100936400
2022-10-17,VALE3,70.21,71.24,69.26,70.93,51.24,25840500
2022-10-17,WEGE3,32.89,33.92,32.63,33.61,30.62,7601300
2022-10-18,ABEV3,15.06,15.13,14.82,14.9,11.83,24386300
2022-10-18,B3SA3,14.39,14.41,13.84,14.0,12.23,48479200
2022-10-18,BBDC4,20.04,20.15,19.77,19.98,14.39,44309400
2022-10-18,ITUB4,25.86,26.12,25.64,26.12,19.65,52346412
2022-10-18,MGLU3,40.0,40.35,37.5,38.48,37.01,20836282
2022-10-18,PETR4,33.9,34.23,33.16,34.21,17.55,82313200
2022-10-18,VALE3,72.3,72.83,70.74,71.96,51.98,27494000
2022-10-18,WEGE3,33.98,35.03,33.97,34.56,31.49,9402000
2022-10-19,ABEV3,14.93,15.04,14.78,14.89,11.82,31016000
2022-10-19,B3SA3,14.11,14.31,13.85,14.25,12.45,31144700
2022-10-19,BBDC4,19.98,20.12,19.84,20.07,14.45,29547600
2022-10-19,ITUB4,26.09,26.27,25.87,26.13,19.65,32142870
2022-10-19,MGLU3,38.39,38.39,36.25,37.32,35.9,20106734
2022-10-19,PETR4,34.13,35.56,34.02,35.42,18.17,113700900
2022-10-19,VALE3,71.63,72.13,70.58,71.11,51.37,22651000
2022-10-19,WEGE3,34.48,34.77,34.28,34.65,31.57,4180600
2022-10-20,ABEV3,14.96,15.11,14.9,15.04,11.94,25176800
2022-10-20,B3SA3,14.34,14.43,13.87,14.0,12.23,68817500
2022-10-20,BBDC4,20.1,20.38,20.0,20.3,14.62,49603500
2022-10-20,ITUB4,26.3,26.7,26.14,26.53,19.96,77600529
2022-10-20,MGLU3,37.59,37.59,34.74,36.43,35.04,24007129
2022-10-20,PETR4,36.1,36.55,35.77,36.47,18.71,114347400
2022-10-20,VALE3,70.98,73.19,70.32,72.02,52.02,37240700
2022-10-20,WEGE3,34.74,34.84,34.21,34.66,31.58,7265000
2022-10-21,ABEV3,14.99,15.35,14.95,15.31,12.15,36933200
2022-10-21,B3SA3,14.0,14.81,13.95,14.63,12.78,76677800
2022-10-21,BBDC4,20.17,20.84,20.17,20.73,14.93,50452400
2022-10-21,ITUB4,26.42,27.61,26.32,27.41,20.62,55808067
2022-10-21,MGLU3,35.81,37.5,34.92,36.97,35.55,23213929
2022-10-21,PETR4,36.45,38.39,36.39,37.72,19.35,139601400
2022-10-21,VALE3,71.8,74.68,71.44,74.13,53.55,36846800
2022-10-21,WEGE3,34.64,35.51,34.47,35.2,32.07,6512600
2022-10-24,ABEV3,15.16,15.34,15.02,15.18,12.05,19032100
2022-10-24,B3SA3,14.4,14.52,13.94,14.04,12.27,39162400
2022-10-24,BBDC4,20.47,20.56,19.71,19.85,14.3,41018300
2022-10-24,ITUB4,27.19,27.26,25.98,26.17,19.69,57756261
2022-10-24,MGLU3,36.17,36.79,35.19,36.34,34.95,14035095
2022-10-24,PETR4,36.5,36.82,34.23,34.25,17.57,142110900
2022-10-24,VALE3,73.27,73.95,71.18,71.93,51.96,32035800
2022-10-24,WEGE3,34.86,35.16,34.36,34.92,31.81,8644200
2022-10-25,ABEV3,15.18,15.2,14.83,14.91,11.84,26198600
2022-10-25,B3SA3,13.88,14.24,13.77,13.85,12.1,39314700
2022-10-25,BBDC4,19.84,19.99,19.67,19.73,14.21,24860900
2022-10-25,ITUB4,26.17,26.28,25.96,25.96,19.53,29513856
2022-10-25,MGLU3,36.25,39.82,35.99,38.21,36.75,24138171
2022-10-25,PETR4,34.04,34.5,33.21,33.53,17.2,113161200
2022-10-25,VALE3,71.61,73.27,70.92,71.93,51.96,28158100
2022-10-25,WEGE3,34.79,35.84,34.73,35.05,31.93,11524300
2022-10-26,ABEV3,14.8,15.15,14.6,15.1,11.99,33679000
2022-10-26,B3SA3,13.66,13.81,13.11,13.18,11.51,58938700
2022-10-26,BBDC4,19.04,19.32,18.83,18.87,13.59,55001100
2022-10-26,ITUB4,25.6,25.89,25.31,25.4,19.11,55085780
2022-10-26,MGLU3,37.41,37.68,34.56,34.83,33.5,21019694
2022-10-26,PETR4,32.6,33.53,31.9,32.71,16.78,121334800
2022-10-26,VALE3,71.28,74.85,71.12,73.53,53.12,40845700
2022-10-26,WEGE3,36.79,38.96,36.61,37.98,34.6,28711200
2022-10-27,ABEV3,15.25,15.76,15.21,15.56,12.35,51627700
2022-10-27,B3SA3,13.31,14.43,13.15,13.88,12.13,57273000
2022-10-27,BBDC4,19.07,19.39,19.0,19.22,13.84,32956100
2022-10-27,ITUB4,25.69,26.15,25.52,25.87,19.46,44860228
2022-10-27,MGLU3,35.1,38.48,34.92,37.59,36.15,24694557
2022-10-27,PETR4,32.81,33.54,32.67,32.96,16.91,111008800
2022-10-27,VALE3,72.0,72.12,69.43,70.91,51.22,52613000
2022-10-27,WEGE3,37.83,39.41,37.53,38.83,35.38,10912300
2022-10-28,ABEV3,15.56,15.77,15.48,15.77,12.52,29961700
2022-10-28,B3SA3,13.78,14.25,13.61,14.18,12.39,53816500
2022-10-28,BBDC4,19.23,19.42,19.12,19.33,13.92,23368600
2022-10-28,ITUB4,25.78,26.17,25.68,26.07,19.61,32422834
2022-10-28,MGLU3,37.15,39.55,36.52,39.02,37.52,22491812
2022-10-28,PETR4,32.7,33.12,31.86,32.57,16.71,129745400
2022-10-28,VALE3,68.59,69.05,66.65,67.45,48.72,52793500
2022-10-28,WEGE3,38.63,39.25,37.88,38.47,35.05,7314600
2022-10-31,ABEV3,15.77,16.02,15.7,16.0,12.7,26748700
2022-10-31,B3SA3,14.13,15.13,13.89,15.04,13.14,93369800
2022-10-31,BBDC4,18.75,20.01,18.75,19.86,14.3,58768900
2022-10-31,ITUB4,25.6,26.98,25.55,26.83,20.18,94899400
2022-10-31,MGLU3,39.02,41.51,37.95,39.82,38.3,29600729
2022-10-31,PETR4,30.61,31.6,29.16,29.81,15.29,262409400
2022-10-31,VALE3,66.0,69.4,65.52,67.13,48.49,39184100
2022-10-31,WEGE3,37.7,40.6,37.45,40.28,36.7,12566800
2022-11-01,ABEV3,16.03,16.14,15.77,15.79,12.53,28453200
2022-11-01,B3SA3,15.02,15.44,14.7,15.12,13.21,43955100
2022-11-01,BBDC4,20.1,20.56,19.76,19.97,14.38,48476000
2022-11-01,ITUB4,27.36,27.62,26.55,26.88,20.24,47491734
2022-11-01,MGLU3,40.35,41.6,38.57,40.62,39.07,22829807
2022-11-01,PETR4,30.57,30.67,29.56,29.86,15.32,115944200
2022-11-01,VALE3,69.45,70.8,68.95,69.17,49.97,42670000
2022-11-01,WEGE3,40.05,40.49,39.16,39.41,35.91,11428100
2022-11-03,ABEV3,15.51,16.04,15.46,16.02,12.72,26575500
2022-11-03,B3SA3,14.95,15.5,14.83,15.38,13.44,38761200
2022-11-03,BBDC4,19.6,19.77,19.35,19.61,14.14,31611800
2022-11-03,ITUB4,26.48,26.78,26.03,26.69,20.09,36849352
2022-11-03,MGLU3,39.73,44.09,39.19,43.38,41.72,27259455
2022-11-03,PETR4,29.8,30.39,29.44,29.95,15.36,139062100
2022-11-03,VALE3,67.64,67.94,66.58,67.15,48.51,34390300
2022-11-03,WEGE3,38.86,40.5,38.0,40.2,36.62,8951600
2022-11-04,ABEV3,16.17,16.56,16.04,16.45,13.06,30212300
2022-11-04,B3SA3,15.5,15.98,15.43,15.6,13.63,35021800
2022-11-04,BBDC4,19.9,20.01,19.4,19.4,13.99,41996600
2022-11-04,ITUB4,27.09,27.3,26.7,26.79,20.16,35511052
2022-11-04,MGLU3,44.54,44.63,42.4,43.02,41.38,17948141
2022-11-04,PETR4,30.8,30.9,28.18,28.3,14.52,195361000
2022-11-04,VALE3,71.15,73.39,70.8,72.25,52.19,61191100
2022-11-04,WEGE3,40.3,41.49,40.29,40.8,37.17,12213700
2022-11-07,ABEV3,16.33,16.62,16.31,16.36,12.99,32125700
2022-11-07,B3SA3,15.41,15.6,15.2,15.3,13.37,63757400
2022-11-07,BBDC4,19.27,19.4,18.74,18.76,13.52,52267000
2022-11-07,ITUB4,26.54,26.76,25.95,26.18,19.7,52676342
2022-11-07,MGLU3,42.76,44.0,40.09,40.44,38.89,19200431
2022-11-07,PETR4,27.96,28.3,27.07,27.15,13.93,117206600
2022-11-07,VALE3,72.0,73.03,71.44,71.87,51.92,29445500
2022-11-07,WEGE3,40.3,41.89,40.3,40.9,37.26,10878700
2022-11-08,ABEV3,16.26,16.78,16.19,16.74,13.29,31603000
2022-11-08,B3SA3,15.26,15.66,15.17,15.33,13.39,62326600
2022-11-08,BBDC4,18.68,18.73,18.35,18.58,13.39,56009200
2022-11-08,ITUB4,25.99,26.18,25.77,26.1,19.64,31659758
2022-11-08,MGLU3,40.17,42.49,40.09,41.24,39.67,18775031
2022-11-08,PETR4,27.06,27.53,26.75,27.35,14.03,94745400
2022-11-08,VALE3,71.65,74.93,71.65,74.05,53.49,39756500
2022-11-08,WEGE3,40.9,42.42,40.48,40.8,37.17,13437300
2022-11-09,ABEV3,16.61,16.88,16.42,16.48,13.08,27623800
2022-11-09,B3SA3,15.2,15.49,14.83,15.24,13.31,98960200
2022-11-09,BBDC4,17.2,17.25,15.25,15.35,11.07,499194800
2022-11-09,ITUB4,25.3,25.66,24.58,24.85,18.7,147203325
2022-11-09,MGLU3,41.24,41.6,39.19,39.82,38.3,13589251
2022-11-09,PETR4,27.15,27.95,26.64,26.9,13.8,103303500
2022-11-09,VALE3,74.1,74.78,72.52,73.15,52.84,42208500
2022-11-09,WEGE3,40.75,41.69,40.14,40.6,36.99,8842100
2022-11-10,ABEV3,16.16,16.48,15.87,15.99,12.69,56534200
2022-11-10,B3SA3,14.9,14.95,13.1,13.31,11.63,131426800
2022-11-10,BBDC4,15.4,15.55,14.84,14.9,10.74,180563000
2022-11-10,ITUB4,24.15,24.67,23.8,24.38,18.35,99105549
2022-11-10,MGLU3,37.59,38.75,34.65,35.45,34.1,25406974
2022-11-10,PETR4,26.08,26.89,25.61,26.12,13.4,145470100
2022-11-10,VALE3,71.5,75.47,71.38,74.55,53.85,47658100
2022-11-10,WEGE3,40.15,40.75,38.25,39.23,35.74,18520800
2022-11-11,ABEV3,15.76,16.2,15.66,16.09,12.77,30034900
2022-11-11,B3SA3,12.8,13.22,12.32,12.58,10.99,80262500
2022-11-11,BBDC4,15.0,15.5,14.7,15.15,10.92,121144900
2022-11-11,ITUB4,24.71,24.89,23.49,23.59,17.76,111377525
2022-11-11,MGLU3,36.61,36.97,30.11,30.82,29.64,43699958
2022-11-11,PETR4,25.8,27.36,25.7,26.99,13.85,146365800
2022-11-11,VALE3,77.99,82.99,77.21,82.3,59.45,80174100
2022-11-11,WEGE3,39.14,40.32,38.37,39.99,36.43,9507500
2022-11-14,ABEV3,16.33,16.38,15.78,15.95,12.66,20762300
2022-11-14,B3SA3,12.7,12.81,12.35,12.47,10.89,46911100
2022-11-14,BBDC4,15.37,15.49,14.82,15.16,10.93,73637500
2022-11-14,ITUB4,23.87,24.1,23.3,23.52,17.7,59148831
2022-11-14,MGLU3,31.62,33.05,30.73,32.25,31.01,24196872
2022-11-14,PETR4,27.26,28.18,27.09,27.7,14.21,66639500
2022-11-14,VALE3,82.39,84.44,81.38,83.31,60.18,43822500
2022-11-14,WEGE3,40.0,41.17,39.64,40.66,37.04,6076200
2022-11-16,ABEV3,15.94,15.99,15.37,15.44,12.26,42516500
2022-11-16,B3SA3,12.46,12.64,12.23,12.4,10.83,98671500
2022-11-16,BBDC4,15.29,15.44,15.01,15.21,10.96,69709700
2022-11-16,ITUB4,23.52,23.56,22.96,23.19,17.45,50719991
2022-11-16,MGLU3,32.25,32.42,29.48,29.66,28.53,25161876
2022-11-16,PETR4,27.81,28.11,26.93,27.15,13.93,85549900
2022-11-16,VALE3,83.32,84.77,81.54,82.44,59.55,32935300
2022-11-16,WEGE3,40.4,40.68,38.32,38.71,35.27,14823500
2022-11-17,ABEV3,15.3,15.53,15.0,15.4,12.22,35475900
2022-11-17,B3SA3,12.03,12.11,11.28,11.65,10.18,276369600
2022-11-17,BBDC4,15.19,15.55,15.04,15.54,11.2,111982000
2022-11-17,ITUB4,22.86,23.34,22.77,23.33,17.56,77606874
2022-11-17,MGLU3,28.68,30.82,26.99,30.2,29.04,27057823
2022-11-17,PETR4,27.0,27.3,26.55,27.16,13.93,101525800
2022-11-17,VALE3,80.87,83.29,80.74,83.1,60.03,31790500
2022-11-17,WEGE3,38.31,39.76,37.52,39.55,36.03,8238900
2022-11-18,ABEV3,15.56,15.84,15.42,15.62,12.4,40152500
2022-11-18,B3SA3,11.95,12.29,11.7,11.87,10.37,94746800
2022-11-18,BBDC4,15.75,16.02,15.58,15.61,11.25,76091400
2022-11-18,ITUB4,23.56,23.96,23.29,23.51,17.7,56028889
2022-11-18,MGLU3,31.18,31.89,27.53,28.06,26.99,30234710
2022-11-18,PETR4,27.4,27.6,26.22,26.7,13.7,127683500
2022-11-18,VALE3,84.35,84.49,80.7,80.83,58.39,44324400
2022-11-18,WEGE3,39.56,40.28,39.1,39.28,35.79,6672000
2022-11-21,ABEV3,15.78,15.8,15.52,15.67,12.44,15656100
2022-11-21,B3SA3,12.04,12.42,11.85,12.05,10.53,69352000
2022-11-21,BBDC4,15.71,15.83,15.23,15.5,11.17,46728300
2022-11-21,ITUB4,23.83,23.95,23.27,23.58,17.75,43986685
2022-11-21,MGLU3,28.86,31.0,28.51,30.11,28.96,28205307
2022-11-21,PETR4,27.12,27.57,26.05,26.78,13.74,164898100
2022-11-21,VALE3,79.1,80.19,78.28,79.92,57.73,27745900
2022-11-21,WEGE3,39.39,39.84,38.86,39.49,35.98,4928900
2022-11-22,ABEV3,15.7,15.88,15.5,15.66,12.43,31512300
2022-11-22,B3SA3,12.06,12.33,11.64,11.99,10.47,61014900
2022-11-22,BBDC4,15.58,15.7,15.3,15.44,11.13,40922700
2022-11-22,ITUB4,23.65,23.79,23.03,23.2,17.46,64036253
2022-11-22,MGLU3,30.2,30.73,28.51,29.75,28.61,22957627
2022-11-22,PETR4,23.0,23.43,22.3,23.33,12.8,164261300
2022-11-22,VALE3,79.95,81.46,79.39,80.14,57.89,27105100
2022-11-22,WEGE3,39.65,40.0,38.29,38.9,35.44,7992000
2022-11-23,ABEV3,15.65,15.85,15.55,15.72,12.48,26642400
2022-11-23,B3SA3,11.7,12.3,11.65,11.99,10.47,34017900
2022-11-23,BBDC4,15.32,15.45,15.21,15.33,11.05,48131200
2022-11-23,ITUB4,23.03,23.14,22.82,22.96,17.28,55607979
2022-11-23,MGLU3,29.31,30.11,28.51,30.11,28.96,18755453
2022-11-23,PETR4,23.0,23.65,22.8,23.44,12.86,77317300
2022-11-23,VALE3,80.93,81.36,79.94,80.93,58.46,22415800
2022-11-23,WEGE3,38.78,39.26,38.4,38.94,35.48,5489100
2022-11-24,ABEV3,15.89,16.21,15.75,16.04,12.73,14019000
2022-11-24,B3SA3,12.14,12.83,12.11,12.66,11.06,42778100
2022-11-24,BBDC4,15.5,15.8,15.39,15.64,11.27,25028500
2022-11-24,ITUB4,23.12,23.95,23.05,23.78,17.9,30856235
2022-11-24,MGLU3,30.55,32.6,30.55,32.07,30.84,18454673
2022-11-24,PETR4,23.52,24.63,23.25,24.25,13.31,94233800
2022-11-24,VALE3,81.51,82.39,80.61,81.45,58.84,12420900
2022-11-24,WEGE3,39.2,40.57,39.06,39.76,36.22,5489500
2022-11-25,ABEV3,16.03,16.07,15.69,15.77,12.52,16221100
2022-11-25,B3SA3,12.35,12.45,11.91,12.05,10.53,38771600
2022-11-25,BBDC4,15.64,15.68,15.3,15.35,11.07,31535100
2022-11-25,ITUB4,23.64,23.67,22.85,22.94,17.27,46086134
2022-11-25,MGLU3,32.07,32.25,29.57,30.46,29.3,23583098
2022-11-25,PETR4,24.26,24.33,23.6,23.86,13.09,58635900
2022-11-25,VALE3,82.0,82.88,80.68,80.9,58.44,20477000
2022-11-25,WEGE3,39.78,39.79,38.6,39.1,35.62,4690200
2022-11-28,ABEV3,15.8,16.0,15.72,15.91,12.63,15172700
2022-11-28,B3SA3,12.1,12.29,11.98,12.08,10.55,27142700
2022-11-28,BBDC4,15.38,15.44,15.24,15.33,11.05,35206100
2022-11-28,ITUB4,23.04,23.13,22.5,22.52,16.95,45835061
2022-11-28,MGLU3,28.95,30.73,28.77,29.57,28.44,17026448
2022-11-28,PETR4,23.65,24.55,23.54,24.36,13.37,56067400
2022-11-28,VALE3,80.6,82.34,79.52,81.3,58.73,16166300
2022-11-28,WEGE3,38.82,38.82,37.27,37.5,34.17,7981800
2022-11-29,ABEV3,15.91,16.05,15.69,15.76,12.51,23998200
2022-11-29,B3SA3,12.37,12.94,12.15,12.55,10.96,53449900
2022-11-29,BBDC4,15.35,15.71,15.21,15.51,11.18,31529200
2022-11-29,ITUB4,22.54,23.05,21.99,22.72,17.1,77138265
2022-11-29,MGLU3,29.93,30.91,28.24,29.93,28.79,21932620
2022-11-29,PETR4,24.6,25.88,24.48,25.38,13.93,96151500
2022-11-29,VALE3,82.85,85.68,82.62,84.44,61.0,42574300
2022-11-29,WEGE3,37.42,38.5,36.43,37.71,34.36,9077200
2022-11-30,ABEV3,15.76,16.0,15.66,15.92,12.64,32952700
2022-11-30,B3SA3,12.49,12.83,12.3,12.73,11.12,57073600
2022-11-30,BBDC4,15.45,15.64,15.24,15.58,11.23,39650500
2022-11-30,ITUB4,22.77,22.98,22.44,22.95,17.27,60017162
2022-11-30,MGLU3,30.02,30.91,29.04,30.38,29.21,23435161
2022-11-30,PETR4,25.6,26.66,25.5,26.66,14.63,120774700
2022-11-30,VALE3,85.0,86.62,84.76,85.71,61.91,59932800
2022-11-30,WEGE3,37.71,39.24,37.53,39.0,35.53,12458900
2022-12-01,ABEV3,15.92,16.16,15.88,16.08,12.76,28272700
2022-12-01,B3SA3,12.53,12.66,12.18,12.41,10.84,44924700
2022-12-01,BBDC4,15.46,15.63,15.32,15.4,11.1,59654400
2022-12-01,ITUB4,22.6,23.04,22.59,22.93,17.27,50130944
2022-12-01,MGLU3,30.11,30.2,27.61,27.61,26.56,22877024
2022-12-01,PETR4,26.58,26.79,25.56,25.59,14.04,71259400
2022-12-01,VALE3,86.42,86.75,84.73,86.18,62.25,34319300
2022-12-01,WEGE3,38.81,39.35,38.01,38.31,34.9,6962500
2022-12-02,ABEV3,16.15,16.55,15.95,16.33,12.96,42011000
2022-12-02,B3SA3,12.48,13.05,12.44,12.7,11.09,46834800
2022-12-02,BBDC4,15.4,15.75,15.15,15.37,11.09,86889800
2022-12-02,ITUB4,23.01,23.52,22.58,23.24,17.5,63158518
2022-12-02,MGLU3,27.79,30.11,27.17,28.86,27.76,28899358
2022-12-02,PETR4,25.69,26.45,25.31,25.91,14.22,66301000
2022-12-02,VALE3,86.76,87.74,84.97,86.8,62.7,30213600
2022-12-02,WEGE3,38.38,39.38,37.86,38.66,35.22,6555700
2022-12-05,ABEV3,16.03,16.2,15.97,16.02,12.72,22919200
2022-12-05,B3SA3,12.46,12.67,12.02,12.15,10.61,35793100
2022-12-05,BBDC4,15.3,15.31,14.78,14.8,10.68,48011700
2022-12-05,ITUB4,23.07,23.07,22.45,22.56,16.99,37424462
2022-12-05,MGLU3,28.59,28.95,26.99,27.44,26.39,14908965
2022-12-05,PETR4,26.0,26.58,25.55,25.62,14.06,56065400
2022-12-05,VALE3,87.9,88.99,86.68,86.71,62.64,21896500
2022-12-05,WEGE3,38.01,38.29,37.24,37.6,34.26,6914000
2022-12-06,ABEV3,16.2,16.2,15.92,16.05,12.74,20081600
2022-12-06,B3SA3,12.25,12.31,11.98,12.18,10.64,41261300
2022-12-06,BBDC4,14.93,15.15,14.75,15.15,10.94,73397300
2022-12-06,ITUB4,22.7,23.08,22.56,23.08,17.38,53504452
2022-12-06,MGLU3,27.79,28.51,27.17,27.79,26.73,15031677
2022-12-06,PETR4,25.82,26.39,25.42,25.64,14.07,74991200
2022-12-06,VALE3,86.99,88.93,86.88,87.97,63.55,21335700
2022-12-06,WEGE3,38.0,38.09,36.92,37.71,34.36,5641000
2022-12-07,ABEV3,16.13,16.14,15.87,16.0,12.7,26792000
2022-12-07,B3SA3,12.1,12.48,12.06,12.25,10.7,35864200
2022-12-07,BBDC4,15.03,15.24,14.98,14.98,10.81,27019100
2022-12-07,ITUB4,23.14,23.24,22.85,22.91,17.26,25238368
2022-12-07,MGLU3,27.61,28.24,26.01,26.19,25.19,29000168
2022-12-07,PETR4,25.34,26.07,25.27,25.35,13.91,57008400
2022-12-07,VALE3,85.91,86.42,83.86,84.84,61.28,45441000
2022-12-07,WEGE3,37.71,38.0,36.85,37.26,33.95,4978700
2022-12-08,ABEV3,15.95,15.96,15.61,15.7,12.46,34785200
2022-12-08,B3SA3,12.12,12.3,11.56,11.74,10.26,75114300
2022-12-08,BBDC4,14.98,14.98,14.48,14.55,10.5,40884200
2022-12-08,ITUB4,22.77,22.82,21.98,22.11,16.65,69736150
2022-12-08,MGLU3,26.37,27.08,24.85,25.3,24.33,17080580
2022-12-08,PETR4,25.55,25.79,24.64,24.78,13.6,55567700
2022-12-08,VALE3,85.5,87.25,85.35,85.88,62.04,29827900
2022-12-08,WEGE3,37.02,37.68,36.7,37.2,33.89,5710700
2022-12-09,ABEV3,15.78,15.8,15.51,15.51,12.31,25402800
2022-12-09,B3SA3,11.84,12.02,11.61,11.74,10.26,34385300
2022-12-09,BBDC4,14.62,14.65,14.29,14.3,10.32,29843800
2022-12-09,ITUB4,21.78,21.91,21.41,21.47,16.49,22514069
2022-12-09,MGLU3,26.19,26.19,24.85,24.94,23.99,11532008
2022-12-09,PETR4,24.99,25.05,24.49,24.71,13.56,61586200
2022-12-09,VALE3,88.06,89.54,87.53,88.74,64.1,37713000
2022-12-09,WEGE3,37.22,37.61,36.95,37.1,33.8,4345000
2022-12-12,ABEV3,15.48,15.48,15.08,15.24,12.1,31800600
2022-12-12,B3SA3,11.71,11.89,10.98,11.45,10.0,51820600
2022-12-12,BBDC4,14.29,14.35,13.8,14.14,10.21,62653000
2022-12-12,ITUB4,21.47,21.62,20.91,21.27,16.34,101446780
2022-12-12,MGLU3,24.85,25.83,24.14,24.94,23.99,14575035
2022-12-12,PETR4,24.58,24.66,23.13,23.91,13.12,111293100
2022-12-12,VALE3,88.15,88.3,85.38,86.09,62.19,34995000
2022-12-12,WEGE3,36.95,37.04,35.65,36.07,32.86,10669500
2022-12-13,ABEV3,15.29,15.59,15.14,15.28,12.13,62286000
2022-12-13,B3SA3,11.59,12.03,11.28,11.39,9.95,79422100
2022-12-13,BBDC4,14.23,14.3,13.69,13.72,9.9,46700100
2022-12-13,ITUB4,21.4,21.47,20.41,20.47,15.72,63557901
2022-12-13,MGLU3,25.21,26.01,24.59,24.94,23.99,24205123
2022-12-13,PETR4,24.1,24.2,23.31,23.32,12.8,102533100
2022-12-13,VALE3,86.25,87.4,85.63,86.16,62.45,31559400
2022-12-13,WEGE3,36.07,37.23,35.45,35.79,32.61,10196600
2022-12-14,ABEV3,15.19,15.22,14.72,15.13,12.01,74145500
2022-12-14,B3SA3,11.34,11.95,11.03,11.78,10.29,82829500
2022-12-14,BBDC4,13.6,14.15,13.44,14.01,10.11,76655700
2022-12-14,ITUB4,20.22,20.8,19.96,20.56,15.79,76898069
2022-12-14,MGLU3,24.67,24.67,22.89,23.43,22.53,33133380
2022-12-14,PETR4,22.5,22.6,20.77,21.47,11.78,319501600
2022-12-14,VALE3,85.75,87.33,85.5,86.89,62.98,34564000
2022-12-14,WEGE3,35.8,37.46,35.66,37.06,33.76,14185900
2022-12-15,ABEV3,15.01,15.22,14.9,15.0,11.91,36105800
2022-12-15,B3SA3,11.49,12.02,11.4,11.53,10.07,43791700
2022-12-15,BBDC4,13.9,14.26,13.81,13.84,9.99,46986900
2022-12-15,ITUB4,20.34,21.11,20.17,20.67,15.88,55898707
2022-12-15,MGLU3,23.25,24.41,22.71,23.16,22.27,20474230
2022-12-15,PETR4,21.0,22.37,20.83,22.04,12.1,132385600
2022-12-15,VALE3,87.39,88.17,86.89,87.17,63.18,24782100
2022-12-15,WEGE3,36.5,37.68,36.36,37.08,33.78,8144300
2022-12-16,ABEV3,14.99,15.14,14.79,14.85,11.79,44559500
2022-12-16,B3SA3,11.5,11.64,11.2,11.36,9.92,52477600
2022-12-16,BBDC4,13.85,13.97,13.72,13.82,9.98,50773500
2022-12-16,ITUB4,20.76,21.05,20.64,20.9,16.05,64978909
2022-12-16,MGLU3,22.98,23.43,20.93,21.11,20.3,24130706
2022-12-16,PETR4,21.96,22.11,21.51,22.05,12.1,90767300
2022-12-16,VALE3,87.0,87.32,84.51,85.68,62.1,37762100
2022-12-16,WEGE3,36.99,37.55,36.76,37.45,34.12,12123500
2022-12-19,ABEV3,14.98,15.47,14.92,15.23,12.09,43156700
2022-12-19,B3SA3,11.41,12.21,11.39,12.09,10.56,51014700
2022-12-19,BBDC4,13.87,14.3,13.85,14.2,10.25,35317400
2022-12-19,ITUB4,21.0,21.61,20.87,21.53,16.53,54924554
2022-12-19,MGLU3,21.29,24.05,21.02,23.25,22.36,33625217
2022-12-19,PETR4,22.1,22.51,21.64,22.38,12.28,63074100
2022-12-19,VALE3,85.0,85.58,84.24,85.37,61.88,27508500
2022-12-19,WEGE3,37.69,38.43,37.65,38.12,34.78,6603400
2022-12-20,ABEV3,14.41,14.68,14.25,14.52,12.13,23944700
2022-12-20,B3SA3,11.96,12.81,11.91,12.62,11.02,85870300
2022-12-20,BBDC4,14.18,14.97,14.13,14.71,10.62,84518300
2022-12-20,ITUB4,21.53,22.22,21.44,21.76,16.71,44636914
2022-12-20,MGLU3,22.8,26.99,22.63,25.12,24.16,40023546
2022-12-20,PETR4,22.39,23.24,22.21,23.07,12.66,71875500
2022-12-20,VALE3,85.37,87.25,85.31,85.75,62.15,22657300
2022-12-20,WEGE3,38.11,39.14,38.11,38.43,35.06,7623900
2022-12-21,ABEV3,14.57,14.71,14.31,14.35,11.99,40218600
2022-12-21,B3SA3,12.7,12.98,12.43,12.56,10.97,33432500
2022-12-21,BBDC4,14.84,14.97,14.57,14.83,10.7,43956000
2022-12-21,ITUB4,21.84,22.07,21.56,21.84,16.78,69855681
2022-12-21,MGLU3,25.39,25.74,23.07,23.25,22.36,33258910
2022-12-21,PETR4,23.5,23.72,22.85,23.57,12.94,74252800
2022-12-21,VALE3,86.9,87.4,85.82,86.24,62.51,39183700
2022-12-21,WEGE3,38.58,38.84,37.95,38.4,35.04,6900900
2022-12-22,ABEV3,14.39,14.54,14.28,14.42,12.05,24158300
2022-12-22,B3SA3,12.54,12.68,12.15,12.32,10.76,28640400
2022-12-22,BBDC4,14.9,15.0,14.68,14.88,10.74,20749500
2022-12-22,ITUB4,21.88,22.15,21.6,21.89,16.81,25305328
2022-12-22,MGLU3,23.52,23.69,22.36,23.16,22.27,20731992
2022-12-22,PETR4,23.9,24.56,23.7,23.99,13.17,81894800
2022-12-22,VALE3,86.28,86.65,84.69,85.75,62.15,19429200
2022-12-22,WEGE3,38.45,39.1,38.45,38.94,35.53,5599500
2022-12-23,ABEV3,14.5,14.76,14.46,14.62,12.22,30772700
2022-12-23,B3SA3,12.34,13.39,12.32,13.35,11.69,55312400
2022-12-23,BBDC4,14.95,15.28,14.91,15.14,10.93,21104200
2022-12-23,ITUB4,22.09,22.52,21.95,22.23,17.08,28695830
2022-12-23,MGLU3,23.34,25.21,23.34,23.87,22.96,21910145
2022-12-23,PETR4,24.13,25.22,24.13,25.12,13.79,68387900
2022-12-23,VALE3,85.28,86.52,85.08,86.32,62.57,18656500
2022-12-23,WEGE3,39.16,39.38,38.07,38.5,35.13,9476400
2022-12-26,ABEV3,14.57,14.64,14.45,14.52,12.13,4149300
2022-12-26,B3SA3,13.36,13.5,13.13,13.42,11.75,26468100
2022-12-26,BBDC4,15.09,15.13,14.74,14.78,10.67,13937200
2022-12-26,ITUB4,22.02,22.22,21.67,21.79,16.74,17822996
2022-12-26,MGLU3,24.14,24.32,22.8,23.69,22.79,8307175
2022-12-26,PETR4,25.12,25.3,24.82,24.94,13.69,28765200
2022-12-26,VALE3,86.42,87.54,86.33,87.11,63.14,18407500
2022-12-26,WEGE3,38.33,38.74,37.91,38.19,34.84,2339100
2022-12-27,ABEV3,14.6,14.66,14.42,14.52,12.13,13135400
2022-12-27,B3SA3,13.46,13.48,12.84,12.95,11.34,51364200
2022-12-27,BBDC4,14.94,14.98,14.56,14.71,10.62,78235200
2022-12-27,ITUB4,21.77,21.83,21.42,21.67,16.64,19491678
2022-12-27,MGLU3,23.78,24.14,22.27,22.45,21.59,16589945
2022-12-27,PETR4,25.25,25.31,24.55,25.11,13.78,50803200
2022-12-27,VALE3,88.0,89.65,87.47,89.19,64.65,26720300
2022-12-27,WEGE3,38.5,38.52,37.78,38.01,34.68,4735700
2022-12-28,ABEV3,14.6,14.73,14.52,14.55,12.16,15002000
2022-12-28,B3SA3,13.03,13.51,12.78,13.4,11.73,46427100
2022-12-28,BBDC4,14.75,15.23,14.69,15.16,10.94,45117800
2022-12-28,ITUB4,21.84,22.24,21.64,22.11,16.98,25715021
2022-12-28,MGLU3,22.63,24.41,22.36,23.96,23.05,21918958
2022-12-28,PETR4,25.1,25.32,24.75,24.8,13.61,57293500
2022-12-28,VALE3,89.19,90.21,88.7,88.99,64.5,23314500
2022-12-28,WEGE3,38.22,39.33,38.19,38.7,35.31,5410500
2022-12-29,ABEV3,14.67,14.67,14.43,14.52,12.13,22326300
2022-12-29,B3SA3,13.47,13.65,13.09,13.21,11.56,54262600
2022-12-29,BBDC4,15.25,15.48,15.13,15.15,10.94,41911700
2022-12-29,ITUB4,22.28,22.49,22.03,22.07,16.95,28098060
2022-12-29,MGLU3,24.14,24.94,23.69,24.41,23.47,14599070
2022-12-29,PETR4,24.99,25.05,24.43,24.5,13.45,57901800
2022-12-29,VALE3,89.0,89.95,88.83,88.88,64.42,40110800
2022-12-29,WEGE3,38.84,38.99,38.25,38.51,35.14,6444500
2023-01-02,ABEV3,14.4,14.45,14.02,14.19,11.86,14995900
2023-01-02,B3SA3,12.79,13.04,12.07,12.25,10.77,36463300
2023-01-02,BBDC4,14.9,14.99,14.66,14.75,10.65,24748300
2023-01-02,ITUB4,21.56,21.65,21.22,21.62,16.61,26445013
2023-01-02,MGLU3,23.61,23.69,22.71,23.07,22.19,7872782
2023-01-02,PETR4,23.54,23.81,22.8,22.92,12.58,78424700
2023-01-02,VALE3,88.68,89.9,88.53,89.4,64.8,12783800
2023-01-02,WEGE3,38.5,38.5,37.74,38.1,34.76,3017700
2023-01-03,ABEV3,14.16,14.39,14.11,14.17,11.84,36363800
2023-01-03,B3SA3,12.19,12.44,11.64,11.84,10.41,55579600
2023-01-03,BBDC4,14.76,14.78,13.95,14.0,10.12,127764400
2023-01-03,ITUB4,21.62,21.76,21.03,21.17,16.27,33847015
2023-01-03,MGLU3,23.16,24.59,22.27,22.63,21.76,18429133
2023-01-03,PETR4,22.94,23.1,22.13,22.34,12.26,96750300
2023-01-03,VALE3,89.4,90.09,88.89,89.24,64.68,25332600
2023-01-03,WEGE3,38.11,38.37,36.89,37.15,33.9,5662900
2023-01-04,ABEV3,14.28,14.47,14.08,14.25,11.91,23791800
2023-01-04,B3SA3,12.1,12.27,11.77,11.93,10.49,46600300
2023-01-04,BBDC4,14.15,14.23,13.66,14.04,10.15,153235200
2023-01-04,ITUB4,21.24,21.64,21.08,21.23,16.32,33855739
2023-01-04,MGLU3,23.07,23.25,22.27,22.71,21.85,16619211
2023-01-04,PETR4,21.96,23.59,21.83,23.05,12.65,129504000
2023-01-04,VALE3,89.3,89.65,87.95,89.4,64.8,26395300
2023-01-04,WEGE3,37.33,37.69,36.66,37.4,34.12,6169800
2023-01-05,ABEV3,14.27,14.41,14.14,14.29,11.94,31031500
2023-01-05,B3SA3,12.03,12.38,11.92,12.3,10.82,42701200
2023-01-05,BBDC4,14.11,14.71,14.07,14.65,10.59,164949200
2023-01-05,ITUB4,21.27,21.99,21.2,21.89,16.82,41153732
2023-01-05,MGLU3,22.98,24.14,22.36,23.69,22.79,19543376
2023-01-05,PETR4,23.34,24.04,23.15,23.88,13.11,73886000
2023-01-05,VALE3,89.46,91.68,89.0,90.9,65.89,29085600
2023-01-05,WEGE3,37.59,37.9,37.26,37.48,34.2,6660600
2023-01-06,ABEV3,14.3,14.36,14.16,14.32,11.97,20889800
2023-01-06,B3SA3,12.25,12.74,12.24,12.59,11.07,18701800
2023-01-06,BBDC4,14.66,15.08,14.5,15.06,10.88,86788300
2023-01-06,ITUB4,22.0,22.34,21.89,22.27,17.12,42632750
2023-01-06,MGLU3,23.78,24.67,23.16,24.59,23.65,16154766
2023-01-06,PETR4,23.94,24.32,23.55,23.74,13.03,51851500
2023-01-06,VALE3,91.0,92.74,91.0,92.34,66.93,31420600
2023-01-06,WEGE3,37.49,38.27,37.3,38.03,34.7,4071700
2023-01-09,ABEV3,14.29,14.47,14.27,14.4,12.03,24448600
2023-01-09,B3SA3,12.5,12.61,12.12,12.42,10.92,29615300
2023-01-09,BBDC4,14.31,14.74,14.21,14.66,11.02,73674800
2023-01-09,ITUB4,22.07,22.65,21.97,22.43,17.24,29083430
2023-01-09,MGLU3,23.87,25.83,23.69,25.21,24.24,15909937
2023-01-09,PETR4,23.5,24.0,23.25,23.87,13.1,46385200
2023-01-09,VALE3,91.53,92.99,91.25,92.44,67.0,19285800
2023-01-09,WEGE3,38.0,38.3,37.22,37.92,34.6,5730600
2023-01-10,ABEV3,14.26,14.6,14.25,14.54,12.15,35535000
2023-01-10,B3SA3,12.31,12.99,12.25,12.86,11.31,37173200
2023-01-10,BBDC4,14.51,15.2,14.42,15.1,11.35,118245200
2023-01-10,ITUB4,22.18,22.95,21.99,22.86,17.57,35564190
2023-01-10,MGLU3,24.85,27.53,24.59,27.17,26.13,21560195
2023-01-10,PETR4,23.95,24.11,23.37,24.09,13.22,52741100
2023-01-10,VALE3,92.49,93.9,92.34,93.58,67.83,19821100
2023-01-10,WEGE3,37.52,37.91,37.08,37.55,34.26,6556000
2023-01-11,ABEV3,14.51,14.79,13.95,14.29,11.94,74419600
2023-01-11,B3SA3,12.85,13.56,12.85,13.45,11.83,45058400
2023-01-11,BBDC4,15.0,15.43,14.96,15.4,11.58,88295000
2023-01-11,ITUB4,22.84,23.37,22.74,23.26,17.88,38743614
2023-01-11,MGLU3,27.35,27.7,25.83,26.99,25.96,19125228
2023-01-11,PETR4,24.15,24.62,24.05,24.28,13.33,53536500
2023-01-11,VALE3,93.99,94.48,92.26,93.25,67.59,23834100
2023-01-11,WEGE3,37.49,38.7,37.2,38.6,35.22,5982900
2023-01-12,ABEV3,13.8,14.17,13.66,14.1,11.78,69959500
2023-01-12,B3SA3,13.5,13.65,13.09,13.37,11.76,42650900
2023-01-12,BBDC4,15.31,15.35,14.9,15.04,11.31,97774200
2023-01-12,ITUB4,22.51,23.22,22.42,22.93,17.63,57811778
2023-01-12,MGLU3,24.05,29.22,23.96,28.42,27.33,43090248
2023-01-12,PETR4,24.29,24.65,24.11,24.63,13.52,58130000
2023-01-12,VALE3,93.48,94.3,92.94,93.74,67.94,18058600
2023-01-12,WEGE3,38.54,38.99,38.2,38.51,35.14,5376000
2023-01-13,ABEV3,14.0,14.05,13.77,13.88,11.6,44291300
2023-01-13,B3SA3,13.01,13.28,12.92,13.16,11.58,34712800
2023-01-13,BBDC4,14.97,15.05,14.69,14.99,11.27,35872400
2023-01-13,ITUB4,22.6,22.85,22.19,22.82,17.54,23525385
2023-01-13,MGLU3,28.15,32.25,27.53,30.55,29.39,35433837
2023-01-13,PETR4,24.44,24.66,24.25,24.57,13.48,40002700
2023-01-13,VALE3,93.69,94.28,93.36,93.82,68.0,16905800
2023-01-13,WEGE3,38.19,39.36,37.92,38.97,35.56,4957200
2023-01-16,ABEV3,13.72,13.74,13.18,13.2,11.03,58837000
2023-01-16,B3SA3,13.16,13.2,12.82,12.95,11.39,23945400
2023-01-16,BBDC4,14.71,14.8,14.44,14.53,10.92,44231400
2023-01-16,ITUB4,22.73,22.82,22.32,22.57,17.35,27737426
2023-01-16,MGLU3,30.11,35.28,30.02,34.3,32.98,25144980
2023-01-16,PETR4,24.41,24.5,23.83,24.04,13.19,31973700
2023-01-16,VALE3,92.0,92.39,90.83,92.25,66.86,19563900
2023-01-16,WEGE3,39.1,39.1,37.27,37.69,34.39,7545600
2023-01-17,ABEV3,13.3,13.95,13.2,13.86,11.58,68143400
2023-01-17,B3SA3,13.0,13.14,12.67,13.01,11.44,55634500
2023-01-17,BBDC4,14.54,14.84,14.46,14.63,11.0,36676900
2023-01-17,ITUB4,22.65,23.08,22.5,23.04,17.71,36595560
2023-01-17,MGLU3,34.74,35.81,32.6,33.76,32.47,28404693
2023-01-17,PETR4,24.11,25.62,24.11,25.52,14.01,91797500
2023-01-17,VALE3,92.51,93.23,91.83,92.13,66.78,18719500
2023-01-17,WEGE3,37.95,38.57,37.74,38.31,34.95,4932900
2023-01-18,ABEV3,13.93,14.06,13.73,13.78,11.51,32154400
2023-01-18,B3SA3,13.26,13.63,12.93,13.08,11.5,58779100
2023-01-18,BBDC4,14.8,14.97,14.69,14.85,11.16,46015200
2023-01-18,ITUB4,23.27,23.51,23.12,23.45,18.03,45007971
2023-01-18,MGLU3,34.21,34.56,31.36,31.71,30.5,25508031
2023-01-18,PETR4,25.84,26.03,25.0,25.07,13.76,69692900
2023-01-18,VALE3,93.06,94.23,92.91,93.34,67.65,16737300
2023-01-18,WEGE3,38.59,38.79,37.8,37.99,34.66,5833500
2023-01-19,ABEV3,13.67,13.85,13.55,13.64,11.4,51799200
2023-01-19,B3SA3,12.9,13.07,12.57,12.97,11.41,37781400
2023-01-19,BBDC4,14.7,14.91,14.63,14.88,11.19,77758400
2023-01-19,ITUB4,23.15,23.53,22.98,23.45,18.03,40213569
2023-01-19,MGLU3,30.91,34.92,30.82,33.94,32.64,30171125
2023-01-19,PETR4,25.0,25.95,24.79,25.89,14.21,75553300
2023-01-19,VALE3,93.8,94.37,93.32,93.74,67.94,21712500
2023-01-19,WEGE3,37.72,38.21,37.56,37.91,34.59,5522400
2023-01-20,ABEV3,13.55,13.64,13.37,13.53,11.31,33626000
2023-01-20,B3SA3,12.9,13.0,12.7,12.77,11.23,37915700
2023-01-20,BBDC4,14.85,14.96,14.65,14.67,11.03,39537400
2023-01-20,ITUB4,23.53,23.55,22.97,23.04,17.71,37996401
2023-01-20,MGLU3,34.3,34.56,33.23,34.03,32.73,17769187
2023-01-20,PETR4,25.89,26.6,25.42,26.37,14.47,114219500
2023-01-20,VALE3,93.9,94.57,93.5,93.99,68.13,27103900
2023-01-20,WEGE3,37.89,37.91,37.21,37.33,34.06,6967000
2023-01-23,ABEV3,13.56,13.68,13.36,13.42,11.21,29938500
2023-01-23,B3SA3,12.8,12.88,12.53,12.65,11.13,28339700
2023-01-23,BBDC4,14.7,14.7,14.0,14.05,10.56,72241700
2023-01-23,ITUB4,22.98,23.1,22.24,22.33,17.16,52002547
2023-01-23,MGLU3,34.38,36.43,34.21,35.99,34.61,20257152
2023-01-23,PETR4,26.27,27.6,26.13,26.79,14.7,87678100
2023-01-23,VALE3,94.35,94.7,93.7,94.3,68.35,13534300
2023-01-23,WEGE3,37.32,38.11,37.16,37.37,34.1,4331400
2023-01-24,ABEV3,13.42,13.61,13.34,13.61,11.37,17822600
2023-01-24,B3SA3,12.74,12.89,12.63,12.84,11.29,21956100
2023-01-24,BBDC4,14.16,14.29,14.09,14.2,10.68,32256100
2023-01-24,ITUB4,22.5,22.97,22.37,22.53,17.32,34378279
2023-01-24,MGLU3,36.34,39.64,36.08,39.11,37.61,25686245
2023-01-24,PETR4,27.47,27.53,26.37,26.6,14.6,65794000
2023-01-24,VALE3,94.31,95.3,93.2,95.3,69.08,17439800
2023-01-24,WEGE3,37.74,37.74,36.77,37.21,33.95,7500200
2023-01-25,ABEV3,13.55,13.74,13.47,13.71,11.46,22021000
2023-01-25,B3SA3,12.84,13.26,12.72,13.11,11.53,22445500
2023-01-25,BBDC4,14.2,14.31,13.92,14.1,10.6,44253900
2023-01-25,ITUB4,22.53,22.73,22.08,22.61,17.38,43609396
2023-01-25,MGLU3,39.11,41.6,38.21,38.75,37.27,26234156
2023-01-25,PETR4,26.55,27.08,26.01,26.94,14.79,51832900
2023-01-25,VALE3,95.2,96.4,94.77,96.2,69.73,18282900
2023-01-25,WEGE3,37.15,39.33,37.11,38.72,35.33,12935100
2023-01-26,ABEV3,13.7,13.85,13.53,13.74,11.48,22793400
2023-01-26,B3SA3,13.16,13.38,12.83,13.12,11.54,23534800
2023-01-26,BBDC4,14.1,14.24,13.97,14.14,10.63,36574500
2023-01-26,ITUB4,22.64,22.72,22.28,22.48,17.28,33862197
2023-01-26,MGLU3,39.02,39.73,37.41,38.13,36.67,20567429
2023-01-26,PETR4,27.09,27.2,25.8,26.25,14.41,73344800
2023-01-26,VALE3,96.5,98.0,96.39,98.0,71.03,26876000
2023-01-26,WEGE3,38.77,38.96,36.96,38.21,34.86,11767800
2023-01-27,ABEV3,13.75,13.75,13.59,13.65,11.41,23904300
2023-01-27,B3SA3,13.11,13.21,12.64,12.71,11.18,28137500
2023-01-27,BBDC4,14.1,14.16,13.65,13.72,10.31,56910500
2023-01-27,ITUB4,22.43,22.47,21.91,22.0,16.91,34365362
2023-01-27,MGLU3,38.39,40.8,38.21,40.35,38.81,16590877
2023-01-27,PETR4,26.18,26.23,25.44,25.62,14.06,47681900
2023-01-27,VALE3,97.85,98.29,94.83,95.32,69.09,34682400
2023-01-27,WEGE3,38.11,38.57,37.17,37.91,34.59,14610700
2023-01-30,ABEV3,13.69,13.7,13.44,13.53,11.31,32850700
2023-01-30,B3SA3,12.79,12.9,12.65,12.87,11.32,29716000
2023-01-30,BBDC4,13.62,13.79,13.49,13.79,10.37,58048100
2023-01-30,ITUB4,22.06,22.12,21.65,22.01,16.92,39913324
2023-01-30,MGLU3,40.89,41.42,38.13,38.84,37.35,17386748
2023-01-30,PETR4,25.85,26.07,25.51,25.75,14.13,40683200
2023-01-30,VALE3,95.9,96.3,94.19,94.98,68.84,23820000
2023-01-30,WEGE3,38.0,38.03,37.09,37.35,34.08,8055300
2023-01-31,ABEV3,13.62,13.74,13.5,13.66,11.41,35608800
2023-01-31,B3SA3,12.94,13.22,12.8,12.96,11.4,34369400
2023-01-31,BBDC4,13.86,14.13,13.82,14.02,10.54,39064700
2023-01-31,ITUB4,22.16,22.59,22.14,22.36,17.18,32928039
2023-01-31,MGLU3,39.11,40.0,38.39,39.46,37.95,12478893
2023-01-31,PETR4,25.63,26.21,25.52,26.07,14.31,54048900
2023-01-31,VALE3,94.31,94.88,93.85,94.51,68.5,20658600
2023-01-31,WEGE3,37.28,38.74,37.22,38.24,34.89,9636200
2023-02-01,ABEV3,13.64,13.73,12.85,13.18,11.01,136662100
2023-02-01,B3SA3,12.99,13.06,12.51,12.91,11.36,42421600
2023-02-01,BBDC4,14.02,14.05,13.66,13.75,10.34,37948600
2023-02-01,ITUB4,22.23,22.51,21.87,22.05,16.96,31850216
2023-02-01,MGLU3,39.19,39.37,37.06,38.21,36.75,16141778
2023-02-01,PETR4,26.07,26.48,25.45,25.71,14.11,56349200
2023-02-01,VALE3,95.2,95.2,91.59,93.46,67.74,28818100
2023-02-01,WEGE3,38.19,38.75,37.72,38.39,35.03,6318500
2023-02-02,ABEV3,13.06,13.53,13.0,13.11,10.95,49730600
2023-02-02,B3SA3,12.74,13.29,12.74,13.0,11.43,37601000
2023-02-02,BBDC4,13.63,14.16,13.61,13.94,10.49,77873500
2023-02-02,ITUB4,21.89,22.92,21.8,22.25,17.11,52480220
2023-02-02,MGLU3,38.04,40.44,37.68,38.66,37.18,16556480
2023-02-02,PETR4,25.51,25.81,24.42,24.52,13.46,83823000
2023-02-02,VALE3,91.69,91.96,88.86,89.14,64.61,37844400
2023-02-02,WEGE3,38.13,38.98,37.71,38.04,34.71,7112600
2023-02-03,ABEV3,13.07,13.22,12.91,12.98,10.85,40568400
2023-02-03,B3SA3,12.95,13.03,12.04,12.11,10.65,75213900
2023-02-03,BBDC4,13.85,14.05,13.57,13.63,10.26,39818600
2023-02-03,ITUB4,21.98,22.38,21.92,22.17,17.05,41535326
2023-02-03,MGLU3,38.93,39.02,37.32,38.04,36.58,12768166
2023-02-03,PETR4,24.54,25.38,24.42,24.79,13.61,71170700
2023-02-03,VALE3,89.76,90.77,88.69,88.95,64.47,22545600
2023-02-03,WEGE3,37.84,38.6,37.71,37.91,34.59,8093400
2023-02-06,ABEV3,13.04,13.2,12.95,13.02,10.88,25649000
2023-02-06,B3SA3,11.99,12.15,11.73,12.11,10.65,30877600
2023-02-06,BBDC4,13.63,13.68,13.41,13.58,10.22,27231000
2023-02-06,ITUB4,22.28,22.28,21.82,22.18,17.06,31860299
2023-02-06,MGLU3,38.04,38.93,36.43,36.79,35.38,11772504
2023-02-06,PETR4,24.87,25.87,24.75,25.78,14.15,82794500
2023-02-06,VALE3,88.2,88.25,86.66,87.84,63.67,17888700
2023-02-06,WEGE3,37.84,38.03,37.22,37.57,34.28,6881500
2023-02-07,ABEV3,13.02,13.08,12.89,12.96,10.83,22344400
2023-02-07,B3SA3,12.0,12.08,11.44,11.89,10.46,59353900
2023-02-07,BBDC4,13.65,13.66,13.38,13.5,10.16,32094700
2023-02-07,ITUB4,22.24,22.31,21.41,21.67,16.67,34547549
2023-02-07,MGLU3,37.15,37.68,34.56,36.08,34.7,18836741
2023-02-07,PETR4,25.91,26.14,25.46,25.62,14.06,55311800
2023-02-07,VALE3,87.59,88.68,86.99,88.42,64.09,16259700
2023-02-07,WEGE3,37.5,37.89,37.23,37.67,34.37,8673800
2023-02-08,ABEV3,13.04,13.24,12.93,13.19,11.02,24324300
2023-02-08,B3SA3,11.89,12.36,11.89,12.12,10.66,36033200
2023-02-08,BBDC4,13.64,14.19,13.51,14.16,10.66,81945200
2023-02-08,ITUB4,22.46,23.49,22.35,23.46,18.04,120349072
2023-02-08,MGLU3,36.61,37.68,35.72,37.59,36.15,16178644
2023-02-08,PETR4,25.8,26.15,25.56,26.05,14.3,48713100
2023-02-08,VALE3,89.1,89.37,87.6,88.72,64.31,14411000
2023-02-08,WEGE3,37.65,38.32,37.33,37.66,34.36,4938900
2023-02-09,ABEV3,13.15,13.23,12.95,13.02,10.88,17206200
2023-02-09,B3SA3,12.15,12.31,11.52,11.65,10.25,42040900
2023-02-09,BBDC4,14.2,14.43,13.79,13.8,10.39,58306600
2023-02-09,ITUB4,23.52,23.72,22.76,22.88,17.6,40856546
2023-02-09,MGLU3,37.59,38.66,36.08,36.61,35.21,14366926
2023-02-09,PETR4,26.05,26.32,25.79,25.93,14.23,38198300
2023-02-09,VALE3,88.72,89.55,87.47,88.39,64.07,19782200
2023-02-09,WEGE3,37.74,38.51,37.6,37.98,34.65,6409800
2023-02-10,ABEV3,12.98,12.99,12.6,12.86,10.75,49142000
2023-02-10,B3SA3,11.52,11.88,11.52,11.8,10.38,34782700
2023-02-10,BBDC4,12.7,13.13,12.6,12.67,9.54,237891100
2023-02-10,ITUB4,22.7,22.93,22.52,22.77,17.52,59102038
2023-02-10,MGLU3,36.17,36.88,35.28,35.54,34.18,13250123
2023-02-10,PETR4,25.98,26.79,25.93,26.72,14.66,54683100
2023-02-10,VALE3,88.18,88.95,86.36,86.8,62.91,18099100
2023-02-10,WEGE3,37.89,38.76,37.5,38.6,35.22,7127800
2023-02-13,ABEV3,12.86,13.17,12.85,13.13,10.97,16722700
2023-02-13,B3SA3,11.82,11.99,11.6,11.92,10.48,39949600
2023-02-13,BBDC4,12.7,13.19,12.63,13.12,9.88,87016300
2023-02-13,ITUB4,22.75,23.68,22.75,23.57,18.13,49663922
2023-02-13,MGLU3,35.54,37.41,34.83,36.79,35.38,13258846
2023-02-13,PETR4,26.69,26.89,26.37,26.8,14.71,36726900
2023-02-13,VALE3,85.92,87.11,85.3,86.71,62.85,13798500
2023-02-13,WEGE3,38.52,39.18,38.36,38.58,35.2,5129800
2023-02-14,ABEV3,13.15,13.36,12.99,13.0,10.86,29701200
2023-02-14,B3SA3,11.93,11.97,11.36,11.44,10.06,48546800
2023-02-14,BBDC4,13.13,13.35,13.04,13.24,9.97,56512300
2023-02-14,ITUB4,23.61,23.72,23.22,23.28,17.91,39640950
2023-02-14,MGLU3,36.97,37.59,35.72,36.17,34.78,12938477
2023-02-14,PETR4,26.85,27.06,26.6,26.7,14.65,35839000
2023-02-14,VALE3,87.0,87.72,86.53,87.1,63.13,20072400
2023-02-14,WEGE3,38.63,39.35,38.17,38.36,35.0,6066600
2023-02-15,ABEV3,12.99,13.37,12.93,13.23,11.06,35211800
2023-02-15,B3SA3,11.44,11.79,11.14,11.59,10.19,68664200
2023-02-15,BBDC4,13.23,13.85,13.16,13.76,10.36,85427900
2023-02-15,ITUB4,23.2,23.89,23.05,23.63,18.17,41791724
2023-02-15,MGLU3,35.99,36.34,34.12,34.65,33.33,22616085
2023-02-15,PETR4,26.58,26.8,26.3,26.74,14.68,72554100
2023-02-15,VALE3,87.1,89.24,86.56,89.0,64.51,28465800
2023-02-15,WEGE3,38.88,39.34,38.5,38.88,35.47,10995900
2023-02-16,ABEV3,13.25,13.3,12.96,13.08,10.93,34528900
2023-02-16,B3SA3,11.3,11.39,10.86,11.37,10.0,75635800
2023-02-16,BBDC4,13.62,14.09,13.53,14.02,10.55,69398600
2023-02-16,ITUB4,23.47,23.91,23.32,23.8,18.31,34692120
2023-02-16,MGLU3,34.65,35.1,33.05,33.94,32.64,17057117
2023-02-16,PETR4,26.6,26.95,26.49,26.85,14.74,44115700
2023-02-16,VALE3,89.29,90.26,88.9,89.19,64.65,28740800
2023-02-16,WEGE3,38.72,38.96,37.8,38.78,35.38,7342600
2023-02-17,ABEV3,13.04,13.25,13.01,13.2,11.03,13404000
2023-02-17,B3SA3,11.21,11.3,11.03,11.03,9.7,37832300
2023-02-17,BBDC4,13.99,14.07,13.76,13.94,10.49,38594300
2023-02-17,ITUB4,23.8,23.96,23.57,23.72,18.25,21326685
2023-02-17,MGLU3,33.4,33.85,32.42,32.6,31.36,10486962
2023-02-17,PETR4,26.67,26.67,26.37,26.44,14.51,61085700
2023-02-17,VALE3,89.6,89.75,87.54,88.03,63.81,26381400
2023-02-17,WEGE3,38.55,39.75,38.42,39.62,36.15,8000500
2023-02-22,ABEV3,13.05,13.31,13.05,13.21,11.04,29184000
2023-02-22,B3SA3,10.8,10.87,10.55,10.85,9.54,34110900
2023-02-22,BBDC4,13.7,13.82,13.56,13.8,10.39,36666600
2023-02-22,ITUB4,23.21,23.4,23.18,23.28,17.91,20794515
2023-02-22,MGLU3,32.07,32.07,30.73,31.36,30.16,8192714
2023-02-22,PETR4,26.0,26.11,25.69,25.76,14.14,38608500
2023-02-22,VALE3,87.05,88.45,86.57,87.36,63.32,16864400
2023-02-22,WEGE3,39.5,39.67,38.36,38.4,35.24,8043500
2023-02-23,ABEV3,13.21,13.4,13.12,13.25,11.07,24914000
2023-02-23,B3SA3,10.85,10.99,10.64,10.78,9.48,66824000
2023-02-23,BBDC4,13.83,13.99,13.7,13.74,10.34,42173800
2023-02-23,ITUB4,23.31,23.88,23.27,23.37,17.98,43189053
2023-02-23,MGLU3,31.44,32.69,31.09,31.71,30.5,9395879
2023-02-23,PETR4,25.77,26.79,25.77,26.55,14.57,73913400
2023-02-23,VALE3,87.0,88.07,85.55,86.95,63.02,21485100
2023-02-23,WEGE3,38.49,39.54,38.25,39.24,36.01,9948300
2023-02-24,ABEV3,13.22,13.4,13.08,13.32,11.13,26791100
2023-02-24,B3SA3,10.74,10.82,10.37,10.39,9.17,36878600
2023-02-24,BBDC4,13.73,13.79,13.24,13.3,10.01,40443000
2023-02-24,ITUB4,23.17,23.22,22.55,22.66,17.43,35419959
2023-02-24,MGLU3,32.6,34.47,31.8,32.16,30.93,14331059
2023-02-24,PETR4,26.67,26.7,25.87,25.9,14.21,64409100
2023-02-24,VALE3,86.05,86.48,84.65,85.04,61.64,17183900
2023-02-24,WEGE3,39.05,39.28,38.35,38.86,35.66,5112700
2023-02-27,ABEV3,13.38,13.46,13.26,13.4,11.2,30248900
2023-02-27,B3SA3,10.4,10.67,10.26,10.56,9.32,41493800
2023-02-27,BBDC4,13.37,13.43,13.09,13.17,9.91,24898500
2023-02-27,ITUB4,22.76,22.77,22.31,22.37,17.2,20098513
2023-02-27,MGLU3,32.87,33.58,31.98,32.51,31.27,11458006
2023-02-27,PETR4,25.84,26.74,25.81,26.15,14.35,76250600
2023-02-27,VALE3,84.56,85.38,83.65,85.04,61.64,14422200
2023-02-27,WEGE3,38.92,39.36,38.47,38.8,35.6,4714600
2023-02-28,ABEV3,13.43,13.59,13.34,13.39,11.19,39333900
2023-02-28,B3SA3,10.5,10.74,10.43,10.55,9.31,41801300
2023-02-28,BBDC4,13.21,13.41,13.05,13.08,9.85,38059200
2023-02-28,ITUB4,22.42,22.8,22.22,22.44,17.26,29465137
2023-02-28,MGLU3,32.6,33.32,31.98,31.98,30.76,8025726
2023-02-28,PETR4,26.21,26.92,25.24,25.24,13.85,130248100
2023-02-28,VALE3,85.06,86.5,84.34,85.32,61.84,21127300
2023-02-28,WEGE3,38.79,39.34,38.77,39.16,35.93,7461500
2023-03-01,ABEV3,13.42,13.63,13.26,13.47,11.26,28582000
2023-03-01,B3SA3,10.62,10.67,10.33,10.5,9.27,45694100
2023-03-01,BBDC4,13.18,13.18,12.75,12.98,9.77,43825000
2023-03-01,ITUB4,22.35,22.37,21.53,22.07,16.98,49786059
2023-03-01,MGLU3,32.42,32.51,28.68,28.77,27.67,15686684
2023-03-01,PETR4,25.31,25.43,24.19,25.3,13.89,109257700
2023-03-01,VALE3,87.77,89.85,87.5,89.2,64.65,30916600
2023-03-01,WEGE3,39.16,39.88,38.69,39.38,36.14,7934900
2023-03-02,ABEV3,13.47,13.54,13.07,13.13,10.97,47796400
2023-03-02,B3SA3,10.51,10.94,10.45,10.59,9.35,74473100
2023-03-02,BBDC4,12.92,13.09,12.79,12.79,9.64,32975000
2023-03-02,ITUB4,21.98,22.24,21.22,21.34,16.43,52237191
2023-03-02,MGLU3,28.86,29.31,27.7,28.06,26.99,10613592
2023-03-02,PETR4,25.42,25.67,24.37,24.64,13.52,124516200
2023-03-02,VALE3,89.2,90.14,88.42,89.0,64.51,21740900
2023-03-02,WEGE3,39.37,39.76,38.99,39.16,35.93,4163300
2023-03-03,ABEV3,13.12,13.22,12.99,13.11,10.95,22570600
2023-03-03,B3SA3,10.7,10.77,10.45,10.52,9.28,47367600
2023-03-03,BBDC4,12.84,12.95,12.73,12.86,9.7,31061100
2023-03-03,ITUB4,21.48,21.7,21.26,21.37,16.45,29015336
2023-03-03,MGLU3,28.15,28.33,26.72,26.9,25.87,13259306
2023-03-03,PETR4,24.83,25.74,24.45,25.7,14.1,87591800
2023-03-03,VALE3,90.1,90.3,88.81,89.3,64.73,19783400
2023-03-03,WEGE3,39.36,39.72,38.72,38.84,35.64,5339900
2023-03-06,ABEV3,13.18,13.58,13.13,13.5,11.28,29101800
2023-03-06,B3SA3,10.68,11.08,10.62,10.96,9.67,38810600
2023-03-06,BBDC4,12.95,13.38,12.9,13.29,10.02,38725200
2023-03-06,ITUB4,21.57,22.1,21.28,21.85,16.82,35169906
2023-03-06,MGLU3,27.08,28.95,26.19,28.42,27.33,15809486
2023-03-06,PETR4,25.7,26.12,25.37,25.96,14.25,50227400
2023-03-06,VALE3,87.43,87.9,86.12,86.15,62.44,27298600
2023-03-06,WEGE3,38.99,39.59,38.7,39.43,36.18,5594500
2023-03-07,ABEV3,13.47,13.62,13.3,13.43,11.22,23803700
2023-03-07,B3SA3,10.99,11.31,10.92,11.05,9.75,39682500
2023-03-07,BBDC4,13.27,13.63,13.2,13.6,10.25,58414500
2023-03-07,ITUB4,21.93,21.96,21.45,21.92,16.87,31883639
2023-03-07,MGLU3,28.42,29.04,27.88,28.68,27.59,9669267
2023-03-07,PETR4,25.72,25.78,24.93,25.1,13.78,59052500
2023-03-07,VALE3,86.85,87.4,84.8,85.33,61.85,20898200
2023-03-07,WEGE3,39.3,39.77,39.14,39.59,36.33,4956200
2023-03-08,ABEV3,13.4,13.64,13.35,13.62,11.38,24867300
2023-03-08,B3SA3,11.15,11.71,11.1,11.65,10.28,74476900
2023-03-08,BBDC4,13.66,14.12,13.65,14.02,10.57,76198500
2023-03-08,ITUB4,22.06,22.36,21.85,22.19,17.08,40035234
2023-03-08,MGLU3,28.59,31.53,28.42,30.55,29.39,17377599
2023-03-08,PETR4,25.15,25.92,25.13,25.42,13.95,66220400
2023-03-08,VALE3,85.6,86.41,85.4,86.11,62.41,22274800
2023-03-08,WEGE3,39.6,40.32,39.42,40.16,36.85,7378100
2023-03-09,ABEV3,13.56,13.78,13.56,13.6,11.36,19988600
2023-03-09,B3SA3,11.6,11.83,11.53,11.58,10.22,51003900
2023-03-09,BBDC4,13.99,14.16,13.87,13.97,10.53,61048300
2023-03-09,ITUB4,22.07,22.14,21.72,21.77,16.75,47884998
2023-03-09,MGLU3,30.29,31.8,29.93,30.2,29.04,11829151
2023-03-09,PETR4,25.35,26.23,25.28,25.31,13.89,68042300
2023-03-09,VALE3,85.13,86.49,84.82,84.98,61.59,24439300
2023-03-09,WEGE3,40.0,40.3,39.86,39.86,36.58,5384100
2023-03-10,ABEV3,13.52,13.7,13.46,13.51,11.29,25089300
2023-03-10,B3SA3,11.58,11.6,11.18,11.26,9.94,49231100
2023-03-10,BBDC4,13.86,13.95,13.48,13.57,10.23,40235200
2023-03-10,ITUB4,21.67,21.72,21.09,21.24,16.35,37246581
2023-03-10,MGLU3,28.24,30.46,26.72,30.29,29.13,27150685
2023-03-10,PETR4,25.16,25.58,24.94,24.98,13.71,48118600
2023-03-10,VALE3,84.6,86.18,84.27,84.7,61.39,21820200
2023-03-10,WEGE3,39.82,39.99,39.32,39.54,36.28,4632900
2023-03-13,ABEV3,13.5,13.73,13.47,13.61,11.37,15168800
2023-03-13,B3SA3,11.13,11.46,10.93,11.35,10.02,49440600
2023-03-13,BBDC4,13.5,13.58,13.25,13.42,10.12,33541200
2023-03-13,ITUB4,20.98,21.24,20.71,20.99,16.16,38429660
2023-03-13,MGLU3,29.93,34.21,29.66,33.14,31.87,21301064
2023-03-13,PETR4,24.55,24.86,24.1,24.19,13.28,58605500
2023-03-13,VALE3,84.37,86.0,84.05,85.05,61.65,23460200
2023-03-13,WEGE3,39.21,40.29,39.06,39.79,36.51,7427900
2023-03-14,ABEV3,13.61,14.08,13.59,13.95,11.66,52093500
2023-03-14,B3SA3,11.38,11.78,11.33,11.44,10.1,50264800
2023-03-14,BBDC4,13.29,13.55,13.19,13.34,10.06,44785600
2023-03-14,ITUB4,20.79,21.14,20.71,20.92,16.1,43849139
2023-03-14,MGLU3,33.14,34.56,32.69,33.23,31.96,14465704
2023-03-14,PETR4,24.28,24.73,23.6,23.76,13.04,58916700
2023-03-14,VALE3,83.12,84.35,82.9,83.98,62.21,18077900
2023-03-14,WEGE3,39.7,40.35,39.7,40.26,36.94,4704200
2023-03-15,ABEV3,13.8,14.1,13.75,14.02,11.72,36367400
2023-03-15,B3SA3,11.3,11.7,11.13,11.54,10.18,50275800
2023-03-15,BBDC4,13.14,13.59,12.95,13.53,10.2,70935100
2023-03-15,ITUB4,20.63,20.97,20.32,20.86,16.06,57389962
2023-03-15,MGLU3,32.51,34.56,31.8,33.94,32.64,15085169
2023-03-15,PETR4,23.33,23.48,22.8,23.34,12.81,93708800
2023-03-15,VALE3,82.0,83.09,80.1,81.45,60.33,34103400
2023-03-15,WEGE3,40.05,40.47,39.65,40.07,36.77,6236000
2023-03-16,ABEV3,14.0,14.41,14.0,14.26,11.92,29043700
2023-03-16,B3SA3,11.5,11.96,11.47,11.86,10.47,66584200
2023-03-16,BBDC4,13.52,14.01,13.45,13.91,10.49,84701000
2023-03-16,ITUB4,20.88,21.32,20.76,21.21,16.32,45421743
2023-03-16,MGLU3,34.3,35.54,34.21,34.65,33.33,11168508
2023-03-16,PETR4,23.4,23.52,22.97,23.26,12.77,66821000
2023-03-16,VALE3,81.22,82.15,80.71,81.75,60.56,20573400
2023-03-16,WEGE3,40.11,40.39,39.83,40.3,36.98,6583700
2023-03-17,ABEV3,14.2,14.4,14.09,14.22,11.88,52021500
2023-03-17,B3SA3,11.64,11.7,11.29,11.3,9.97,80769000
2023-03-17,BBDC4,13.78,13.82,13.33,13.33,10.05,76083800
2023-03-17,ITUB4,21.09,21.11,20.56,20.6,15.86,68565874
2023-03-17,MGLU3,34.56,34.92,33.49,33.67,32.38,9010937
2023-03-17,PETR4,23.1,23.51,22.86,23.51,12.9,93502700
2023-03-17,VALE3,82.91,83.5,82.63,82.73,61.28,39906400
2023-03-17,WEGE3,40.11,40.23,39.72,39.87,36.59,9680200
2023-03-20,ABEV3,14.2,14.27,14.05,14.12,11.8,33729400
2023-03-20,B3SA3,11.32,11.5,11.03,11.18,9.87,34346700
2023-03-20,BBDC4,13.36,13.52,13.04,13.1,9.88,34593300
2023-03-20,ITUB4,20.65,21.06,20.46,20.65,15.9,36932854
2023-03-20,MGLU3,34.3,34.56,32.42,33.05,31.78,9420026
2023-03-20,PETR4,23.51,23.65,22.89,22.93,12.58,57575200
2023-03-20,VALE3,82.72,83.99,81.81,83.41,61.78,19650900
2023-03-20,WEGE3,40.1,40.34,39.58,39.7,36.48,5827400
2023-03-21,ABEV3,14.14,14.18,13.9,13.95,11.66,16500900
2023-03-21,B3SA3,11.14,11.44,11.14,11.17,9.86,42280200
2023-03-21,BBDC4,13.19,13.37,13.09,13.14,9.91,38954800
2023-03-21,ITUB4,20.74,21.32,20.74,21.08,16.22,43704795
2023-03-21,MGLU3,33.23,33.67,32.69,32.96,31.7,6867095
2023-03-21,PETR4,23.2,23.6,23.08,23.4,12.84,43391200
2023-03-21,VALE3,83.22,83.44,81.54,82.71,61.27,15692200
2023-03-21,WEGE3,39.84,40.28,39.8,39.96,36.72,5241100
2023-03-22,ABEV3,13.91,14.09,13.89,13.95,11.66,16107100
2023-03-22,B3SA3,11.25,11.43,11.04,11.04,9.74,64613000
2023-03-22,BBDC4,13.14,13.24,12.96,13.02,9.82,29424300
2023-03-22,ITUB4,21.14,21.4,20.9,20.95,16.13,41241539
2023-03-22,MGLU3,32.87,33.4,31.71,31.98,30.76,13365258
2023-03-22,PETR4,23.39,23.62,23.04,23.33,12.8,46435600
2023-03-22,VALE3,82.0,82.75,81.61,81.68,60.5,18085500
2023-03-22,WEGE3,39.97,40.25,39.38,39.52,36.31,4920900
2023-03-23,ABEV3,14.01,14.15,13.67,13.78,11.51,26202600
2023-03-23,B3SA3,11.06,11.14,10.27,10.42,9.2,83232200
2023-03-23,BBDC4,13.07,13.12,12.44,12.57,9.48,61539500
2023-03-23,ITUB4,20.96,21.4,20.2,20.43,15.73,59823759
2023-03-23,MGLU3,32.07,32.07,27.08,27.7,26.64,28086524
2023-03-23,PETR4,23.37,23.67,22.59,22.8,12.51,74711200
2023-03-23,VALE3,81.52,82.18,78.81,79.58,58.95,26000100
2023-03-23,WEGE3,39.6,40.36,39.53,39.89,36.65,6499000
2023-03-24,ABEV3,13.84,14.02,13.75,13.89,11.61,27154200
2023-03-24,B3SA3,10.54,10.75,10.34,10.56,9.32,44383700
2023-03-24,BBDC4,12.68,12.83,12.39,12.71,9.58,40452000
2023-03-24,ITUB4,20.44,20.67,20.07,20.49,15.96,34011300
2023-03-24,MGLU3,28.68,29.4,27.61,28.77,27.67,13253300
2023-03-24,PETR4,22.71,23.13,22.48,22.79,12.51,52556800
2023-03-24,VALE3,79.69,79.86,78.09,78.67,58.27,27801900
2023-03-24,WEGE3,40.0,40.61,39.81,40.51,37.22,6714600
2023-03-27,ABEV3,14.0,14.11,13.88,13.93,11.64,15709700
2023-03-27,B3SA3,10.56,10.84,10.5,10.59,9.35,69951100
2023-03-27,BBDC4,12.86,13.02,12.76,12.94,9.76,45000300
2023-03-27,ITUB4,20.74,20.99,20.64,20.85,16.23,44616067
2023-03-27,MGLU3,29.31,30.29,29.04,29.75,28.61,8477878
2023-03-27,PETR4,23.11,23.36,22.83,23.18,12.72,39148700
2023-03-27,VALE3,79.51,80.08,78.03,78.54,58.18,14202900
2023-03-27,WEGE3,40.78,41.31,40.55,41.19,37.85,7311600
2023-03-28,ABEV3,13.95,15.03,13.9,14.59,12.19,121741000
2023-03-28,B3SA3,10.62,10.82,10.38,10.68,9.43,97342300
2023-03-28,BBDC4,12.9,13.08,12.81,12.92,9.74,30254900
2023-03-28,ITUB4,20.86,21.11,20.74,20.94,16.31,32135279
2023-03-28,MGLU3,29.66,30.46,28.86,30.11,28.96,9124623
2023-03-28,PETR4,23.22,23.64,23.15,23.59,12.95,29091100
2023-03-28,VALE3,78.72,79.9,78.59,79.37,58.79,13866800
2023-03-28,WEGE3,41.17,41.87,41.13,41.37,38.01,6873300
2023-03-29,ABEV3,14.66,14.92,14.49,14.81,12.38,40734700
2023-03-29,B3SA3,10.7,10.72,10.22,10.53,9.35,65619500
2023-03-29,BBDC4,12.96,13.19,12.7,12.99,9.79,58776800
2023-03-29,ITUB4,20.96,21.25,20.81,21.15,16.46,25802715
2023-03-29,MGLU3,30.46,30.82,28.59,29.84,28.7,11546579
2023-03-29,PETR4,23.71,24.04,23.47,23.9,13.12,49148600
2023-03-29,VALE3,79.99,80.84,79.84,80.51,59.64,17345200
2023-03-29,WEGE3,41.48,42.15,41.27,41.73,38.34,7454100
2023-03-30,ABEV3,15.0,15.05,14.75,14.82,12.38,24247000
2023-03-30,B3SA3,10.75,11.07,10.65,10.8,9.59,72194000
2023-03-30,BBDC4,13.21,13.4,13.1,13.38,10.09,58758400
2023-03-30,ITUB4,21.47,21.89,21.38,21.73,16.92,43270629
2023-03-30,MGLU3,30.55,31.89,30.46,30.64,29.47,11207249
2023-03-30,PETR4,24.25,24.28,23.68,23.97,13.16,56116900
2023-03-30,VALE3,81.7,81.95,81.15,81.82,60.61,14249000
2023-03-30,WEGE3,41.79,42.03,41.06,41.86,38.46,5155400
2023-03-31,ABEV3,14.87,14.92,14.19,14.33,11.97,68236900
2023-03-31,B3SA3,10.81,10.85,10.13,10.35,9.19,107873700
2023-03-31,BBDC4,13.37,13.47,13.05,13.17,9.93,60841800
2023-03-31,ITUB4,21.84,22.14,21.62,21.84,17.0,65512439
2023-03-31,MGLU3,30.64,30.91,28.77,29.48,28.36,9371821
2023-03-31,PETR4,24.0,24.22,23.21,23.45,12.87,59547800
2023-03-31,VALE3,81.6,82.17,79.91,80.29,59.47,22468400
2023-03-31,WEGE3,41.92,42.37,40.45,40.55,37.26,10945300
2023-04-03,ABEV3,14.23,14.35,14.04,14.33,11.97,24136100
2023-04-03,B3SA3,10.35,10.68,10.19,10.58,9.39,50036600
2023-04-03,BBDC4,13.18,13.22,12.78,12.84,9.68,58954700
2023-04-03,ITUB4,21.78,21.8,21.02,21.21,16.52,38304803
2023-04-03,MGLU3,29.66,29.93,28.42,29.48,28.36,7293439
2023-04-03,PETR4,24.09,24.5,23.8,24.49,13.44,73931200
2023-04-03,VALE3,79.8,80.39,79.41,80.31,59.49,13510200
2023-04-03,WEGE3,40.79,40.79,39.3,39.59,36.38,8938800
2023-04-04,ABEV3,14.41,14.62,14.23,14.43,12.06,25925800
2023-04-04,B3SA3,10.71,10.96,10.67,10.83,9.61,36717700
2023-04-04,BBDC4,12.93,13.18,12.88,13.11,9.9,46417800
2023-04-04,ITUB4,21.31,21.81,21.29,21.63,16.85,25918394
2023-04-04,MGLU3,29.66,30.82,28.59,28.68,27.59,11224212
2023-04-04,PETR4,24.63,24.76,24.1,24.27,13.32,57505700
2023-04-04,VALE3,79.96,80.18,77.75,78.04,57.81,20485600
2023-04-04,WEGE3,39.86,39.94,39.25,39.63,36.41,6442000
2023-04-05,ABEV3,14.51,14.63,14.21,14.4,12.03,20359100
2023-04-05,B3SA3,10.86,10.91,10.62,10.79,9.58,37293000
2023-04-05,BBDC4,13.1,13.36,13.03,13.22,9.98,51710100
2023-04-05,ITUB4,21.69,21.9,21.34,21.62,16.84,36165246
2023-04-05,MGLU3,28.86,29.57,27.97,29.22,28.1,12468980
2023-04-05,PETR4,24.19,24.53,23.27,24.35,13.36,93626400
2023-04-05,VALE3,77.75,77.76,75.9,76.89,56.96,25382600
2023-04-05,WEGE3,39.71,39.93,38.46,38.75,35.61,7128200
2023-04-06,ABEV3,14.24,14.61,14.24,14.43,12.06,39044600
2023-04-06,B3SA3,10.85,10.95,10.63,10.7,9.5,29384200
2023-04-06,BBDC4,13.23,13.31,12.95,13.03,9.84,32588600
2023-04-06,ITUB4,21.68,21.77,21.39,21.54,16.78,24650907
2023-04-06,MGLU3,29.04,30.38,28.95,30.02,28.87,8017846
2023-04-06,PETR4,24.34,24.42,23.95,24.0,13.17,29565400
2023-04-06,VALE3,76.67,77.5,76.28,76.75,56.85,13976800
2023-04-06,WEGE3,38.74,39.18,38.54,38.61,35.48,3998900
2023-04-10,ABEV3,14.5,14.78,14.34,14.46,12.08,31288100
2023-04-10,B3SA3,10.8,10.93,10.76,10.91,9.68,34926800
2023-04-10,BBDC4,13.08,13.25,13.04,13.18,9.95,24189300
2023-04-10,ITUB4,21.75,21.84,21.63,21.77,16.96,16023452
2023-04-10,MGLU3,30.2,30.73,29.84,29.84,28.7,6292635
2023-04-10,PETR4,24.03,24.66,24.03,24.51,13.45,41455900
2023-04-10,VALE3,76.75,78.26,76.7,78.23,57.95,13849000
2023-04-10,WEGE3,38.51,38.76,38.17,38.39,35.28,4469500
2023-04-11,ABEV3,14.49,14.87,14.39,14.78,12.35,43646400
2023-04-11,B3SA3,11.06,11.66,11.01,11.63,10.32,69830300
2023-04-11,BBDC4,13.31,13.87,13.19,13.87,10.47,94873900
2023-04-11,ITUB4,22.24,22.61,22.07,22.48,17.51,54871529
2023-04-11,MGLU3,30.82,34.47,30.73,33.67,32.38,27440194
2023-04-11,PETR4,24.7,25.7,24.63,25.66,14.08,80565000
2023-04-11,VALE3,80.5,82.95,80.06,82.36,61.01,34226000
2023-04-11,WEGE3,38.65,39.33,38.64,39.09,35.92,7179900
2023-04-12,ABEV3,14.82,14.93,14.64,14.76,12.33,38015500
2023-04-12,B3SA3,11.74,12.3,11.72,11.86,10.53,91951300
2023-04-12,BBDC4,13.89,14.2,13.77,13.8,10.42,63610500
2023-04-12,ITUB4,22.63,22.97,22.39,22.63,17.63,47390217
2023-04-12,MGLU3,34.56,35.01,33.58,34.56,33.24,17119961
2023-04-12,PETR4,25.98,26.15,25.18,25.85,14.19,71563400
2023-04-12,VALE3,82.75,82.8,80.29,80.6,59.7,32702000
2023-04-12,WEGE3,39.26,40.43,39.18,39.74,36.52,9407100
2023-04-13,ABEV3,14.73,14.84,14.43,14.59,12.19,25996600
2023-04-13,B3SA3,11.8,11.83,11.33,11.74,10.42,43949700
2023-04-13,BBDC4,13.82,13.94,13.62,13.81,10.43,33003100
2023-04-13,ITUB4,22.74,22.87,22.46,22.63,17.63,40614537
2023-04-13,MGLU3,34.65,35.36,33.67,34.38,33.07,10933861
2023-04-13,PETR4,25.85,26.09,25.8,26.03,14.29,38852800
2023-04-13,VALE3,80.0,80.73,78.97,79.51,58.9,21361900
2023-04-13,WEGE3,39.79,40.06,39.13,39.37,36.18,6615400
2023-04-14,ABEV3,14.5,14.73,14.44,14.65,12.24,14511000
2023-04-14,B3SA3,11.56,12.01,11.5,11.97,10.62,28644400
2023-04-14,BBDC4,13.73,13.94,13.6,13.79,10.41,41846400
2023-04-14,ITUB4,22.55,23.06,22.45,22.96,17.89,38988116
2023-04-14,MGLU3,33.94,34.3,33.14,33.32,32.04,10037763
2023-04-14,PETR4,25.8,26.4,25.72,26.3,14.43,38421100
2023-04-14,VALE3,79.1,79.8,78.0,78.81,58.38,22693200
2023-04-14,WEGE3,38.93,39.02,38.31,38.76,35.62,6485300
2023-04-17,ABEV3,14.73,14.77,14.57,14.75,12.33,12975100
2023-04-17,B3SA3,12.0,12.08,11.88,12.02,10.67,28178600
2023-04-17,BBDC4,13.72,13.79,13.56,13.73,10.37,28114200
2023-04-17,ITUB4,22.99,23.16,22.7,22.91,17.85,24167003
2023-04-17,MGLU3,33.58,33.58,32.42,32.6,31.36,10076627
2023-04-17,PETR4,26.24,26.8,26.21,26.71,14.66,49427100
2023-04-17,VALE3,79.48,80.44,77.45,77.87,57.68,21479200
2023-04-17,WEGE3,38.84,39.5,38.82,39.48,36.28,3679400
2023-04-18,ABEV3,14.76,14.82,14.54,14.63,12.23,17645400
2023-04-18,B3SA3,12.08,12.1,11.74,11.89,10.55,27824800
2023-04-18,BBDC4,13.79,13.86,13.48,13.64,10.3,45070000
2023-04-18,ITUB4,22.96,23.16,22.67,22.89,17.84,27411575
2023-04-18,MGLU3,32.96,33.23,31.44,31.53,30.33,12225363
2023-04-18,PETR4,26.71,27.62,26.52,27.39,15.03,99478800
2023-04-18,VALE3,78.79,78.93,77.66,78.54,58.18,15193400
2023-04-18,WEGE3,39.51,39.72,38.85,39.27,36.08,5687600
2023-04-19,ABEV3,14.53,14.68,14.43,14.58,12.18,22727300
2023-04-19,B3SA3,11.73,11.83,11.52,11.59,10.29,39349300
2023-04-19,BBDC4,13.5,13.56,13.35,13.39,10.11,45391200
2023-04-19,ITUB4,22.73,22.82,22.5,22.53,17.55,31036155
2023-04-19,MGLU3,31.18,31.27,28.77,28.95,27.84,17046262
2023-04-19,PETR4,27.16,27.31,26.45,26.51,14.55,73217800
2023-04-19,VALE3,77.3,77.62,75.02,76.25,56.48,31128000
2023-04-19,WEGE3,39.08,39.51,38.92,39.11,35.94,4241900
2023-04-20,ABEV3,14.61,14.8,14.56,14.6,12.2,25584600
2023-04-20,B3SA3,11.65,11.75,11.46,11.66,10.35,43532000
2023-04-20,BBDC4,13.42,13.52,13.16,13.51,10.2,61683400
2023-04-20,ITUB4,22.41,22.67,22.25,22.59,17.6,24745399
2023-04-20,MGLU3,29.4,29.84,28.77,29.4,28.27,12573888
2023-04-20,PETR4,26.52,26.98,26.29,26.69,14.65,54738400
2023-04-20,VALE3,75.9,76.46,74.53,74.66,55.3,31112800
2023-04-20,WEGE3,39.33,40.39,38.9,40.25,36.98,9536000
2023-04-24,ABEV3,14.66,14.74,14.27,14.34,11.98,39968000
2023-04-24,B3SA3,11.73,11.98,11.53,11.76,10.44,36709200
2023-04-24,BBDC4,13.48,13.64,13.31,13.4,10.12,30197500
2023-04-24,ITUB4,22.59,22.75,22.22,22.39,17.44,28674303
2023-04-24,MGLU3,29.4,30.55,29.31,30.2,29.04,10258624
2023-04-24,PETR4,26.6,27.26,26.5,27.2,14.93,43820900
2023-04-24,VALE3,72.2,72.54,71.59,71.96,53.3,29754000
2023-04-24,WEGE3,40.35,40.76,39.95,40.35,37.08,8144200
2023-04-25,ABEV3,14.28,14.38,14.06,14.29,11.94,29356500
2023-04-25,B3SA3,11.6,11.88,11.5,11.8,10.47,23753500
2023-04-25,BBDC4,13.27,13.72,13.27,13.7,10.34,66333300
2023-04-25,ITUB4,22.24,22.7,22.24,22.59,17.6,25980256
2023-04-25,MGLU3,30.02,30.2,28.77,29.22,28.1,9276590
2023-04-25,PETR4,27.16,27.5,26.72,27.09,14.87,53854100
2023-04-25,VALE3,71.2,71.2,69.71,70.0,51.85,31799200
2023-04-25,WEGE3,40.7,41.17,40.31,40.54,37.25,9244600
2023-04-26,ABEV3,14.2,14.38,14.15,14.21,11.87,19935800
2023-04-26,B3SA3,11.8,11.82,11.21,11.25,9.99,43132700
2023-04-26,BBDC4,13.6,13.77,13.46,13.5,10.19,29344200
2023-04-26,ITUB4,22.53,22.65,22.33,22.37,17.42,19299068
2023-04-26,MGLU3,29.48,29.57,27.53,27.7,26.64,13181880
2023-04-26,PETR4,27.12,27.22,26.75,26.75,14.68,40249400
2023-04-26,VALE3,71.0,71.43,70.27,70.27,52.05,25907200
2023-04-26,WEGE3,41.07,41.39,39.68,40.11,36.86,9771600
2023-04-27,ABEV3,14.18,14.25,14.01,14.16,11.83,16155400
2023-04-27,B3SA3,11.27,11.52,11.15,11.48,10.19,31864200
2023-04-27,BBDC4,13.53,13.82,13.49,13.76,10.39,66471700
2023-04-27,ITUB4,22.36,22.77,22.36,22.76,17.73,23660439
2023-04-27,MGLU3,27.88,28.51,27.08,28.51,27.41,10546371
2023-04-27,PETR4,26.85,27.18,25.91,26.1,14.32,115632700
2023-04-27,VALE3,69.7,71.78,69.18,71.76,53.16,31717800
2023-04-27,WEGE3,40.18,40.45,39.67,40.35,37.08,5337900
2023-04-28,ABEV3,14.1,14.22,13.98,14.16,11.83,21948100
2023-04-28,B3SA3,11.5,11.77,11.35,11.68,10.37,34079100
2023-04-28,BBDC4,13.79,13.98,13.6,13.85,10.46,34292000
2023-04-28,ITUB4,22.89,22.89,22.52,22.88,17.82,23245081
2023-04-28,MGLU3,28.68,29.75,27.97,29.75,28.61,9121805
2023-04-28,PETR4,23.6,24.05,23.15,23.7,14.65,81138500
2023-04-28,VALE3,71.63,72.42,71.06,72.4,53.63,33277500
2023-04-28,WEGE3,40.11,41.12,40.11,41.12,37.78,7415000
2023-05-02,ABEV3,14.06,14.32,13.96,14.26,11.92,26656000
2023-05-02,B3SA3,11.64,11.64,11.25,11.33,10.06,29412600
2023-05-02,BBDC4,13.87,13.89,13.43,13.65,10.31,76570500
2023-05-02,ITUB4,22.71,22.92,21.94,21.98,17.13,49467233
2023-05-02,MGLU3,29.84,29.84,28.77,28.86,27.76,7199735
2023-05-02,PETR4,23.7,23.74,22.64,22.74,14.06,67911100
2023-05-02,VALE3,71.3,71.6,69.32,69.54,51.51,37367900
2023-05-02,WEGE3,40.68,41.57,40.36,40.82,37.51,5799900
2023-05-03,ABEV3,14.25,14.68,14.13,14.58,12.18,34868300
2023-05-03,B3SA3,11.3,11.64,11.28,11.51,10.22,24304700
2023-05-03,BBDC4,13.55,13.83,13.36,13.75,10.4,37376800
2023-05-03,ITUB4,22.02,22.18,21.78,21.94,17.11,26517638
2023-05-03,MGLU3,29.13,30.02,28.77,29.75,28.61,9967678
2023-05-03,PETR4,22.6,22.99,22.42,22.66,14.01,51133700
2023-05-03,VALE3,69.94,70.08,68.86,69.0,51.11,19958300
2023-05-03,WEGE3,40.66,40.99,39.87,39.9,36.66,5451100
2023-05-04,ABEV3,15.2,15.31,14.47,14.63,12.23,54120800
2023-05-04,B3SA3,11.61,12.04,11.49,11.83,10.5,34923200
2023-05-04,BBDC4,13.82,14.22,13.82,14.07,10.64,71085400
2023-05-04,ITUB4,22.06,22.31,21.64,22.12,17.24,45003213
2023-05-04,MGLU3,29.93,32.42,29.93,31.8,30.58,16956117
2023-05-04,PETR4,22.89,23.38,22.61,23.02,14.23,57854400
2023-05-04,VALE3,69.05,69.33,66.71,66.86,49.53,35996200
2023-05-04,WEGE3,40.0,40.2,39.17,39.3,36.11,5340400
2023-05-05,ABEV3,14.67,14.71,14.3,14.49,12.11,25846600
2023-05-05,B3SA3,11.96,12.69,11.96,12.49,11.09,55158000
2023-05-05,BBDC4,14.06,14.94,13.89,14.77,11.17,113562200
2023-05-05,ITUB4,22.37,22.94,22.08,22.94,17.88,49402765
2023-05-05,MGLU3,31.8,34.21,31.44,33.94,32.64,16448407
2023-05-05,PETR4,23.3,24.17,23.18,24.0,14.84,83365200
2023-05-05,VALE3,67.69,69.25,67.23,69.04,51.14,27107300
2023-05-05,WEGE3,39.16,39.53,38.8,39.22,36.04,7852800
2023-05-08,ABEV3,14.57,14.64,14.43,14.51,12.12,18558200
2023-05-08,B3SA3,12.61,12.78,12.35,12.44,11.04,39099200
2023-05-08,BBDC4,14.82,15.42,14.82,15.32,11.58,119305500
2023-05-08,ITUB4,23.35,23.45,22.78,23.26,18.13,59838715
2023-05-08,MGLU3,34.03,35.63,34.03,34.47,33.15,12343596
2023-05-08,PETR4,24.45,24.63,24.21,24.51,15.15,59352300
2023-05-08,VALE3,70.7,71.16,69.85,69.97,51.83,24917600
2023-05-08,WEGE3,39.43,39.55,38.82,39.2,36.02,4669200
2023-05-09,ABEV3,14.49,14.57,14.44,14.5,12.12,14106700
2023-05-09,B3SA3,12.37,12.72,12.3,12.56,11.15,29485100
2023-05-09,BBDC4,15.18,15.62,15.09,15.17,11.47,63086800
2023-05-09,ITUB4,23.2,23.65,23.15,23.4,18.24,43258053
2023-05-09,MGLU3,34.21,38.04,34.03,36.88,35.47,18067385
2023-05-09,PETR4,24.41,24.8,24.24,24.59,15.2,33978200
2023-05-09,VALE3,69.5,70.71,68.68,70.69,52.36,18717400
2023-05-09,WEGE3,39.24,39.92,39.19,39.86,36.63,3642300
2023-05-10,ABEV3,14.44,14.49,14.28,14.4,12.03,32128700
2023-05-10,B3SA3,12.49,12.73,12.48,12.55,11.14,29982900
2023-05-10,BBDC4,15.15,15.28,15.02,15.2,11.49,34391600
2023-05-10,ITUB4,23.35,23.87,23.2,23.74,18.51,35088896
2023-05-10,MGLU3,37.15,38.84,37.06,38.21,36.75,12594353
2023-05-10,PETR4,24.59,24.82,24.33,24.53,15.17,41500700
2023-05-10,VALE3,70.89,71.06,68.69,69.36,51.38,24792600
2023-05-10,WEGE3,39.8,40.02,39.34,39.35,36.16,4335000
2023-05-11,ABEV3,14.41,14.66,14.41,14.5,12.12,24022900
2023-05-11,B3SA3,12.44,12.84,12.36,12.78,11.34,41535400
2023-05-11,BBDC4,15.11,15.49,15.06,15.4,11.64,38711200
2023-05-11,ITUB4,23.62,24.13,23.49,23.97,18.69,35897745
2023-05-11,MGLU3,38.66,39.46,37.41,38.75,37.27,11581391
2023-05-11,PETR4,24.13,25.48,23.93,25.43,15.72,136878100
2023-05-11,VALE3,68.0,68.29,67.36,68.01,50.38,27709000
2023-05-11,WEGE3,39.18,39.5,38.87,39.32,36.13,6709000
2023-05-12,ABEV3,14.41,14.5,14.27,14.45,12.07,17911800
2023-05-12,B3SA3,13.1,13.32,12.75,12.83,11.39,45257700
2023-05-12,BBDC4,15.25,15.53,15.24,15.47,11.7,33331100
2023-05-12,ITUB4,23.66,23.87,23.54,23.75,18.52,20136809
2023-05-12,MGLU3,38.3,38.84,37.5,38.39,36.92,7854304
2023-05-12,PETR4,25.58,26.74,25.48,26.25,16.23,117237500
2023-05-12,VALE3,67.9,68.57,67.41,68.08,50.43,17578100
2023-05-12,WEGE3,39.1,39.63,38.8,38.91,35.75,5474100
2023-05-15,ABEV3,14.48,14.66,14.47,14.62,12.22,12250300
2023-05-15,B3SA3,12.91,13.09,12.77,13.0,11.54,26238500
2023-05-15,BBDC4,15.55,15.76,15.42,15.71,11.88,44270100
2023-05-15,ITUB4,23.79,23.92,23.57,23.84,18.59,20327832
2023-05-15,MGLU3,38.75,39.73,38.04,39.02,37.52,9972741
2023-05-15,PETR4,26.06,26.15,25.4,25.66,15.86,81996700
2023-05-15,VALE3,69.3,70.13,68.92,69.06,51.16,21020000
2023-05-15,WEGE3,39.0,39.77,38.97,39.64,36.42,5580100
2023-05-16,ABEV3,14.67,14.84,14.6,14.6,12.2,12620000
2023-05-16,B3SA3,13.0,13.26,12.75,12.81,11.37,52790600
2023-05-16,BBDC4,15.67,15.87,15.54,15.72,11.89,29720900
2023-05-16,ITUB4,23.86,24.11,23.68,23.76,18.52,29875057
2023-05-16,MGLU3,35.72,36.52,29.84,30.11,28.96,39038964
2023-05-16,PETR4,26.11,27.03,26.08,26.3,16.26,117782700
2023-05-16,VALE3,69.0,69.2,67.6,67.64,50.1,23990300
2023-05-16,WEGE3,39.49,40.07,39.41,39.7,36.48,4265800
2023-05-17,ABEV3,14.65,14.66,14.47,14.56,12.17,21093400
2023-05-17,B3SA3,12.95,13.42,12.92,13.32,11.82,75038500
2023-05-17,BBDC4,15.63,15.79,15.49,15.65,11.83,31306500
2023-05-17,ITUB4,23.92,24.2,23.79,24.0,18.71,27183049
2023-05-17,MGLU3,31.18,31.44,29.13,29.93,28.79,20679948
2023-05-17,PETR4,26.6,26.76,25.51,25.66,15.86,107129200
2023-05-17,VALE3,69.12,70.24,68.81,69.88,51.76,30913100
2023-05-17,WEGE3,39.89,40.06,39.37,39.46,36.26,3886400
2023-05-18,ABEV3,14.54,14.59,14.37,14.55,12.16,28578200
2023-05-18,B3SA3,13.27,13.59,13.2,13.49,11.97,34511600
2023-05-18,BBDC4,15.6,15.74,15.51,15.7,11.87,30064600
2023-05-18,ITUB4,23.92,23.95,23.62,23.91,18.64,26807799
2023-05-18,MGLU3,30.02,31.98,29.66,31.53,30.33,20015421
2023-05-18,PETR4,25.59,25.85,25.35,25.81,15.96,63010500
2023-05-18,VALE3,69.88,70.32,69.12,69.98,51.84,23710600
2023-05-18,WEGE3,39.45,39.58,39.08,39.3,36.11,5386900
2023-05-19,ABEV3,14.6,14.77,14.4,14.58,12.18,26033100
2023-05-19,B3SA3,13.6,13.83,13.35,13.56,12.04,58067000
2023-05-19,BBDC4,15.8,16.14,15.63,16.08,12.16,81459600
2023-05-19,ITUB4,23.75,23.83,23.45,23.72,18.49,55195001
2023-05-19,MGLU3,31.89,33.23,31.44,32.42,31.18,16427324
2023-05-19,PETR4,26.08,26.18,25.64,25.77,15.93,69245500
2023-05-19,VALE3,70.5,70.61,69.13,69.21,51.27,33892200
2023-05-19,WEGE3,39.47,40.48,39.09,40.13,36.87,11502300
2023-05-22,ABEV3,14.75,14.84,14.56,14.62,12.22,19796100
2023-05-22,B3SA3,13.52,13.83,13.31,13.39,11.88,23668700
2023-05-22,BBDC4,16.05,16.29,15.9,15.92,12.04,24901500
2023-05-22,ITUB4,23.72,23.95,23.21,23.27,18.14,29853077
2023-05-22,MGLU3,32.69,34.47,32.6,33.85,32.56,14236400
2023-05-22,PETR4,25.88,26.01,25.5,25.62,15.84,38010200
2023-05-22,VALE3,68.4,68.9,67.77,68.1,50.44,18936200
2023-05-22,WEGE3,39.9,40.88,39.85,40.36,37.09,6401900
2023-05-23,ABEV3,14.58,14.67,14.46,14.59,12.19,12569600
2023-05-23,B3SA3,13.47,13.52,13.04,13.21,11.72,59858100
2023-05-23,BBDC4,15.93,16.48,15.91,16.05,12.14,65141600
2023-05-23,ITUB4,23.38,23.8,23.18,23.45,18.28,31465336
2023-05-23,MGLU3,34.12,34.21,32.42,32.6,31.36,12890990
2023-05-23,PETR4,25.65,26.43,25.52,26.25,16.23,58285300
2023-05-23,VALE3,67.5,67.69,66.51,66.56,49.3,39413300
2023-05-23,WEGE3,40.3,40.87,40.02,40.22,36.96,5552000
2023-05-24,ABEV3,14.49,14.8,14.49,14.66,12.25,13887400
2023-05-24,B3SA3,13.04,13.09,12.72,12.86,11.41,41907700
2023-05-24,BBDC4,15.96,15.99,15.45,15.56,11.76,84758000
2023-05-24,ITUB4,23.3,23.57,23.17,23.32,18.18,32566612
2023-05-24,MGLU3,31.27,33.14,31.0,32.34,31.1,11793463
2023-05-24,PETR4,26.25,26.9,26.05,26.65,16.48,54796400
2023-05-24,VALE3,65.78,65.78,64.82,65.05,48.18,33304700
2023-05-24,WEGE3,40.1,40.33,39.75,39.82,36.59,3074900
2023-05-25,ABEV3,14.85,14.93,14.65,14.74,12.32,20059400
2023-05-25,B3SA3,13.13,13.54,12.97,13.18,11.7,61049000
2023-05-25,BBDC4,15.77,16.25,15.73,16.12,12.19,57019700
2023-05-25,ITUB4,23.72,24.15,23.55,24.05,18.75,51557618
2023-05-25,MGLU3,33.32,34.03,33.14,33.49,32.21,13417347
2023-05-25,PETR4,26.8,26.84,26.19,26.45,16.35,49182700
2023-05-25,VALE3,65.8,65.8,64.78,64.85,48.04,36934900
2023-05-25,WEGE3,40.26,40.28,38.85,39.04,35.87,7746200
2023-05-26,ABEV3,14.81,14.9,14.64,14.76,12.33,9976800
2023-05-26,B3SA3,13.5,13.78,13.35,13.66,12.12,39033400
2023-05-26,BBDC4,16.37,16.5,15.96,16.12,12.19,34702600
2023-05-26,ITUB4,24.18,24.5,23.65,23.87,18.61,33629706
2023-05-26,MGLU3,34.21,34.47,33.49,34.03,32.73,8561490
2023-05-26,PETR4,26.81,26.91,26.53,26.8,16.57,39866600
2023-05-26,VALE3,66.75,67.04,65.91,66.33,49.13,38181700
2023-05-26,WEGE3,39.38,39.63,39.05,39.51,36.3,6524500
2023-05-29,ABEV3,14.67,14.85,14.6,14.76,12.33,5236900
2023-05-29,B3SA3,13.65,13.71,13.45,13.53,12.01,13634900
2023-05-29,BBDC4,16.12,16.2,16.0,16.14,12.2,11951700
2023-05-29,ITUB4,23.8,23.87,23.57,23.76,18.52,11247177
2023-05-29,MGLU3,34.21,34.38,33.32,33.76,32.47,5050696
2023-05-29,PETR4,26.75,26.82,26.56,26.69,16.5,17977100
2023-05-29,VALE3,67.34,67.7,65.74,65.83,48.76,17320700
2023-05-29,WEGE3,39.51,39.54,38.73,38.88,35.73,3442100
2023-05-30,ABEV3,14.83,14.89,14.42,14.48,12.1,24198200
2023-05-30,B3SA3,13.7,13.79,13.29,13.35,11.85,32065000
2023-05-30,BBDC4,16.28,16.3,15.64,15.7,11.87,46546900
2023-05-30,ITUB4,23.9,24.0,23.13,23.42,18.26,48896654
2023-05-30,MGLU3,34.21,34.74,32.96,33.23,31.96,8708305
2023-05-30,PETR4,26.72,26.8,26.26,26.39,16.32,45736700
2023-05-30,VALE3,66.32,66.32,63.87,64.28,47.61,39920700
2023-05-30,WEGE3,39.18,39.26,38.23,38.34,35.23,6349200
2023-05-31,ABEV3,14.44,14.45,14.24,14.41,12.04,41149000
2023-05-31,B3SA3,13.37,13.58,13.13,13.32,11.82,70207400
2023-05-31,BBDC4,15.61,15.78,15.51,15.51,11.73,48483600
2023-05-31,ITUB4,23.38,23.44,23.12,23.24,18.12,38429660
2023-05-31,MGLU3,33.05,33.94,32.6,33.85,32.56,8603116
2023-05-31,PETR4,26.27,26.36,25.87,26.12,16.15,49207600
2023-05-31,VALE3,64.28,64.87,63.51,63.81,47.27,103408900
2023-05-31,WEGE3,38.21,38.34,37.61,37.61,34.56,12497500
2023-06-01,ABEV3,14.35,14.42,14.21,14.24,11.9,21073100
2023-06-01,B3SA3,13.45,14.42,13.38,14.3,12.69,62415600
2023-06-01,BBDC4,15.55,15.97,15.53,15.78,11.93,33499600
2023-06-01,ITUB4,23.36,23.75,23.22,23.57,18.38,28928095
2023-06-01,MGLU3,34.21,36.17,33.76,36.17,34.78,11935080
2023-06-01,PETR4,26.3,27.0,26.16,26.96,16.67,63148200
2023-06-01,VALE3,64.94,65.77,64.15,65.16,48.27,51982400
2023-06-01,WEGE3,37.83,38.0,37.19,37.19,34.17,10739000
2023-06-02,ABEV3,14.4,14.62,14.25,14.46,12.08,26641200
2023-06-02,B3SA3,14.5,14.69,14.26,14.42,12.8,44298200
2023-06-02,BBDC4,15.78,15.78,15.78,15.78,11.95,0
2023-06-02,ITUB4,23.83,24.02,23.71,23.91,18.65,28470477
2023-06-02,MGLU3,36.17,36.17,36.17,36.17,34.78,0
2023-06-02,PETR4,27.43,27.6,27.11,27.18,16.8,39919300
2023-06-02,VALE3,68.0,68.2,67.37,67.94,50.33,39185700
2023-06-02,WEGE3,37.28,37.9,36.93,37.67,34.61,9999400
2023-06-05,ABEV3,14.42,14.52,14.34,14.41,12.04,13795200
2023-06-05,B3SA3,14.46,14.56,14.16,14.46,12.83,38760200
2023-06-05,BBDC4,16.2,16.42,15.97,16.33,12.36,37490300
2023-06-05,ITUB4,23.96,24.08,23.68,23.96,18.69,27870213
2023-06-05,MGLU3,34.74,35.36,34.21,34.65,33.33,6741319
2023-06-05,PETR4,27.54,27.56,27.23,27.47,16.98,39321700
2023-06-05,VALE3,68.47,68.48,66.63,67.38,49.91,21478500
2023-06-05,WEGE3,37.78,38.12,37.44,37.63,34.58,4888100
2023-06-06,ABEV3,14.46,14.85,14.41,14.82,12.38,38723100
2023-06-06,B3SA3,14.51,14.7,14.26,14.41,12.79,57545900
2023-06-06,BBDC4,16.4,16.63,16.38,16.59,12.56,33361400
2023-06-06,ITUB4,24.12,24.23,23.96,24.13,18.82,29698762
2023-06-06,MGLU3,35.01,36.08,34.47,35.54,34.18,11171191
2023-06-06,PETR4,27.45,28.25,27.21,28.05,17.34,75426600
2023-06-06,VALE3,67.8,68.39,67.4,67.6,50.07,31884200
2023-06-06,WEGE3,37.88,38.33,37.83,38.2,35.1,6913000
2023-06-07,ABEV3,14.89,15.03,14.65,14.85,12.41,29670300
2023-06-07,B3SA3,14.6,14.94,14.46,14.74,13.08,52360700
2023-06-07,BBDC4,16.74,16.76,16.44,16.58,12.55,25890200
2023-06-07,ITUB4,24.27,24.38,23.99,24.2,18.88,31760369
2023-06-07,MGLU3,36.08,37.23,34.38,34.56,33.24,13863381
2023-06-07,PETR4,28.65,29.06,28.43,28.87,17.85,82330400
2023-06-07,VALE3,67.6,68.68,67.4,68.67,50.87,27377500
2023-06-07,WEGE3,38.39,38.45,37.93,38.15,35.05,7235000
2023-06-09,ABEV3,14.92,15.17,14.89,15.14,12.65,27318300
2023-06-09,B3SA3,14.95,15.23,14.69,14.7,13.05,34786500
2023-06-09,BBDC4,16.67,16.94,16.65,16.86,12.76,34371000
2023-06-09,ITUB4,24.33,24.54,24.12,24.54,19.14,33168008
2023-06-09,MGLU3,35.28,36.25,35.01,35.36,34.01,13458097
2023-06-09,PETR4,29.1,30.39,29.02,30.28,18.72,80442400
2023-06-09,VALE3,69.67,69.8,68.25,68.36,50.64,30056800
2023-06-09,WEGE3,38.26,38.8,37.73,37.8,34.73,8603000
2023-06-12,ABEV3,15.14,15.23,14.93,15.16,12.67,23053500
2023-06-12,B3SA3,14.71,15.03,14.71,14.9,13.22,24345700
2023-06-12,BBDC4,16.95,16.98,16.62,16.72,12.66,38493000
2023-06-12,ITUB4,24.65,24.75,24.2,24.27,18.94,33613277
2023-06-12,MGLU3,35.72,36.25,34.74,35.28,33.93,13280445
2023-06-12,PETR4,30.22,30.99,30.04,30.81,19.05,119350400
2023-06-12,VALE3,67.8,67.8,66.7,67.12,49.72,26651200
2023-06-12,WEGE3,37.97,38.02,37.61,37.75,34.69,7812500
2023-06-13,ABEV3,15.21,15.3,15.05,15.27,12.76,17207900
2023-06-13,B3SA3,14.91,14.93,14.48,14.61,12.97,39692100
2023-06-13,BBDC4,16.72,16.92,16.64,16.74,12.67,45002300
2023-06-13,ITUB4,24.4,24.62,24.31,24.55,19.15,37732299
2023-06-13,MGLU3,35.72,35.81,33.4,33.49,32.21,15441698
2023-06-13,PETR4,29.24,29.24,28.59,28.86,19.01,79174900
2023-06-13,VALE3,68.3,68.57,67.61,67.83,50.24,34288100
2023-06-13,WEGE3,37.9,37.93,37.23,37.35,34.32,10187500
2023-06-14,ABEV3,15.26,15.43,15.08,15.33,12.81,38582700
2023-06-14,B3SA3,14.7,15.26,14.61,15.22,13.51,62913200
2023-06-14,BBDC4,16.84,16.96,16.59,16.85,12.76,60815500
2023-06-14,ITUB4,24.69,24.91,24.51,24.88,19.41,56524690
2023-06-14,MGLU3,33.94,34.21,32.87,33.94,32.64,15199114
2023-06-14,PETR4,28.94,30.1,28.88,30.1,19.83,98326000
2023-06-14,VALE3,68.99,69.61,68.49,69.02,51.13,53775600
2023-06-14,WEGE3,37.57,37.87,37.41,37.87,34.8,11544100
2023-06-15,ABEV3,15.23,15.35,14.99,15.19,12.69,19514800
2023-06-15,B3SA3,15.14,15.34,14.67,14.71,13.06,53533200
2023-06-15,BBDC4,16.85,17.03,16.77,16.9,12.79,29023000
2023-06-15,ITUB4,24.8,25.24,24.78,25.21,19.67,30322705
2023-06-15,MGLU3,33.76,34.03,33.23,33.4,32.13,12965947
2023-06-15,PETR4,30.2,30.85,29.28,29.39,19.36,120579500
2023-06-15,VALE3,69.1,69.65,68.36,69.56,51.53,31874100
2023-06-15,WEGE3,37.91,37.99,37.56,37.84,34.77,6148900
2023-06-16,ABEV3,15.14,15.28,15.05,15.07,12.59,42108400
2023-06-16,B3SA3,14.61,14.86,14.52,14.62,12.98,68342600
2023-06-16,BBDC4,16.88,17.02,16.77,16.95,12.83,41296400
2023-06-16,ITUB4,25.15,25.45,24.93,25.29,19.73,47145602
2023-06-16,MGLU3,33.32,33.76,32.96,33.05,31.78,9824018
2023-06-16,PETR4,29.23,29.92,29.04,29.64,19.52,94572000
2023-06-16,VALE3,69.4,70.2,69.21,69.67,51.61,39953600
2023-06-16,WEGE3,37.71,38.3,37.7,37.85,34.78,10825900
2023-06-19,ABEV3,15.07,15.18,15.03,15.11,12.63,8520800
2023-06-19,B3SA3,14.61,14.84,14.56,14.8,13.14,42441300
2023-06-19,BBDC4,16.98,17.28,16.95,17.25,13.06,21307100
2023-06-19,ITUB4,25.23,25.68,25.19,25.63,20.0,18433003
2023-06-19,MGLU3,33.14,33.4,32.42,33.23,31.96,6579079
2023-06-19,PETR4,29.63,30.46,29.55,30.42,20.04,34573900
2023-06-19,VALE3,69.65,69.65,68.68,69.4,51.41,14894300
2023-06-19,WEGE3,37.87,38.19,37.57,37.67,34.61,3436700
2023-06-20,ABEV3,15.06,15.15,15.01,15.14,12.65,17804600
2023-06-20,B3SA3,14.81,14.93,14.48,14.73,13.07,47421200
2023-06-20,BBDC4,17.19,17.29,17.06,17.29,13.09,28404300
2023-06-20,ITUB4,25.43,25.43,25.03,25.38,19.99,28148931
2023-06-20,MGLU3,33.14,33.23,32.51,32.78,31.53,9313996
2023-06-20,PETR4,30.3,30.75,29.9,30.57,20.14,55605300
2023-06-20,VALE3,69.0,69.02,67.31,67.61,50.08,35748700
2023-06-20,WEGE3,37.66,37.66,36.88,36.95,33.95,6858200
2023-06-21,ABEV3,15.13,15.31,15.08,15.28,12.77,15349000
2023-06-21,B3SA3,14.7,14.81,14.53,14.64,12.99,30520800
2023-06-21,BBDC4,17.29,17.5,17.14,17.25,13.06,32294600
2023-06-21,ITUB4,25.37,25.75,25.32,25.63,20.18,29839027
2023-06-21,MGLU3,32.78,33.76,32.51,33.49,32.21,10128694
2023-06-21,PETR4,30.93,32.0,30.85,31.85,20.98,89294300
2023-06-21,VALE3,67.07,67.34,66.72,66.93,49.58,27336800
2023-06-21,WEGE3,37.03,37.13,36.32,36.45,33.49,11890100
2023-06-22,ABEV3,15.19,15.6,15.19,15.55,12.99,24788600
2023-06-22,B3SA3,14.59,14.6,14.11,14.2,12.6,49202600
2023-06-22,BBDC4,17.11,17.16,16.68,16.8,12.72,36675900
2023-06-22,ITUB4,25.48,25.6,25.21,25.38,19.99,27091956
2023-06-22,MGLU3,32.6,32.78,30.73,31.8,30.58,20711134
2023-06-22,PETR4,31.46,31.69,31.08,31.45,20.72,43455800
2023-06-22,VALE3,66.67,67.86,66.3,66.57,49.31,21394900
2023-06-22,WEGE3,36.26,36.56,36.1,36.4,33.45,4656400
2023-06-23,ABEV3,15.55,15.59,15.44,15.49,12.94,15765000
2023-06-23,B3SA3,14.1,14.54,14.02,14.43,12.81,31737600
2023-06-23,BBDC4,16.81,16.85,16.45,16.59,12.56,43608700
2023-06-23,ITUB4,25.46,25.46,25.14,25.3,19.92,18796809
2023-06-23,MGLU3,31.89,32.34,30.91,31.89,30.67,9137657
2023-06-23,PETR4,31.2,31.28,29.89,30.16,19.87,76023400
2023-06-23,VALE3,66.0,66.1,65.3,65.9,48.81,23510900
2023-06-23,WEGE3,36.49,36.6,36.14,36.6,33.63,5203600
2023-06-26,ABEV3,15.49,15.5,15.19,15.34,12.82,17722200
2023-06-26,B3SA3,14.29,14.44,13.88,14.05,12.47,29644200
2023-06-26,BBDC4,16.6,16.76,16.3,16.51,12.5,36850700
2023-06-26,ITUB4,25.27,25.54,25.09,25.27,19.9,15397130
2023-06-26,MGLU3,31.89,32.07,29.93,30.29,29.13,10761675
2023-06-26,PETR4,30.12,31.05,30.12,30.84,20.31,53635000
2023-06-26,VALE3,65.56,66.3,65.32,66.04,48.92,15030400
2023-06-26,WEGE3,36.65,36.67,35.82,36.4,33.5,6546100
2023-06-27,ABEV3,15.39,15.46,15.19,15.38,12.85,13978600
2023-06-27,B3SA3,14.2,14.32,13.73,14.06,12.48,35632400
2023-06-27,BBDC4,16.51,16.51,16.0,16.37,12.54,38301600
2023-06-27,ITUB4,25.4,25.45,24.7,24.99,19.67,29488704
2023-06-27,MGLU3,31.18,31.44,29.48,30.11,28.96,14769998
2023-06-27,PETR4,30.93,31.2,30.34,30.6,20.16,48399600
2023-06-27,VALE3,66.9,67.28,66.45,66.83,49.5,22737400
2023-06-27,WEGE3,36.47,36.65,35.97,36.5,33.59,6131000
2023-06-28,ABEV3,15.42,15.43,15.16,15.22,12.72,21624500
2023-06-28,B3SA3,13.95,14.18,13.82,13.95,12.48,22922900
2023-06-28,BBDC4,16.33,16.35,15.99,16.1,12.33,48492800
2023-06-28,ITUB4,24.98,25.04,24.71,24.85,19.56,21198769
2023-06-28,MGLU3,30.2,30.82,29.48,29.84,28.7,9903813
2023-06-28,PETR4,30.58,31.18,30.55,30.89,20.35,36794600
2023-06-28,VALE3,66.78,66.82,64.72,64.72,47.94,37628600
2023-06-28,WEGE3,36.64,36.78,36.28,36.58,33.67,6256700
2023-06-29,ABEV3,15.27,15.35,15.19,15.22,12.72,14781100
2023-06-29,B3SA3,13.98,14.78,13.98,14.64,13.1,42656500
2023-06-29,BBDC4,16.1,16.24,15.97,16.17,12.39,40903300
2023-06-29,ITUB4,24.92,25.2,24.9,25.15,19.8,70141424
2023-06-29,MGLU3,29.93,31.18,29.84,30.73,29.56,8885575
2023-06-29,PETR4,31.0,31.12,30.76,31.03,20.44,32071800
2023-06-29,VALE3,64.72,65.93,64.35,65.51,48.53,24841800
2023-06-29,WEGE3,36.73,37.0,36.43,36.84,33.9,9004800
2023-06-30,ABEV3,15.35,15.47,15.25,15.41,12.88,18270700
2023-06-30,B3SA3,14.81,14.96,14.54,14.61,13.07,38902400
2023-06-30,BBDC4,16.31,16.63,16.31,16.45,12.6,41639400
2023-06-30,ITUB4,25.39,25.53,25.02,25.08,19.75,31561301
2023-06-30,MGLU3,31.36,31.53,29.93,30.02,28.87,9322370
2023-06-30,PETR4,31.0,31.08,29.32,29.53,19.45,104262900
2023-06-30,VALE3,65.71,66.06,64.22,64.22,47.57,42992000
2023-06-30,WEGE3,37.08,38.04,36.76,37.75,34.74,8007900
2023-07-03,ABEV3,15.5,15.5,15.32,15.41,12.88,9309100
2023-07-03,B3SA3,14.65,14.98,14.65,14.93,13.36,22343500
2023-07-03,BBDC4,16.6,16.71,16.47,16.66,12.76,17915500
2023-07-03,ITUB4,25.19,25.6,25.03,25.56,20.14,19990991
2023-07-03,MGLU3,30.38,31.0,29.93,30.64,29.47,8164896
2023-07-03,PETR4,29.72,30.18,29.72,30.08,19.81,31266900
2023-07-03,VALE3,64.71,66.5,64.64,66.23,49.06,22738400
2023-07-03,WEGE3,37.87,37.95,37.34,37.69,34.69,4338100
2023-07-04,ABEV3,15.4,15.4,15.1,15.14,12.65,12338500
2023-07-04,B3SA3,14.99,14.99,14.69,14.74,13.19,10252000
2023-07-04,BBDC4,16.59,16.65,16.49,16.54,12.69,10908500
2023-07-04,ITUB4,25.48,25.61,25.36,25.4,20.01,9245166
2023-07-04,MGLU3,30.55,30.55,29.84,30.02,28.87,7385189
2023-07-04,PETR4,29.96,30.39,29.96,30.15,19.86,18308000
2023-07-04,VALE3,65.84,66.46,65.8,65.9,48.81,12573200
2023-07-04,WEGE3,37.7,37.79,37.19,37.19,34.23,2692200
2023-07-05,ABEV3,15.14,15.31,15.1,15.21,12.71,16649000
2023-07-05,B3SA3,14.73,15.0,14.59,14.73,13.18,39425800
2023-07-05,BBDC4,16.47,16.7,16.45,16.57,12.71,19944300
2023-07-05,ITUB4,25.35,25.77,25.3,25.62,20.19,19998696
2023-07-05,MGLU3,29.84,31.27,29.75,30.38,29.21,18607908
2023-07-05,PETR4,30.16,30.55,29.66,30.11,19.83,53585500
2023-07-05,VALE3,65.61,65.86,65.01,65.32,48.38,27363600
2023-07-05,WEGE3,37.15,37.72,37.08,37.5,34.51,4665600
2023-07-06,ABEV3,15.15,15.26,14.8,14.83,12.39,28789100
2023-07-06,B3SA3,14.59,14.73,14.11,14.18,12.69,43151400
2023-07-06,BBDC4,16.43,16.5,16.11,16.17,12.4,40277700
2023-07-06,ITUB4,25.45,25.52,25.24,25.24,19.89,32074550
2023-07-06,MGLU3,30.02,30.11,27.97,28.06,26.99,19338489
2023-07-06,PETR4,29.85,30.0,29.15,29.65,19.53,47685700
2023-07-06,VALE3,64.72,65.59,64.44,64.85,48.04,18579200
2023-07-06,WEGE3,37.5,37.58,36.66,36.89,33.95,5783000
2023-07-07,ABEV3,14.83,15.08,14.81,14.85,12.41,18082900
2023-07-07,B3SA3,14.2,14.58,14.06,14.36,12.85,47396100
2023-07-07,BBDC4,16.26,16.47,16.2,16.28,12.49,21703000
2023-07-07,ITUB4,25.39,26.0,25.29,25.72,20.26,31476099
2023-07-07,MGLU3,28.59,29.4,28.06,28.33,27.24,12512212
2023-07-07,PETR4,29.76,30.2,29.36,29.5,19.43,55533500
2023-07-07,VALE3,64.48,65.6,64.31,65.46,48.49,57287600
2023-07-07,WEGE3,36.82,37.69,36.75,37.0,34.05,4221200
2023-07-10,ABEV3,15.45,15.78,14.93,15.01,12.54,30024500
2023-07-10,B3SA3,14.33,14.35,13.93,14.08,12.6,25239000
2023-07-10,BBDC4,16.34,16.4,16.18,16.29,12.49,19191400
2023-07-10,ITUB4,25.92,25.92,25.46,25.55,20.13,15000240
2023-07-10,MGLU3,28.06,28.15,26.99,27.17,26.13,10557686
2023-07-10,PETR4,29.11,29.67,29.01,29.55,19.47,25590200
2023-07-10,VALE3,64.5,65.19,64.33,64.46,47.75,36698500
2023-07-10,WEGE3,36.96,37.01,36.21,36.29,33.4,4546100
2023-07-11,ABEV3,14.94,14.96,14.58,14.63,12.23,26625300
2023-07-11,B3SA3,13.99,14.08,13.54,13.93,12.47,32768300
2023-07-11,BBDC4,16.3,16.39,15.9,16.3,12.5,30173500
2023-07-11,ITUB4,25.43,25.47,24.8,25.1,19.78,31780310
2023-07-11,MGLU3,27.08,27.53,25.92,27.26,26.22,12507856
2023-07-11,PETR4,29.53,29.53,29.0,29.15,19.2,40877000
2023-07-11,VALE3,65.08,67.01,64.88,66.58,49.32,35550200
2023-07-11,WEGE3,36.29,36.35,35.52,35.95,33.09,6933800
2023-07-12,ABEV3,14.61,14.81,14.58,14.69,12.28,17859500
2023-07-12,B3SA3,14.21,14.57,14.21,14.25,12.75,37836700
2023-07-12,BBDC4,16.37,16.44,16.14,16.15,12.39,18940500
2023-07-12,ITUB4,25.15,25.29,24.89,24.95,19.66,20884135
2023-07-12,MGLU3,27.79,28.06,26.55,26.55,25.53,10177078
2023-07-12,PETR4,29.2,29.77,29.14,29.17,19.21,40181800
2023-07-12,VALE3,68.0,68.08,67.0,67.05,49.67,22864300
2023-07-12,WEGE3,36.01,36.22,35.83,36.06,33.19,4844700
2023-07-13,ABEV3,14.66,14.89,14.63,14.76,12.33,13600600
2023-07-13,B3SA3,14.25,14.73,14.25,14.56,13.03,25340200
2023-07-13,BBDC4,16.22,16.7,16.15,16.55,12.69,34783700
2023-07-13,ITUB4,24.91,25.41,24.85,25.23,19.87,24777803
2023-07-13,MGLU3,26.99,27.7,26.81,26.9,25.87,9898166
2023-07-13,PETR4,29.07,29.72,29.04,29.63,19.52,35886500
2023-07-13,VALE3,68.22,68.8,67.92,68.61,50.82,24187200
2023-07-13,WEGE3,36.01,36.57,35.98,36.06,33.19,3046100
2023-07-14,ABEV3,14.71,14.8,14.56,14.74,12.32,13152500
2023-07-14,B3SA3,14.5,14.6,14.19,14.45,12.93,32317300
2023-07-14,BBDC4,16.61,16.69,16.28,16.43,12.6,30430600
2023-07-14,ITUB4,25.29,25.41,24.85,24.96,19.66,27914740
2023-07-14,MGLU3,26.99,27.17,26.1,26.28,25.27,7782862
2023-07-14,PETR4,29.5,29.58,28.86,29.05,19.14,34451100
2023-07-14,VALE3,69.19,69.29,68.26,68.61,50.82,20342500
2023-07-14,WEGE3,36.12,36.36,35.86,36.0,33.13,4424000
2023-07-17,ABEV3,14.72,14.83,14.63,14.82,12.38,21044500
2023-07-17,B3SA3,14.26,14.65,14.14,14.59,13.06,16540300
2023-07-17,BBDC4,16.28,16.66,16.23,16.6,12.73,20090100
2023-07-17,ITUB4,24.92,25.45,24.85,25.45,20.05,18054808
2023-07-17,MGLU3,26.37,26.72,25.83,26.37,25.36,6921250
2023-07-17,PETR4,28.41,29.09,27.95,28.99,19.1,52160800
2023-07-17,VALE3,68.33,68.33,67.03,67.85,50.26,15322300
2023-07-17,WEGE3,35.95,35.97,35.05,35.3,32.49,12067700
2023-07-18,ABEV3,14.78,14.93,14.62,14.67,12.26,49083400
2023-07-18,B3SA3,14.41,14.8,14.4,14.71,13.16,22752800
2023-07-18,BBDC4,16.66,16.76,16.48,16.57,12.71,22381500
2023-07-18,ITUB4,25.45,25.54,24.86,24.95,19.66,44289196
2023-07-18,MGLU3,26.37,26.72,26.01,26.37,25.36,6945206
2023-07-18,PETR4,29.0,29.2,28.71,28.83,18.99,35640400
2023-07-18,VALE3,67.73,68.27,67.28,67.42,49.94,16950600
2023-07-18,WEGE3,35.35,36.45,35.33,35.94,33.08,10489700
2023-07-19,ABEV3,14.71,14.75,14.47,14.63,12.23,34813800
2023-07-19,B3SA3,14.75,14.76,14.46,14.6,13.07,22543400
2023-07-19,BBDC4,16.5,16.67,16.38,16.51,12.66,24524300
2023-07-19,ITUB4,24.95,25.08,24.62,24.69,19.45,44539023
2023-07-19,MGLU3,26.37,26.81,25.92,26.19,25.19,8738593
2023-07-19,PETR4,28.81,29.13,28.57,29.1,19.17,46517700
2023-07-19,VALE3,67.49,67.97,66.96,67.24,49.81,14512600
2023-07-19,WEGE3,37.0,38.09,35.73,37.91,34.89,42083100
2023-07-20,ABEV3,14.75,14.99,14.49,14.92,12.47,42121000
2023-07-20,B3SA3,14.7,14.8,14.55,14.61,13.07,27346100
2023-07-20,BBDC4,16.67,16.69,16.41,16.52,12.67,47691600
2023-07-20,ITUB4,24.81,25.15,24.45,25.15,19.81,42807912
2023-07-20,MGLU3,26.37,26.55,25.83,25.83,24.84,7973199
2023-07-20,PETR4,29.07,29.35,28.88,29.13,19.19,33177100
2023-07-20,VALE3,68.15,68.49,67.35,67.39,49.92,20992700
2023-07-20,WEGE3,38.05,38.38,37.34,38.16,35.12,22364800
2023-07-21,ABEV3,14.88,15.47,14.88,15.3,12.78,44120600
2023-07-21,B3SA3,14.71,15.33,14.64,15.17,13.58,36324700
2023-07-21,BBDC4,16.49,17.07,16.49,17.06,13.08,43331100
2023-07-21,ITUB4,25.15,25.6,25.09,25.6,20.17,36214305
2023-07-21,MGLU3,25.74,27.26,25.74,26.9,25.87,10313351
2023-07-21,PETR4,29.15,29.86,29.13,29.68,19.55,52059200
2023-07-21,VALE3,67.44,68.17,66.98,67.8,50.22,24852700
2023-07-21,WEGE3,38.19,39.15,37.92,38.89,35.79,14512500
2023-07-24,ABEV3,15.22,15.37,15.01,15.12,12.63,28477500
2023-07-24,B3SA3,15.21,15.3,14.89,15.1,13.51,35365600
2023-07-24,BBDC4,17.06,17.16,16.48,16.6,12.73,62342600
2023-07-24,ITUB4,25.6,25.82,25.01,25.19,19.85,37238424
2023-07-24,MGLU3,26.99,27.17,26.37,26.81,25.79,8801234
2023-07-24,PETR4,29.8,30.41,29.76,30.3,19.96,45268100
2023-07-24,VALE3,67.7,70.32,67.51,69.85,51.74,30616400
2023-07-24,WEGE3,39.12,41.68,39.1,41.54,38.37,28879300
2023-07-25,ABEV3,15.24,15.27,14.79,15.03,12.56,25287600
2023-07-25,B3SA3,15.43,15.52,14.88,14.99,13.41,33907800
2023-07-25,BBDC4,16.7,16.76,16.33,16.54,12.69,45514000
2023-07-25,ITUB4,25.55,25.55,25.0,25.24,19.89,39541700
2023-07-25,MGLU3,27.79,28.68,27.26,27.35,26.3,13202805
2023-07-25,PETR4,30.5,31.05,30.2,31.0,20.42,56261000
2023-07-25,VALE3,71.7,72.66,71.62,72.01,53.34,31556700
2023-07-25,WEGE3,41.68,42.08,40.48,40.5,37.41,9924300
2023-07-26,ABEV3,14.97,15.05,14.87,14.98,12.52,22007900
2023-07-26,B3SA3,14.83,15.03,14.7,14.95,13.38,16803100
2023-07-26,BBDC4,16.49,16.74,16.38,16.71,12.82,22666000
2023-07-26,ITUB4,25.23,25.42,25.0,25.38,20.0,38028465
2023-07-26,MGLU3,27.35,27.88,26.99,27.53,26.47,8770744
2023-07-26,PETR4,30.95,31.22,30.63,31.0,20.42,45880200
2023-07-26,VALE3,71.75,72.25,70.75,71.76,53.16,19066400
2023-07-26,WEGE3,40.43,40.86,40.01,40.48,37.39,7944300
2023-07-27,ABEV3,14.95,15.04,14.68,14.7,12.28,24140400
2023-07-27,B3SA3,15.0,15.19,14.54,14.6,13.07,18122100
2023-07-27,BBDC4,16.71,16.78,16.29,16.33,12.53,30083400
2023-07-27,ITUB4,25.35,25.35,24.79,24.82,19.55,22188332
2023-07-27,MGLU3,27.7,28.59,27.53,28.24,27.16,13759338
2023-07-27,PETR4,30.85,30.89,29.38,29.39,19.36,86471900
2023-07-27,VALE3,71.2,71.24,70.09,70.42,52.16,28254500
2023-07-27,WEGE3,40.48,41.04,40.07,40.35,37.27,8479800
2023-07-28,ABEV3,14.75,15.0,14.66,14.96,12.5,15430600
2023-07-28,B3SA3,14.85,14.92,14.56,14.72,13.17,20678900
2023-07-28,BBDC4,16.36,16.63,16.31,16.51,12.66,25809200
2023-07-28,ITUB4,24.88,25.23,24.77,25.19,19.85,18444673
2023-07-28,MGLU3,28.51,28.77,27.7,28.24,27.16,10034608
2023-07-28,PETR4,29.43,29.95,29.32,29.76,19.6,43608600
2023-07-28,VALE3,70.02,70.02,67.63,67.63,50.1,45938800
2023-07-28,WEGE3,40.9,41.43,40.19,40.32,37.25,5882900
2023-07-31,ABEV3,14.97,15.1,14.77,14.86,12.42,16905900
2023-07-31,B3SA3,14.82,15.15,14.81,14.9,13.33,20469500
2023-07-31,BBDC4,16.62,16.73,16.53,16.66,12.78,22318100
2023-07-31,ITUB4,25.41,25.49,25.15,25.28,19.91,17263407
2023-07-31,MGLU3,28.51,30.02,28.51,29.84,28.7,12295537
2023-07-31,PETR4,30.3,31.15,30.3,31.11,20.49,91290800
2023-07-31,VALE3,68.0,69.68,67.84,69.16,51.23,26065700
2023-07-31,WEGE3,40.29,40.29,39.81,39.92,36.88,7141800
2023-08-01,ABEV3,14.81,15.03,14.66,14.98,12.52,18921400
2023-08-01,B3SA3,14.79,14.87,14.58,14.74,13.19,29131900
2023-08-01,BBDC4,16.58,16.69,16.42,16.62,12.75,26649900
2023-08-01,ITUB4,25.0,25.36,24.96,25.34,19.98,16807601
2023-08-01,MGLU3,29.93,30.82,29.48,30.55,29.39,9508341
2023-08-01,PETR4,31.09,31.09,29.95,30.6,20.16,75752400
2023-08-01,VALE3,68.77,68.81,67.9,68.2,50.52,30015700
2023-08-01,WEGE3,39.92,40.14,39.6,39.86,36.82,5088200
2023-08-02,ABEV3,14.95,15.19,14.86,15.05,12.58,22855900
2023-08-02,B3SA3,14.74,14.87,14.46,14.77,13.22,14511700
2023-08-02,BBDC4,16.5,16.85,16.46,16.67,12.8,34593700
2023-08-02,ITUB4,25.32,25.38,24.99,25.26,19.91,20784091
2023-08-02,MGLU3,30.55,30.64,29.04,29.66,28.53,11876480
2023-08-02,PETR4,30.51,30.58,29.8,30.53,20.11,62068400
2023-08-02,VALE3,67.74,67.76,66.9,67.09,49.7,29547300
2023-08-02,WEGE3,39.7,40.07,39.4,40.03,36.98,4455200
2023-08-03,ABEV3,15.08,15.45,14.55,14.63,12.23,63225600
2023-08-03,B3SA3,14.93,15.32,14.78,14.87,13.31,32157800
2023-08-03,BBDC4,16.9,17.02,16.49,16.55,12.71,52594900
2023-08-03,ITUB4,25.45,25.71,24.96,25.07,19.76,24826182
2023-08-03,MGLU3,30.73,31.0,28.06,28.15,27.07,14315118
2023-08-03,PETR4,30.93,31.13,30.62,30.92,20.37,57304400
2023-08-03,VALE3,66.85,67.89,66.49,67.51,50.01,35512300
2023-08-03,WEGE3,40.05,40.73,39.96,40.43,37.35,5008000
2023-08-04,ABEV3,14.66,14.9,14.54,14.71,12.29,22648600
2023-08-04,B3SA3,14.7,15.07,14.61,14.71,13.16,18993900
2023-08-04,BBDC4,15.83,16.08,15.4,15.45,11.86,150660800
2023-08-04,ITUB4,25.0,25.19,24.45,24.61,19.4,50087777
2023-08-04,MGLU3,28.15,28.59,27.17,27.26,26.22,12102146
2023-08-04,PETR4,30.7,31.14,29.74,30.0,19.76,120685800
2023-08-04,VALE3,67.2,68.33,67.16,67.56,50.04,22954300
2023-08-04,WEGE3,40.43,41.45,40.32,40.85,37.74,6023600
2023-08-07,ABEV3,14.75,14.75,14.54,14.68,12.27,15395800
2023-08-07,B3SA3,14.69,14.79,14.55,14.63,13.09,17176300
2023-08-07,BBDC4,15.5,15.73,15.26,15.34,11.78,45283000
2023-08-07,ITUB4,24.65,24.96,24.38,24.41,19.25,37391152
2023-08-07,MGLU3,27.53,27.53,26.63,26.81,25.79,9268912
2023-08-07,PETR4,29.86,30.5,29.86,30.19,19.89,44984900
2023-08-07,VALE3,67.65,68.17,66.88,67.9,50.3,23057700
2023-08-07,WEGE3,40.5,41.08,40.41,40.93,37.81,4166400
2023-08-08,ABEV3,14.48,14.68,14.46,14.5,12.12,15367000
2023-08-08,B3SA3,14.45,14.65,14.24,14.49,12.97,25580600
2023-08-08,BBDC4,15.23,15.54,15.13,15.41,11.83,32711600
2023-08-08,ITUB4,24.15,24.72,23.93,24.36,19.2,50438327
2023-08-08,MGLU3,26.46,26.99,25.92,26.63,25.62,9764363
2023-08-08,PETR4,29.91,30.39,29.72,30.22,19.91,34771300
2023-08-08,VALE3,66.99,68.15,66.09,67.46,49.97,43405600
2023-08-08,WEGE3,40.64,40.93,40.39,40.66,37.56,6978200
2023-08-09,ABEV3,14.46,14.5,14.29,14.38,12.02,19585700
2023-08-09,B3SA3,14.3,14.63,14.27,14.3,12.8,37477400
2023-08-09,BBDC4,15.41,15.41,15.1,15.33,11.77,37143300
2023-08-09,ITUB4,24.27,24.36,23.76,24.27,19.13,39723999
2023-08-09,MGLU3,26.72,26.9,26.1,26.46,25.44,9507084
2023-08-09,PETR4,30.21,30.72,30.16,30.46,20.06,48561500
2023-08-09,VALE3,67.46,67.91,66.63,66.85,49.52,21859000
2023-08-09,WEGE3,40.49,41.07,40.37,40.78,37.67,4456500
2023-08-10,ABEV3,14.48,14.62,14.32,14.37,12.01,9563200
2023-08-10,B3SA3,14.33,14.49,14.16,14.27,12.77,31159500
2023-08-10,BBDC4,15.43,15.62,15.36,15.46,11.87,27521100
2023-08-10,ITUB4,24.4,24.66,24.29,24.35,19.2,34693139
2023-08-10,MGLU3,26.63,26.81,25.3,25.39,24.42,11071807
2023-08-10,PETR4,30.3,30.86,30.12,30.63,20.18,54020200
2023-08-10,VALE3,66.81,67.18,65.94,66.06,48.93,28372300
2023-08-10,WEGE3,40.78,41.16,39.87,40.24,37.17,6334900
2023-08-11,ABEV3,14.44,14.47,14.28,14.36,12.0,15263200
2023-08-11,B3SA3,14.2,14.44,13.96,14.2,12.71,29388400
2023-08-11,BBDC4,15.5,15.57,15.28,15.37,11.8,44038100
2023-08-11,ITUB4,24.39,24.54,24.24,24.4,19.23,22008185
2023-08-11,MGLU3,25.48,26.28,25.3,25.65,24.67,9185637
2023-08-11,PETR4,30.61,31.04,30.16,30.56,20.13,39403200
2023-08-11,VALE3,66.19,66.38,65.23,65.51,48.53,42335100
2023-08-11,WEGE3,40.27,40.33,39.5,39.8,36.77,6228100
2023-08-14,ABEV3,14.36,14.45,14.21,14.33,11.97,17113600
2023-08-14,B3SA3,14.12,14.23,13.92,14.11,12.63,30624900
2023-08-14,BBDC4,15.31,15.37,15.18,15.29,11.74,27965700
2023-08-14,ITUB4,24.25,24.38,23.98,24.04,18.95,28513531
2023-08-14,MGLU3,25.65,26.01,25.03,25.3,24.33,9525147
2023-08-14,PETR4,30.48,30.74,30.27,30.64,20.18,27992700
2023-08-14,VALE3,62.98,63.04,61.9,61.9,47.23,41056900
2023-08-14,WEGE3,39.88,39.95,39.02,39.31,36.31,6590800
2023-08-15,ABEV3,14.37,14.42,14.18,14.2,11.87,14551800
2023-08-15,B3SA3,14.21,14.21,13.92,14.02,12.55,27479400
2023-08-15,BBDC4,15.35,15.38,15.15,15.33,11.77,30300300
2023-08-15,ITUB4,24.1,24.15,23.72,23.91,18.85,28083444
2023-08-15,MGLU3,24.94,24.94,22.54,24.67,23.73,23264514
2023-08-15,PETR4,32.05,32.15,30.85,30.86,20.33,87366200
2023-08-15,VALE3,61.95,61.96,61.14,61.29,46.77,28611000
2023-08-15,WEGE3,39.22,39.78,39.16,39.35,36.35,3892600
2023-08-16,ABEV3,14.2,14.35,14.14,14.18,11.85,39194000
2023-08-16,B3SA3,14.05,14.15,13.76,13.81,12.36,25879800
2023-08-16,BBDC4,15.34,15.53,15.2,15.25,11.71,40641100
2023-08-16,ITUB4,23.87,24.29,23.82,23.89,18.83,38445182
2023-08-16,MGLU3,25.03,26.99,24.41,26.46,25.44,26338378
2023-08-16,PETR4,31.0,31.98,30.88,31.54,20.78,74461000
2023-08-16,VALE3,61.39,61.93,61.0,61.05,46.59,30508600
2023-08-16,WEGE3,39.32,39.32,37.44,37.61,34.74,12275400
2023-08-17,ABEV3,14.23,14.36,14.08,14.22,11.88,39513800
2023-08-17,B3SA3,13.85,13.93,13.4,13.43,12.02,32134200
2023-08-17,BBDC4,15.32,15.32,14.95,15.09,11.59,49707800
2023-08-17,ITUB4,24.11,24.13,23.6,23.61,18.61,43034739
2023-08-17,MGLU3,26.72,26.9,25.12,25.12,24.16,12885467
2023-08-17,PETR4,31.75,32.19,31.31,31.44,20.71,57570600
2023-08-17,VALE3,62.59,62.81,61.72,61.91,47.24,39481200
2023-08-17,WEGE3,37.99,37.99,36.52,36.91,34.1,8420400
2023-08-18,ABEV3,14.22,14.38,14.17,14.36,12.0,20322700
2023-08-18,B3SA3,13.39,13.81,13.29,13.66,12.22,25224400
2023-08-18,BBDC4,15.06,15.23,14.99,15.19,11.66,24526300
2023-08-18,ITUB4,23.57,23.99,23.42,23.8,18.76,23685478
2023-08-18,MGLU3,24.94,27.08,24.59,26.72,25.7,14824231
2023-08-18,PETR4,31.41,31.68,31.18,31.52,20.76,45579700
2023-08-18,VALE3,61.2,62.08,61.02,61.22,46.72,34201900
2023-08-18,WEGE3,36.74,36.74,35.9,36.26,33.5,10409500
2023-08-21,ABEV3,14.4,14.43,14.26,14.31,11.96,18739800
2023-08-21,B3SA3,13.55,13.66,13.45,13.48,12.06,16772100
2023-08-21,BBDC4,15.19,15.2,14.98,15.08,11.58,18689900
2023-08-21,ITUB4,23.71,23.9,23.58,23.7,18.68,37088868
2023-08-21,MGLU3,26.9,27.35,26.37,27.17,26.13,12763182
2023-08-21,PETR4,31.7,32.03,30.97,31.3,20.62,42236900
2023-08-21,VALE3,61.49,61.74,61.02,61.3,46.78,17695300
2023-08-21,WEGE3,36.25,36.42,35.85,36.04,33.29,4868400
2023-08-22,ABEV3,14.27,14.51,14.24,14.42,12.05,27151300
2023-08-22,B3SA3,13.63,13.87,13.54,13.86,12.4,20905700
2023-08-22,BBDC4,15.15,15.22,15.05,15.18,11.66,25653900
2023-08-22,ITUB4,23.83,24.14,23.77,24.07,18.97,24097210
2023-08-22,MGLU3,27.44,27.88,27.08,27.08,26.04,10806647
2023-08-22,PETR4,30.5,30.61,30.24,30.61,20.93,31372200
2023-08-22,VALE3,62.04,62.86,62.03,62.58,47.75,30995800
2023-08-22,WEGE3,36.04,36.55,35.86,36.47,33.69,7395500
2023-08-23,ABEV3,14.34,14.59,14.34,14.45,12.07,27857800
2023-08-23,B3SA3,13.86,14.21,13.82,14.2,12.71,30804700
2023-08-23,BBDC4,15.17,15.43,15.09,15.39,11.82,26483400
2023-08-23,ITUB4,24.07,24.47,23.93,24.37,19.21,27395600
2023-08-23,MGLU3,27.17,27.35,26.55,27.26,26.22,8623200
2023-08-23,PETR4,31.2,32.24,31.09,32.24,22.05,95507400
2023-08-23,VALE3,63.25,63.67,63.04,63.04,48.1,19128500
2023-08-23,WEGE3,36.51,36.68,35.95,36.45,33.67,6666600
2023-08-24,ABEV3,14.45,14.49,14.16,14.19,11.86,26953700
2023-08-24,B3SA3,14.09,14.14,13.62,13.69,12.25,30727700
2023-08-24,BBDC4,15.44,15.44,14.96,15.02,11.53,28986200
2023-08-24,ITUB4,24.36,24.36,23.95,24.09,18.99,21142233
2023-08-24,MGLU3,27.26,27.26,26.19,26.9,25.87,9563360
2023-08-24,PETR4,32.27,32.72,31.84,32.19,22.01,49332300
2023-08-24,VALE3,62.69,62.69,61.83,62.2,47.46,17821500
2023-08-24,WEGE3,36.45,36.45,35.64,35.98,33.24,7784400
2023-08-25,ABEV3,14.25,14.25,13.67,13.99,11.69,55070100
2023-08-25,B3SA3,13.65,13.77,13.36,13.49,12.07,28332000
2023-08-25,BBDC4,15.07,15.1,14.74,14.83,11.39,21558900
2023-08-25,ITUB4,24.05,24.1,23.54,23.71,18.69,25293885
2023-08-25,MGLU3,26.72,26.9,26.01,26.01,25.02,9709973
2023-08-25,PETR4,32.38,32.47,31.8,31.97,21.86,34079000
2023-08-25,VALE3,62.67,62.78,61.9,62.07,47.36,11395300
2023-08-25,WEGE3,35.98,36.7,35.85,36.36,33.59,6243500
2023-08-28,ABEV3,14.02,14.31,13.86,14.21,11.87,35551200
2023-08-28,B3SA3,13.53,13.64,13.37,13.53,12.11,25801600
2023-08-28,BBDC4,14.85,15.43,14.79,15.31,11.76,41896500
2023-08-28,ITUB4,23.72,24.7,23.58,24.51,19.32,38836520
2023-08-28,MGLU3,26.1,26.63,25.48,26.1,25.1,8865290
2023-08-28,PETR4,32.1,32.34,31.86,32.33,22.11,24956100
2023-08-28,VALE3,62.43,63.27,62.27,62.96,48.04,14173600
2023-08-28,WEGE3,36.52,36.68,36.15,36.62,33.83,4461100
2023-08-29,ABEV3,14.27,14.34,14.17,14.26,11.92,14591500
2023-08-29,B3SA3,13.64,13.71,13.37,13.57,12.14,40507700
2023-08-29,BBDC4,15.4,15.72,15.33,15.49,11.89,28648200
2023-08-29,ITUB4,24.71,25.23,24.62,24.9,19.63,40091091
2023-08-29,MGLU3,26.19,26.63,25.83,26.1,25.1,4756505
2023-08-29,PETR4,32.4,32.5,31.99,32.4,22.16,40607500
2023-08-29,VALE3,63.38,65.03,63.23,64.97,49.58,28625700
2023-08-29,WEGE3,36.76,36.96,36.34,36.49,33.71,3816100
2023-08-30,ABEV3,14.23,14.34,14.17,14.18,11.85,25045400
2023-08-30,B3SA3,13.59,13.64,13.17,13.22,11.83,30929000
2023-08-30,BBDC4,15.52,15.54,15.12,15.16,11.64,24566600
2023-08-30,ITUB4,24.99,25.02,24.34,24.42,19.25,19884943
2023-08-30,MGLU3,26.28,26.28,25.65,26.01,25.02,5667815
2023-08-30,PETR4,32.41,32.7,32.3,32.62,22.31,34637900
2023-08-30,VALE3,65.21,65.87,64.73,64.98,49.59,21812600
2023-08-30,WEGE3,36.65,36.71,36.11,36.3,33.53,4406700
2023-08-31,ABEV3,14.14,14.16,13.71,13.84,11.56,44974800
2023-08-31,B3SA3,13.15,13.15,12.84,12.93,11.57,42215000
2023-08-31,BBDC4,15.11,15.13,14.86,14.95,11.48,47366800
2023-08-31,ITUB4,24.32,24.4,23.99,24.21,19.09,41890409
2023-08-31,MGLU3,25.74,25.92,24.59,24.59,23.65,10930976
2023-08-31,PETR4,32.71,32.79,31.88,31.94,21.84,48971500
2023-08-31,VALE3,65.57,66.17,65.08,65.08,49.66,31011100
2023-08-31,WEGE3,36.21,36.45,35.79,35.88,33.15,7545200
2023-09-01,ABEV3,13.85,14.0,13.69,13.87,11.59,20325700
2023-09-01,B3SA3,12.86,13.1,12.64,12.98,11.62,52408300
2023-09-01,BBDC4,15.05,15.17,14.94,14.99,11.51,20774500
2023-09-01,ITUB4,24.24,24.64,24.12,24.4,19.25,33312919
2023-09-01,MGLU3,24.85,25.48,24.5,25.48,24.5,8216334
2023-09-01,PETR4,32.21,32.69,31.96,32.63,22.31,50089200
2023-09-01,VALE3,66.69,69.0,66.63,68.89,52.57,57288600
2023-09-01,WEGE3,35.76,36.21,35.57,35.95,33.21,10375300
2023-09-04,ABEV3,13.91,13.98,13.76,13.86,11.58,23856400
2023-09-04,B3SA3,13.01,13.24,12.96,13.06,11.69,19274900
2023-09-04,BBDC4,14.94,15.04,14.81,14.9,11.46,12793700
2023-09-04,ITUB4,24.3,24.46,24.11,24.18,19.08,11195852
2023-09-04,MGLU3,25.21,25.48,24.76,24.76,23.82,4311965
2023-09-04,PETR4,32.68,32.72,32.21,32.29,22.08,21667400
2023-09-04,VALE3,69.28,70.05,68.88,69.4,52.96,22397800
2023-09-04,WEGE3,36.1,36.13,35.58,36.13,33.38,3994000
2023-09-05,ABEV3,13.9,14.21,13.82,14.01,11.71,37047300
2023-09-05,B3SA3,12.96,13.0,12.7,12.77,11.43,34042400
2023-09-05,BBDC4,14.87,14.87,14.57,14.58,11.21,38596300
2023-09-05,ITUB4,24.18,24.25,23.79,23.82,18.79,23401321
2023-09-05,MGLU3,24.59,24.67,23.34,23.96,23.05,12021408
2023-09-05,PETR4,32.27,33.49,32.22,33.37,22.82,75082900
2023-09-05,VALE3,68.99,69.51,68.58,69.1,52.73,19253500
2023-09-05,WEGE3,36.0,36.34,35.74,35.91,33.17,4331200
2023-09-06,ABEV3,13.99,14.16,13.96,13.98,11.68,26849800
2023-09-06,B3SA3,12.76,12.85,12.53,12.54,11.22,27071200
2023-09-06,BBDC4,14.66,14.67,14.37,14.38,11.06,30673700
2023-09-06,ITUB4,23.88,23.98,23.48,23.59,18.61,21773767
2023-09-06,MGLU3,23.96,24.59,23.07,23.07,22.19,9772109
2023-09-06,PETR4,33.35,33.8,33.22,33.52,22.92,57856500
2023-09-06,VALE3,69.15,69.59,67.88,67.99,51.88,28466500
2023-09-06,WEGE3,35.94,36.31,35.55,35.55,32.84,4726300
2023-09-08,ABEV3,13.95,13.96,13.7,13.7,11.45,23119600
2023-09-08,B3SA3,12.47,12.62,12.36,12.54,11.22,31896700
2023-09-08,BBDC4,14.35,14.63,14.21,14.38,11.06,26255000
2023-09-08,ITUB4,23.52,23.93,23.42,23.63,18.64,25732129
2023-09-08,MGLU3,22.71,22.8,22.27,22.36,21.5,7660351
2023-09-08,PETR4,33.48,33.67,33.26,33.4,22.84,39074100
2023-09-08,VALE3,66.7,66.84,66.24,66.71,50.91,19989200
2023-09-08,WEGE3,35.55,35.63,35.11,35.4,32.7,4376200
2023-09-11,ABEV3,13.79,13.92,13.71,13.87,11.59,14866900
2023-09-11,B3SA3,12.64,12.97,12.58,12.91,11.55,32550700
2023-09-11,BBDC4,14.52,14.75,14.43,14.65,11.26,27501400
2023-09-11,ITUB4,23.83,24.26,23.73,24.23,19.11,31296405
2023-09-11,MGLU3,22.54,22.98,22.0,22.71,21.85,7458091
2023-09-11,PETR4,33.47,33.69,33.33,33.37,22.82,30276200
2023-09-11,VALE3,68.1,68.18,67.54,67.67,51.64,19493800
2023-09-11,WEGE3,35.57,35.68,34.81,35.28,32.59,6954500
2023-09-12,ABEV3,13.85,13.9,13.66,13.71,11.46,18024700
2023-09-12,B3SA3,12.92,13.24,12.84,13.16,11.78,29782800
2023-09-12,BBDC4,14.67,14.86,14.61,14.83,11.4,30070000
2023-09-12,ITUB4,24.25,24.45,24.11,24.37,19.22,18673652
2023-09-12,MGLU3,22.71,23.61,22.45,23.34,22.45,10843435
2023-09-12,PETR4,33.55,33.78,33.49,33.53,22.93,31963000
2023-09-12,VALE3,68.0,68.26,67.44,67.62,51.6,14201300
2023-09-12,WEGE3,35.28,35.65,35.08,35.65,32.93,8096700
2023-09-13,ABEV3,13.71,13.82,13.63,13.64,11.4,32126800
2023-09-13,B3SA3,13.23,13.43,13.05,13.21,11.82,28936200
2023-09-13,BBDC4,14.79,15.0,14.74,14.89,11.45,38146100
2023-09-13,ITUB4,24.41,24.75,24.26,24.49,19.32,26195186
2023-09-13,MGLU3,23.16,24.23,23.07,23.34,22.45,7886826
2023-09-13,PETR4,33.65,33.7,33.03,33.03,22.59,47685700
2023-09-13,VALE3,67.67,67.78,67.15,67.36,51.4,15448400
2023-09-13,WEGE3,35.96,37.72,35.86,36.93,34.12,14268900
2023-09-14,ABEV3,13.68,13.72,13.5,13.53,11.31,21983200
2023-09-14,B3SA3,13.21,13.38,13.0,13.3,11.9,27146800
2023-09-14,BBDC4,14.95,15.07,14.88,14.95,11.49,38099300
2023-09-14,ITUB4,24.54,24.69,24.25,24.4,19.24,34267698
2023-09-14,MGLU3,23.34,23.52,21.91,22.98,22.1,13575466
2023-09-14,PETR4,33.1,34.0,33.1,33.87,23.16,46502100
2023-09-14,VALE3,69.3,70.68,69.05,70.12,53.51,62390300
2023-09-14,WEGE3,37.05,37.22,36.08,36.08,33.33,6123300
2023-09-15,ABEV3,13.55,13.61,13.4,13.42,11.21,39186700
2023-09-15,B3SA3,13.32,13.39,13.19,13.2,11.81,36593100
2023-09-15,BBDC4,14.91,15.0,14.79,14.92,11.47,38634100
2023-09-15,ITUB4,24.64,24.71,24.22,24.34,19.2,40731689
2023-09-15,MGLU3,23.16,23.52,22.09,22.09,21.25,13353886
2023-09-15,PETR4,33.87,33.99,33.61,33.89,23.17,54801500
2023-09-15,VALE3,71.0,71.23,69.54,69.54,53.06,37901700
2023-09-15,WEGE3,36.1,36.5,35.95,36.1,33.35,9770200
2023-09-18,ABEV3,13.39,13.48,13.31,13.39,11.19,19997200
2023-09-18,B3SA3,13.28,13.34,13.02,13.08,11.71,15670500
2023-09-18,BBDC4,14.96,14.98,14.75,14.92,11.47,16752200
2023-09-18,ITUB4,24.4,24.54,24.15,24.28,19.15,16235663
2023-09-18,MGLU3,22.09,23.34,21.82,22.98,22.1,12309300
2023-09-18,PETR4,34.0,34.71,33.85,34.13,23.34,52363400
2023-09-18,VALE3,69.54,70.05,68.55,68.72,52.44,21849000
2023-09-18,WEGE3,36.23,36.28,35.61,35.79,33.06,4523900
2023-09-19,ABEV3,13.31,13.55,13.3,13.43,11.22,25991300
2023-09-19,B3SA3,13.08,13.15,12.81,12.92,11.56,21640500
2023-09-19,BBDC4,14.87,14.91,14.67,14.75,11.34,25653600
2023-09-19,ITUB4,24.1,24.2,23.88,23.97,19.1,21474768
2023-09-19,MGLU3,22.98,23.25,22.27,22.45,21.59,7287803
2023-09-19,PETR4,34.21,34.62,34.07,34.21,23.39,43247200
2023-09-19,VALE3,68.67,69.25,68.21,68.85,52.54,43870300
2023-09-19,WEGE3,35.81,36.32,35.65,35.98,33.24,4680200
2023-09-20,ABEV3,13.47,13.56,13.45,13.47,11.26,15729400
2023-09-20,B3SA3,12.97,13.35,12.97,13.13,11.75,30619100
2023-09-20,BBDC4,14.82,14.94,14.69,14.81,11.39,29633200
2023-09-20,ITUB4,24.07,24.57,24.03,24.38,19.42,27867381
2023-09-20,MGLU3,22.45,22.89,22.36,22.45,21.59,6427853
2023-09-20,PETR4,34.15,34.61,34.01,34.29,23.45,39102300
2023-09-20,VALE3,69.28,69.77,69.04,69.31,52.89,14372200
2023-09-20,WEGE3,36.04,36.36,35.79,35.79,33.06,3614500
2023-09-21,ABEV3,13.32,13.4,13.2,13.24,11.06,29875400
2023-09-21,B3SA3,12.84,12.99,12.57,12.59,11.27,40628500
2023-09-21,BBDC4,14.56,14.61,14.2,14.26,10.96,52192300
2023-09-21,ITUB4,24.1,24.18,23.8,23.82,18.98,25385884
2023-09-21,MGLU3,22.0,22.09,20.93,20.93,20.13,15229582
2023-09-21,PETR4,34.0,34.29,33.63,33.76,23.09,60109400
2023-09-21,VALE3,68.3,68.46,67.5,67.5,51.51,21686000
2023-09-21,WEGE3,35.52,35.62,34.84,34.98,32.31,8498600
2023-09-22,ABEV3,13.25,13.28,13.1,13.12,10.96,16325200
2023-09-22,B3SA3,12.54,12.63,12.32,12.33,11.13,29941600
2023-09-22,BBDC4,14.35,14.38,14.13,14.15,10.88,39166700
2023-09-22,ITUB4,23.94,24.02,23.73,23.76,18.93,18539052
2023-09-22,MGLU3,21.29,21.47,19.33,19.95,19.19,15040478
2023-09-22,PETR4,34.02,34.19,33.81,34.03,23.27,31020500
2023-09-22,VALE3,68.39,68.87,67.93,68.0,51.89,17063700
2023-09-22,WEGE3,35.08,35.16,34.59,34.59,31.95,4730200
2023-09-25,ABEV3,13.15,13.33,13.11,13.22,11.05,20229100
2023-09-25,B3SA3,12.44,12.48,12.31,12.34,11.14,30433600
2023-09-25,BBDC4,14.16,14.26,14.06,14.11,10.85,29657400
2023-09-25,ITUB4,23.78,24.0,23.77,23.83,18.98,16063674
2023-09-25,MGLU3,19.6,19.6,18.53,19.15,18.42,10398703
2023-09-25,PETR4,33.95,34.33,33.93,34.25,23.42,26767200
2023-09-25,VALE3,67.01,67.03,65.77,66.6,50.82,34715000
2023-09-25,WEGE3,35.2,36.4,35.0,36.13,33.43,12727400
2023-09-26,ABEV3,13.19,13.23,13.0,13.04,10.9,29094600
2023-09-26,B3SA3,12.2,12.32,11.99,12.07,10.89,51265700
2023-09-26,BBDC4,14.09,14.09,13.91,13.96,10.73,35395500
2023-09-26,ITUB4,23.8,23.83,23.46,23.48,18.7,27469811
2023-09-26,MGLU3,18.88,19.42,18.44,18.71,17.99,7129471
2023-09-26,PETR4,34.0,34.09,33.46,33.46,22.88,60687500
2023-09-26,VALE3,65.7,66.26,65.37,65.56,50.03,24178800
2023-09-26,WEGE3,35.19,36.22,35.11,36.08,33.39,9274100
2023-09-27,ABEV3,13.08,13.1,12.86,12.97,10.84,32045700
2023-09-27,B3SA3,12.11,12.29,11.88,12.03,10.86,44300700
2023-09-27,BBDC4,13.99,14.27,13.84,13.92,10.7,41531600
2023-09-27,ITUB4,23.66,23.76,23.27,23.43,18.67,26052315
2023-09-27,MGLU3,18.97,19.15,17.82,18.17,17.48,20061740
2023-09-27,PETR4,33.86,34.52,33.78,34.52,23.61,53708700
2023-09-27,VALE3,66.1,66.19,65.31,65.7,50.13,17109300
2023-09-27,WEGE3,36.18,36.72,35.76,36.02,33.33,10447500
2023-09-28,ABEV3,13.0,13.13,12.93,12.98,10.85,43949200
2023-09-28,B3SA3,12.06,12.26,11.97,12.21,11.02,31834700
2023-09-28,BBDC4,13.92,14.3,13.89,14.25,10.96,29948700
2023-09-28,ITUB4,23.42,24.17,23.35,24.05,19.16,32463735
2023-09-28,MGLU3,17.99,18.62,17.9,18.26,17.56,9412190
2023-09-28,PETR4,34.45,34.54,34.21,34.45,23.56,30765000
2023-09-28,VALE3,66.11,67.04,65.96,66.7,50.9,26072300
2023-09-28,WEGE3,36.1,36.57,35.81,36.39,33.67,5738900
2023-09-29,ABEV3,13.08,13.17,13.05,13.11,10.95,22876500
2023-09-29,B3SA3,12.42,12.49,12.13,12.29,11.09,23002700
2023-09-29,BBDC4,14.33,14.38,14.14,14.3,10.99,20641500
2023-09-29,ITUB4,24.27,24.33,23.85,24.02,19.13,19969351
2023-09-29,MGLU3,18.8,19.33,18.62,18.88,18.16,12066773
2023-09-29,PETR4,34.5,34.69,34.25,34.64,23.69,40227600
2023-09-29,VALE3,67.31,67.65,67.04,67.58,51.57,19018000
2023-09-29,WEGE3,36.62,36.71,36.15,36.27,33.56,5247900
2023-10-02,ABEV3,13.11,13.15,12.98,13.09,10.94,17955500
2023-10-02,B3SA3,12.18,12.27,11.85,12.0,10.83,26431000
2023-10-02,BBDC4,14.32,14.4,14.05,14.1,10.84,22179800
2023-10-02,ITUB4,23.95,24.0,23.62,23.78,18.95,14289396
2023-10-02,MGLU3,18.88,18.97,17.73,17.9,17.22,10292976
2023-10-02,PETR4,34.55,34.77,33.93,34.12,23.33,34403400
2023-10-02,VALE3,67.58,67.72,66.62,66.99,51.12,11175900
2023-10-02,WEGE3,36.27,36.54,35.99,36.15,33.45,5406700
2023-10-03,ABEV3,13.06,13.29,12.94,13.05,10.9,31511700
2023-10-03,B3SA3,11.88,11.96,11.33,11.49,10.37,51682100
2023-10-03,BBDC4,14.04,14.09,13.87,13.91,10.71,23190500
2023-10-03,ITUB4,23.68,23.77,23.43,23.48,18.71,24198953
2023-10-03,MGLU3,17.64,17.82,16.3,16.39,15.76,15204222
2023-10-03,PETR4,33.97,34.23,33.63,33.97,23.23,37947300
2023-10-03,VALE3,66.08,66.96,66.07,66.58,50.81,15268800
2023-10-03,WEGE3,36.02,36.13,35.04,35.17,32.55,7549900
2023-10-04,ABEV3,13.05,13.27,13.04,13.21,11.04,15774100
2023-10-04,B3SA3,11.62,11.89,11.51,11.86,10.7,32895300
2023-10-04,BBDC4,13.95,14.44,13.89,14.38,11.07,45563700
2023-10-04,ITUB4,23.57,24.12,23.5,24.02,19.14,26973104
2023-10-04,MGLU3,16.84,17.37,16.66,16.84,16.19,14727586
2023-10-04,PETR4,33.6,33.71,32.39,32.62,22.31,88895900
2023-10-04,VALE3,66.4,66.78,65.53,65.87,50.26,14377000
2023-10-04,WEGE3,35.3,35.55,35.05,35.16,32.54,5224100
2023-10-05,ABEV3,13.18,13.23,12.86,12.89,10.77,31497000
2023-10-05,B3SA3,11.85,12.0,11.54,11.73,10.59,25192200
2023-10-05,BBDC4,14.64,14.74,14.3,14.44,11.12,40153400
2023-10-05,ITUB4,23.97,24.56,23.89,24.4,19.45,32443908
2023-10-05,MGLU3,16.75,16.92,16.03,16.12,15.51,9105752
2023-10-05,PETR4,32.51,32.94,32.29,32.73,22.38,35342000
2023-10-05,VALE3,65.87,66.45,65.66,65.9,50.29,11556300
2023-10-05,WEGE3,35.3,35.51,34.88,34.98,32.37,4103700
2023-10-06,ABEV3,12.8,13.28,12.74,13.19,11.02,40211800
2023-10-06,B3SA3,11.51,11.93,11.4,11.84,10.69,52568200
2023-10-06,BBDC4,14.3,14.53,14.07,14.47,11.14,29367600
2023-10-06,ITUB4,24.17,24.97,24.03,24.62,19.63,50011299
2023-10-06,MGLU3,15.32,16.03,14.97,15.86,15.25,13855859
2023-10-06,PETR4,32.6,33.82,32.33,33.51,22.91,48132800
2023-10-06,VALE3,65.89,67.45,65.82,66.86,51.02,22711400
2023-10-06,WEGE3,34.8,35.15,34.26,34.8,32.2,6279600
2023-10-09,ABEV3,13.15,13.19,13.05,13.17,11.01,15459500
2023-10-09,B3SA3,11.75,11.88,11.56,11.78,10.63,34445400
2023-10-09,BBDC4,14.4,14.41,14.2,14.34,11.04,20940600
2023-10-09,ITUB4,24.4,24.49,24.18,24.41,19.46,16544632
2023-10-09,MGLU3,15.41,16.66,15.23,16.57,15.93,9069425
2023-10-09,PETR4,34.15,35.08,34.1,34.95,23.9,77528400
2023-10-09,VALE3,65.73,66.38,65.39,66.38,50.65,14392200
2023-10-09,WEGE3,34.68,35.03,34.54,34.85,32.25,3984400
2023-10-10,ABEV3,13.17,13.36,13.12,13.25,11.07,18408800
2023-10-10,B3SA3,11.79,12.17,11.79,12.05,10.88,43373800
2023-10-10,BBDC4,14.4,14.6,14.34,14.5,11.16,21013500
2023-10-10,ITUB4,24.47,24.76,24.26,24.39,19.44,27848800
2023-10-10,MGLU3,16.66,17.99,16.66,17.73,17.05,14244595
2023-10-10,PETR4,34.9,35.34,34.74,35.21,24.08,48326500
2023-10-10,VALE3,67.06,67.47,66.7,66.78,50.96,18261700
2023-10-10,WEGE3,34.99,35.41,34.89,35.3,32.67,4115100
2023-10-11,ABEV3,13.25,13.33,13.19,13.29,11.11,14042700
2023-10-11,B3SA3,12.12,12.13,11.91,12.03,10.86,25967000
2023-10-11,BBDC4,14.48,14.72,14.38,14.71,11.32,31695400
2023-10-11,ITUB4,24.45,24.73,24.34,24.7,19.69,17994759
2023-10-11,MGLU3,17.99,18.53,16.84,17.01,16.36,14221908
2023-10-11,PETR4,35.14,35.25,34.49,35.12,24.02,41578500
2023-10-11,VALE3,66.81,67.43,66.69,67.36,51.4,13659400
2023-10-11,WEGE3,35.13,35.56,34.91,35.17,32.55,5169500
2023-10-13,ABEV3,13.28,13.28,12.92,12.98,10.85,24773100
2023-10-13,B3SA3,11.94,11.94,11.55,11.6,10.47,31360700
2023-10-13,BBDC4,14.65,14.74,14.47,14.49,11.16,31324400
2023-10-13,ITUB4,24.66,24.79,24.35,24.44,19.48,25238141
2023-10-13,MGLU3,16.66,16.84,16.03,16.21,15.59,7591569
2023-10-13,PETR4,35.79,36.36,35.78,36.28,24.81,66943700
2023-10-13,VALE3,67.2,67.3,66.46,66.59,50.81,16302700
2023-10-13,WEGE3,35.01,35.15,34.54,34.54,31.96,5443600
2023-10-16,ABEV3,13.01,13.08,12.95,13.01,10.87,12422600
2023-10-16,B3SA3,11.67,11.88,11.65,11.74,10.6,18822000
2023-10-16,BBDC4,14.58,14.72,14.47,14.64,11.27,24351900
2023-10-16,ITUB4,24.61,24.62,24.33,24.47,19.51,12962992
2023-10-16,MGLU3,16.48,16.57,15.86,15.95,15.34,7800195
2023-10-16,PETR4,36.4,36.8,35.96,36.68,25.08,49626600
2023-10-16,VALE3,67.4,67.75,67.18,67.3,51.36,13103300
2023-10-16,WEGE3,34.9,35.08,34.64,34.65,32.06,3835500
2023-10-17,ABEV3,12.9,12.99,12.78,12.8,10.7,21533400
2023-10-17,B3SA3,11.56,11.61,11.2,11.27,10.17,78125700
2023-10-17,BBDC4,14.54,14.68,14.4,14.49,11.16,27989500
2023-10-17,ITUB4,24.36,24.4,24.01,24.11,19.22,30382867
2023-10-17,MGLU3,15.59,15.77,14.97,15.05,14.48,9363301
2023-10-17,PETR4,36.7,37.67,36.63,37.67,25.76,68814800
2023-10-17,VALE3,67.0,68.05,66.59,67.85,51.78,24031000
2023-10-17,WEGE3,34.63,34.87,34.28,34.28,31.72,5700600
2023-10-18,ABEV3,12.74,12.78,12.49,12.53,10.47,41902700
2023-10-18,B3SA3,11.15,11.34,11.03,11.13,10.04,71398700
2023-10-18,BBDC4,14.42,14.59,14.33,14.36,11.06,32347600
2023-10-18,ITUB4,23.89,24.09,23.49,23.61,18.82,63292779
2023-10-18,MGLU3,15.14,16.21,14.79,15.41,14.82,17097756
2023-10-18,PETR4,37.99,38.61,37.91,38.52,26.34,85931700
2023-10-18,VALE3,67.24,67.3,65.33,65.36,49.88,34907300
2023-10-18,WEGE3,34.24,34.92,34.11,34.29,31.73,8699900
2023-10-19,ABEV3,12.56,12.69,12.51,12.52,10.46,15581700
2023-10-19,B3SA3,11.2,11.29,10.99,11.0,9.93,45432400
2023-10-19,BBDC4,14.34,14.64,14.29,14.43,11.11,24267000
2023-10-19,ITUB4,23.55,24.18,23.46,23.88,19.04,26245718
2023-10-19,MGLU3,15.32,15.41,14.34,14.34,13.79,15061460
2023-10-19,PETR4,38.36,38.47,37.92,38.34,26.22,56016600
2023-10-19,VALE3,65.3,65.65,64.42,64.42,49.16,22855500
2023-10-19,WEGE3,34.31,34.39,33.36,33.94,31.41,8305700
2023-10-20,ABEV3,12.45,12.63,12.4,12.49,10.44,14749400
2023-10-20,B3SA3,10.98,11.21,10.95,11.15,10.06,40978900
2023-10-20,BBDC4,14.4,14.51,14.16,14.16,10.9,29052700
2023-10-20,ITUB4,23.76,24.03,23.6,23.8,18.97,27017857
2023-10-20,MGLU3,14.07,14.43,13.63,13.72,13.19,17781030
2023-10-20,PETR4,38.69,38.86,37.39,37.85,25.88,66242400
2023-10-20,VALE3,63.32,63.47,62.0,62.68,47.83,58015100
2023-10-20,WEGE3,33.87,34.33,33.71,33.81,31.29,4624100
2023-10-23,ABEV3,12.46,12.57,12.38,12.48,10.43,11943700
2023-10-23,B3SA3,11.06,11.42,11.01,11.31,10.21,29667800
2023-10-23,BBDC4,14.15,14.29,14.12,14.18,10.92,25208300
2023-10-23,ITUB4,23.74,24.1,23.67,23.82,18.99,18187709
2023-10-23,MGLU3,13.63,13.9,13.36,13.45,12.94,17911398
2023-10-23,PETR4,36.59,36.8,35.26,35.35,24.17,104499100
2023-10-23,VALE3,62.39,62.93,62.11,62.56,47.74,17595000
2023-10-23,WEGE3,33.52,34.16,33.4,33.9,31.37,6072400
2023-10-24,ABEV3,12.58,12.59,12.33,12.52,10.46,32749400
2023-10-24,B3SA3,11.4,11.72,11.31,11.6,10.47,54908300
2023-10-24,BBDC4,14.3,14.4,14.02,14.18,10.92,35238200
2023-10-24,ITUB4,24.05,24.17,23.67,23.82,18.99,17958163
2023-10-24,MGLU3,13.63,13.81,12.56,12.56,12.08,18859047
2023-10-24,PETR4,35.65,36.19,35.17,35.88,24.54,78634900
2023-10-24,VALE3,64.0,64.27,63.57,63.99,48.83,21768800
2023-10-24,WEGE3,34.54,35.1,34.22,35.01,32.4,9893700
2023-10-25,ABEV3,12.51,12.54,12.4,12.44,10.4,14976900
2023-10-25,B3SA3,11.54,11.83,11.49,11.54,10.41,71753900
2023-10-25,BBDC4,14.36,14.66,14.1,14.14,10.89,44133500
2023-10-25,ITUB4,23.87,24.56,23.8,23.87,19.02,28965258
2023-10-25,MGLU3,12.47,13.01,11.58,12.83,12.34,28229274
2023-10-25,PETR4,36.08,36.28,35.75,36.07,24.67,32846500
2023-10-25,VALE3,64.7,65.18,63.75,63.93,48.78,26091800
2023-10-25,WEGE3,33.52,33.7,31.47,31.47,29.12,43128700
2023-10-26,ABEV3,12.48,12.78,12.41,12.63,10.55,25002300
2023-10-26,B3SA3,11.66,11.79,11.52,11.73,10.59,45057800
2023-10-26,BBDC4,14.19,14.52,14.11,14.5,11.16,52455700
2023-10-26,ITUB4,24.01,24.55,23.91,24.46,19.5,32592557
2023-10-26,MGLU3,12.92,13.63,12.74,13.09,12.59,22909860
2023-10-26,PETR4,35.85,35.93,35.15,35.7,24.41,47858600
2023-10-26,VALE3,63.8,65.37,63.61,65.3,49.83,30936700
2023-10-26,WEGE3,31.83,33.29,31.52,32.66,30.22,19917500
2023-10-27,ABEV3,12.58,12.63,12.28,12.29,10.27,27730300
2023-10-27,B3SA3,11.7,11.75,11.14,11.2,10.11,39597000
2023-10-27,BBDC4,14.47,14.62,14.23,14.35,11.05,43153700
2023-10-27,ITUB4,24.57,24.62,24.0,24.1,19.21,34189408
2023-10-27,MGLU3,13.01,13.27,12.38,13.01,12.51,17687775
2023-10-27,PETR4,36.21,36.46,35.17,35.44,24.23,45843100
2023-10-27,VALE3,65.47,67.76,64.71,67.57,51.56,47989100
2023-10-27,WEGE3,32.8,33.16,31.48,31.63,29.27,13106900
2023-10-30,ABEV3,12.4,12.49,12.3,12.36,10.33,26078000
2023-10-30,B3SA3,11.3,11.37,11.04,11.08,10.0,39671100
2023-10-30,BBDC4,14.43,14.48,14.1,14.19,10.92,37855700
2023-10-30,ITUB4,24.26,24.26,23.82,23.9,19.05,17119856
2023-10-30,MGLU3,13.01,13.09,12.03,12.2,11.74,8978089
2023-10-30,PETR4,35.58,35.72,34.86,35.08,23.99,31346900
2023-10-30,VALE3,68.4,68.89,68.04,68.18,52.03,26604100
2023-10-30,WEGE3,31.98,32.47,31.73,32.3,29.89,14193400
2023-10-31,ABEV3,12.95,12.95,12.61,12.86,10.75,64210200
2023-10-31,B3SA3,11.1,11.29,11.02,11.1,10.02,37086000
2023-10-31,BBDC4,14.19,14.19,13.95,13.99,10.77,32793200
2023-10-31,ITUB4,23.9,23.99,23.53,23.67,18.87,28770042
2023-10-31,MGLU3,12.2,12.29,11.85,11.85,11.39,16288435
2023-10-31,PETR4,35.01,35.18,34.49,34.74,23.76,36965200
2023-10-31,VALE3,67.77,69.24,67.57,69.0,52.65,20961400
2023-10-31,WEGE3,32.46,33.22,32.36,33.01,30.55,13609300
2023-11-01,ABEV3,12.9,13.0,12.76,12.99,10.85,40528700
2023-11-01,B3SA3,11.14,11.65,11.13,11.55,10.42,44636800
2023-11-01,BBDC4,14.0,14.19,13.96,14.12,10.87,42471800
2023-11-01,ITUB4,23.74,24.13,23.71,23.99,19.14,29703861
2023-11-01,MGLU3,11.85,12.11,11.67,11.85,11.39,15596404
2023-11-01,PETR4,35.02,35.54,34.9,35.12,24.02,46335300
2023-11-01,VALE3,69.26,70.7,69.25,70.32,53.66,31543500
2023-11-01,WEGE3,32.95,33.29,32.8,33.08,30.61,11413500
2023-11-03,ABEV3,13.1,13.37,13.05,13.29,11.11,27360200
2023-11-03,B3SA3,11.85,12.31,11.83,12.21,11.02,66501900
2023-11-03,BBDC4,14.48,14.88,14.37,14.77,11.39,70577700
2023-11-03,ITUB4,24.49,24.81,24.32,24.65,19.66,40014727
2023-11-03,MGLU3,12.2,13.72,12.11,13.27,12.77,27824664
2023-11-03,PETR4,35.79,35.89,35.05,35.54,24.3,30959700
2023-11-03,VALE3,71.25,71.61,70.93,71.2,54.33,28599600
2023-11-03,WEGE3,33.45,34.02,33.3,33.53,31.03,8785500
2023-11-06,ABEV3,13.34,13.57,13.29,13.51,11.29,20562100
2023-11-06,B3SA3,12.33,12.34,12.05,12.24,11.05,33391600
2023-11-06,BBDC4,14.87,14.89,14.61,14.76,11.38,23949400
2023-11-06,ITUB4,24.76,24.91,24.61,24.88,19.85,20420512
2023-11-06,MGLU3,13.45,13.99,12.47,12.74,12.25,17989768
2023-11-06,PETR4,35.74,36.13,35.51,35.51,24.28,33583600
2023-11-06,VALE3,71.2,71.8,71.2,71.5,54.56,19096300
2023-11-06,WEGE3,33.75,33.95,33.07,33.21,30.73,8521100
2023-11-07,ABEV3,13.5,13.59,13.46,13.57,11.34,20565500
2023-11-07,B3SA3,12.28,12.68,12.17,12.46,11.25,48835200
2023-11-07,BBDC4,14.75,15.28,14.7,15.15,11.68,80300200
2023-11-07,ITUB4,24.88,25.75,24.67,25.58,20.4,68857281
2023-11-07,MGLU3,12.65,15.86,12.56,15.77,15.16,33551619
2023-11-07,PETR4,35.07,35.42,34.66,34.92,23.88,48919900
2023-11-07,VALE3,70.83,71.1,69.24,70.08,53.48,37073000
2023-11-07,WEGE3,33.21,33.28,32.63,32.78,30.33,15716300
2023-11-08,ABEV3,13.59,13.68,13.52,13.54,11.31,29629700
2023-11-08,B3SA3,12.58,12.63,12.31,12.47,11.25,28362600
2023-11-08,BBDC4,15.15,15.31,15.01,15.23,11.74,33468600
2023-11-08,ITUB4,25.65,25.8,25.4,25.69,20.49,26848927
2023-11-08,MGLU3,15.59,17.99,15.32,15.86,15.25,39937397
2023-11-08,PETR4,34.6,34.8,33.91,34.17,23.37,59742900
2023-11-08,VALE3,70.12,70.86,69.82,70.13,53.51,21047900
2023-11-08,WEGE3,32.7,32.87,32.26,32.45,30.03,6569200
2023-11-09,ABEV3,13.57,13.57,13.37,13.41,11.21,18858200
2023-11-09,B3SA3,12.59,12.69,12.28,12.36,11.15,25942900
2023-11-09,BBDC4,15.25,15.5,14.99,15.26,11.76,45228200
2023-11-09,ITUB4,25.7,25.98,25.4,25.81,20.59,29266749
2023-11-09,MGLU3,16.3,16.3,14.97,15.23,14.65,19730201
2023-11-09,PETR4,34.5,35.15,34.36,34.88,23.85,56231100
2023-11-09,VALE3,70.5,71.14,70.22,70.47,53.77,16542700
2023-11-09,WEGE3,32.51,32.7,32.2,32.41,29.99,5700600
2023-11-10,ABEV3,13.45,13.49,13.35,13.35,11.16,15140600
2023-11-10,B3SA3,12.36,12.99,12.34,12.96,11.7,36346300
2023-11-10,BBDC4,14.87,15.12,14.69,15.04,11.59,66453700
2023-11-10,ITUB4,25.97,26.36,25.83,26.12,20.83,27757367
2023-11-10,MGLU3,15.41,16.12,15.41,16.03,15.42,11884686
2023-11-10,PETR4,34.66,35.06,34.51,34.72,23.74,40004800
2023-11-10,VALE3,71.4,71.73,70.9,71.55,54.6,22200500
2023-11-10,WEGE3,32.56,33.41,32.45,33.17,30.69,7267300
2023-11-13,ABEV3,13.37,13.55,13.29,13.43,11.22,16559200
2023-11-13,B3SA3,12.55,12.57,12.28,12.43,11.22,42165300
2023-11-13,BBDC4,14.93,15.04,14.62,14.74,11.36,47338000
2023-11-13,ITUB4,26.02,26.05,25.75,25.94,20.69,17013694
2023-11-13,MGLU3,15.86,16.75,14.43,15.41,14.82,24811308
2023-11-13,PETR4,34.68,35.75,34.67,35.69,24.41,44120000
2023-11-13,VALE3,72.0,72.49,70.93,71.4,54.48,14410500
2023-11-13,WEGE3,33.08,33.08,32.45,32.72,30.28,7939500
2023-11-14,ABEV3,13.5,13.75,13.45,13.7,11.45,24478100
2023-11-14,B3SA3,12.5,12.97,12.36,12.66,11.43,45235100
2023-11-14,BBDC4,14.8,15.09,14.71,15.05,11.6,42559800
2023-11-14,ITUB4,26.03,26.54,25.98,26.33,21.0,47389424
2023-11-14,MGLU3,14.07,15.95,13.81,15.59,14.99,58456777
2023-11-14,PETR4,35.69,36.24,35.49,36.18,24.74,50888600
2023-11-14,VALE3,72.02,74.3,71.9,73.61,56.17,52233600
2023-11-14,WEGE3,32.95,33.6,32.7,33.46,30.96,8465100
2023-11-16,ABEV3,13.7,13.8,13.55,13.67,11.42,45772900
2023-11-16,B3SA3,12.66,13.03,12.57,12.92,11.66,39109300
2023-11-16,BBDC4,15.09,15.57,15.05,15.57,12.0,60626800
2023-11-16,ITUB4,26.48,26.97,26.28,26.75,21.34,46722314
2023-11-16,MGLU3,15.68,20.04,15.68,19.51,18.76,43191934
2023-11-16,PETR4,35.98,36.49,35.5,35.55,24.31,72361200
2023-11-16,VALE3,73.1,74.34,73.01,74.1,56.54,31235400
2023-11-16,WEGE3,33.46,33.62,33.18,33.48,30.98,10829700
2023-11-17,ABEV3,13.71,13.74,13.52,13.6,11.36,36893100
2023-11-17,B3SA3,13.0,13.03,12.73,12.73,11.49,44472400
2023-11-17,BBDC4,15.57,15.6,15.35,15.43,11.9,34543100
2023-11-17,ITUB4,26.73,27.0,26.58,26.88,21.44,27884376
2023-11-17,MGLU3,19.78,20.76,18.88,19.78,19.02,33493647
2023-11-17,PETR4,35.83,36.92,35.82,36.71,25.1,87666300
2023-11-17,VALE3,74.23,74.65,74.1,74.24,56.65,24538600
2023-11-17,WEGE3,33.51,33.67,32.85,33.26,30.78,8961500
2023-11-20,ABEV3,13.61,13.71,13.47,13.6,11.36,15170600
2023-11-20,B3SA3,12.83,13.22,12.78,13.11,11.83,23900400
2023-11-20,BBDC4,15.44,15.49,15.29,15.47,11.93,26702200
2023-11-20,ITUB4,26.9,27.21,26.7,27.14,21.65,26508121
2023-11-20,MGLU3,20.49,20.93,19.86,20.31,19.53,15793298
2023-11-20,PETR4,36.77,37.22,36.27,36.74,25.12,67796900
2023-11-20,VALE3,75.8,76.65,75.43,76.06,58.04,28810100
2023-11-20,WEGE3,33.26,33.54,33.04,33.48,30.98,6991600
2023-11-21,ABEV3,13.6,13.62,13.36,13.44,11.23,17196400
2023-11-21,B3SA3,13.02,13.1,12.8,12.84,11.59,25672000
2023-11-21,BBDC4,15.46,15.53,15.32,15.41,11.88,17047900
2023-11-21,ITUB4,27.03,27.23,26.93,27.1,21.61,18805760
2023-11-21,MGLU3,20.31,20.49,18.62,18.97,18.25,20984545
2023-11-21,PETR4,36.54,36.54,35.91,36.36,24.86,49597800
2023-11-21,VALE3,77.29,78.55,76.85,77.9,59.44,45317800
2023-11-21,WEGE3,33.45,33.66,33.21,33.66,31.15,4985800
2023-11-22,ABEV3,13.49,13.6,13.43,13.57,11.34,29650400
2023-11-22,B3SA3,13.1,13.29,12.96,13.02,11.75,33864800
2023-11-22,BBDC4,15.51,15.89,15.43,15.73,12.13,39082200
2023-11-22,ITUB4,27.27,27.56,27.16,27.26,21.75,44180768
2023-11-22,MGLU3,19.24,19.78,18.44,18.53,17.82,17676774
2023-11-22,PETR4,34.9,35.16,34.25,35.16,24.99,58578300
2023-11-22,VALE3,75.85,76.07,74.21,74.85,58.88,33715300
2023-11-22,WEGE3,33.7,34.34,33.68,34.1,31.56,5651700
2023-11-23,ABEV3,13.61,13.76,13.27,13.55,11.32,32233900
2023-11-23,B3SA3,13.07,13.23,13.01,13.17,11.89,7965100
2023-11-23,BBDC4,16.38,16.65,16.12,16.15,12.45,70385300
2023-11-23,ITUB4,27.26,27.48,26.99,27.23,21.72,25892449
2023-11-23,MGLU3,18.62,19.51,18.35,19.33,18.59,8343525
2023-11-23,PETR4,35.13,35.25,34.81,35.17,24.99,24068100
2023-11-23,VALE3,74.37,74.62,74.08,74.38,58.51,10279200
2023-11-23,WEGE3,34.1,34.12,33.84,34.06,31.52,3008100
2023-11-24,ABEV3,13.5,13.54,13.28,13.39,11.19,18133100
2023-11-24,B3SA3,13.15,13.15,12.85,12.92,11.66,20559200
2023-11-24,BBDC4,16.07,16.24,16.01,16.16,12.46,28854100
2023-11-24,ITUB4,27.12,27.26,26.83,27.08,21.6,23216076
2023-11-24,MGLU3,19.24,19.33,17.64,17.73,17.05,20112010
2023-11-24,PETR4,34.98,35.82,34.71,35.27,25.06,53456200
2023-11-24,VALE3,74.5,74.5,73.4,73.75,58.01,16667000
2023-11-24,WEGE3,34.0,34.19,33.72,33.72,31.2,2542400
2023-11-27,ABEV3,13.44,13.63,13.37,13.58,11.35,22972800
2023-11-27,B3SA3,12.99,13.06,12.68,12.92,11.66,27004700
2023-11-27,BBDC4,16.18,16.23,15.96,16.06,12.38,25263900
2023-11-27,ITUB4,27.21,27.33,26.93,27.01,21.54,20472630
2023-11-27,MGLU3,17.9,18.44,17.1,17.46,16.79,19708804
2023-11-27,PETR4,35.0,35.4,34.75,35.07,24.92,36996000
2023-11-27,VALE3,73.44,73.86,72.9,73.31,57.67,17312300
2023-11-27,WEGE3,33.72,34.29,33.23,34.14,31.59,4968000
2023-11-28,ABEV3,13.52,13.71,13.52,13.65,11.41,14913700
2023-11-28,B3SA3,12.89,13.42,12.85,13.22,11.93,35096600
2023-11-28,BBDC4,16.02,16.28,15.93,16.21,12.5,43584200
2023-11-28,ITUB4,27.0,27.41,26.9,27.27,21.75,23380701
2023-11-28,MGLU3,17.37,17.46,16.57,17.01,16.36,23293118
2023-11-28,PETR4,35.17,35.62,35.15,35.6,25.3,36875900
2023-11-28,VALE3,72.28,73.77,72.16,73.47,57.79,22019000
2023-11-28,WEGE3,34.13,34.57,33.83,34.37,31.81,5627600
2023-11-29,ABEV3,13.63,13.69,13.3,13.3,11.11,19363500
2023-11-29,B3SA3,13.36,13.45,13.19,13.25,11.96,57656100
2023-11-29,BBDC4,16.37,16.49,16.12,16.13,12.43,36063500
2023-11-29,ITUB4,27.54,27.7,27.22,27.46,21.9,25551189
2023-11-29,MGLU3,17.46,18.08,16.75,16.75,16.11,24703123
2023-11-29,PETR4,35.9,36.03,34.94,35.23,25.04,37528600
2023-11-29,VALE3,73.8,74.0,72.71,73.45,57.78,15853100
2023-11-29,WEGE3,34.4,34.57,34.1,34.13,31.58,3021400
2023-11-30,ABEV3,13.3,13.74,13.25,13.69,11.44,41991100
2023-11-30,B3SA3,13.39,13.45,13.07,13.3,12.0,43356300
2023-11-30,BBDC4,16.15,16.33,16.13,16.27,12.54,54061000
2023-11-30,ITUB4,27.63,27.94,27.56,27.88,22.24,48828674
2023-11-30,MGLU3,17.19,18.08,17.01,17.99,17.31,31751811
2023-11-30,PETR4,35.46,35.92,35.24,35.91,25.52,58808800
2023-11-30,VALE3,74.01,74.44,73.72,73.85,58.09,29712900
2023-11-30,WEGE3,34.17,34.33,33.74,34.19,31.64,8086700
2023-12-01,ABEV3,13.69,14.08,13.6,14.08,11.77,30042200
2023-12-01,B3SA3,13.33,13.56,13.18,13.53,12.21,28188700
2023-12-01,BBDC4,16.3,16.34,16.1,16.32,12.58,43911800
2023-12-01,ITUB4,27.85,27.96,27.48,27.8,22.19,34579613
2023-12-01,MGLU3,18.08,19.51,17.19,19.33,18.59,27342438
2023-12-01,PETR4,35.72,36.0,35.53,35.67,25.35,36388100
2023-12-01,VALE3,74.73,75.48,74.42,75.22,59.17,25025200
2023-12-01,WEGE3,34.19,34.89,34.17,34.78,32.18,5005000
2023-12-04,ABEV3,14.03,14.09,13.99,14.06,11.75,9861400
2023-12-04,B3SA3,13.45,13.64,13.4,13.54,12.22,45646100
2023-12-04,BBDC4,16.22,16.39,16.12,16.18,12.49,24320200
2023-12-04,ITUB4,27.64,28.02,27.63,27.84,22.22,14713024
2023-12-04,MGLU3,19.06,19.33,17.82,17.82,17.13,22364217
2023-12-04,PETR4,35.44,35.55,34.85,34.91,24.81,35601900
2023-12-04,VALE3,74.24,74.5,73.04,73.53,57.84,22402300
2023-12-04,WEGE3,34.35,35.28,34.3,34.76,32.17,5514000
2023-12-05,ABEV3,14.08,14.37,14.07,14.24,11.9,36765000
2023-12-05,B3SA3,13.25,13.54,13.25,13.45,12.14,40133100
2023-12-05,BBDC4,16.25,16.43,16.17,16.33,12.6,33186200
2023-12-05,ITUB4,27.88,28.21,27.82,28.07,22.4,29425256
2023-12-05,MGLU3,17.99,19.42,17.82,19.06,18.33,21485968
2023-12-05,PETR4,34.92,35.17,34.68,34.75,24.69,43234200
2023-12-05,VALE3,73.23,73.37,72.53,72.85,57.31,25179500
2023-12-05,WEGE3,34.77,35.54,34.76,35.3,32.67,5143900
2023-12-06,ABEV3,14.27,14.32,13.91,13.99,11.69,20919500
2023-12-06,B3SA3,13.55,13.6,13.15,13.23,11.94,41140900
2023-12-06,BBDC4,16.37,16.47,16.15,16.16,12.47,33542000
2023-12-06,ITUB4,28.17,28.24,27.64,27.82,22.2,26385417
2023-12-06,MGLU3,19.42,19.69,19.06,19.33,18.59,14836007
2023-12-06,PETR4,34.55,34.8,33.5,33.5,23.81,64179200
2023-12-06,VALE3,73.5,73.92,72.12,72.37,56.93,20503900
2023-12-06,WEGE3,35.43,36.1,35.31,35.39,32.75,5700700
2023-12-07,ABEV3,14.02,14.28,14.02,14.08,11.77,11940500
2023-12-07,B3SA3,13.28,13.4,13.16,13.29,11.99,19636000
2023-12-07,BBDC4,16.25,16.31,16.09,16.2,12.5,26382800
2023-12-07,ITUB4,27.76,27.91,27.55,27.91,22.45,22783950
2023-12-07,MGLU3,19.42,20.31,19.42,20.13,19.36,14926141
2023-12-07,PETR4,33.65,34.18,33.04,33.42,23.75,64723900
2023-12-07,VALE3,72.69,73.08,72.42,72.6,57.11,17535800
2023-12-07,WEGE3,35.48,35.8,35.02,35.36,32.72,4183000
2023-12-08,ABEV3,14.28,14.49,14.17,14.31,11.96,16690900
2023-12-08,B3SA3,13.29,13.72,13.17,13.54,12.22,31813900
2023-12-08,BBDC4,16.23,16.56,16.05,16.46,12.7,40696300
2023-12-08,ITUB4,27.83,28.35,27.75,28.26,22.73,20982366
2023-12-08,MGLU3,20.31,20.49,18.8,18.97,18.25,21552584
2023-12-08,PETR4,33.71,34.54,33.48,34.49,24.51,53290700
2023-12-08,VALE3,73.1,73.26,72.33,72.8,57.27,16083200
2023-12-08,WEGE3,35.36,35.54,34.35,34.65,32.06,5927600
2023-12-11,ABEV3,14.24,14.39,14.22,14.32,11.97,11080900
2023-12-11,B3SA3,13.5,13.93,13.48,13.93,12.57,39856100
2023-12-11,BBDC4,16.38,16.51,16.27,16.33,12.6,17300300
2023-12-11,ITUB4,28.11,28.31,28.01,28.07,22.58,21996515
2023-12-11,MGLU3,18.88,19.86,18.8,19.86,19.1,8662951
2023-12-11,PETR4,34.46,34.69,34.24,34.36,24.42,30613300
2023-12-11,VALE3,72.08,73.24,71.76,72.86,57.31,15443400
2023-12-11,WEGE3,34.64,35.35,34.57,34.87,32.27,4105000
2023-12-12,ABEV3,14.28,14.34,14.18,14.23,11.89,10541600
2023-12-12,B3SA3,14.0,14.0,13.8,13.85,12.5,44275900
2023-12-12,BBDC4,16.55,16.57,16.16,16.25,12.54,114069600
2023-12-12,ITUB4,28.14,28.19,27.71,27.93,22.46,16825276
2023-12-12,MGLU3,19.86,20.58,19.6,20.31,19.53,13246856
2023-12-12,PETR4,34.55,34.6,33.8,34.08,24.22,30371500
2023-12-12,VALE3,73.6,73.85,72.6,72.99,57.42,11036300
2023-12-12,WEGE3,34.9,35.12,34.76,35.03,32.42,3469600
2023-12-13,ABEV3,14.27,14.8,14.14,14.7,12.28,53960800
2023-12-13,B3SA3,13.79,14.56,13.61,14.43,13.02,64190500
2023-12-13,BBDC4,16.28,17.01,16.25,16.96,13.09,73283800
2023-12-13,ITUB4,27.93,28.92,27.93,28.77,23.15,53507397
2023-12-13,MGLU3,20.58,22.54,19.95,22.54,21.67,24540502
2023-12-13,PETR4,34.21,34.62,34.14,34.57,24.57,38992900
2023-12-13,VALE3,72.5,73.32,72.31,73.0,57.42,25288200
2023-12-13,WEGE3,34.88,36.15,34.62,36.06,33.37,6245100
2023-12-14,ABEV3,14.85,14.87,14.3,14.5,12.12,60791700
2023-12-14,B3SA3,14.6,15.13,14.55,14.83,13.38,69818600
2023-12-14,BBDC4,17.0,17.39,16.98,17.25,13.31,62827600
2023-12-14,ITUB4,28.9,29.16,28.61,29.01,23.34,48235322
2023-12-14,MGLU3,22.63,23.61,21.29,21.65,20.82,24145052
2023-12-14,PETR4,35.0,35.74,34.84,35.32,25.1,57950000
2023-12-14,VALE3,74.0,74.26,73.36,73.4,57.74,29454300
2023-12-14,WEGE3,36.37,36.53,35.88,36.3,33.59,5864700
2023-12-15,ABEV3,14.5,14.57,14.39,14.47,12.09,33747300
2023-12-15,B3SA3,14.9,14.95,14.5,14.67,13.24,52175400
2023-12-15,BBDC4,17.24,17.51,17.23,17.42,13.44,74469300
2023-12-15,ITUB4,29.06,29.16,28.51,28.89,23.24,31684684
2023-12-15,MGLU3,21.82,22.0,19.69,19.69,18.93,27996008
2023-12-15,PETR4,35.28,35.79,35.0,35.4,25.16,56570100
2023-12-15,VALE3,74.06,74.3,73.51,73.86,58.1,23279500
2023-12-15,WEGE3,36.5,36.77,36.03,36.03,33.34,11388200
2023-12-18,ABEV3,14.5,14.64,14.43,14.55,12.16,24363100
2023-12-18,B3SA3,14.66,14.95,14.61,14.74,13.3,22756700
2023-12-18,BBDC4,17.54,17.65,17.28,17.55,13.55,68532600
2023-12-18,ITUB4,28.98,29.15,28.83,29.03,23.35,31521986
2023-12-18,MGLU3,19.95,20.13,19.33,19.42,18.68,13958230
2023-12-18,PETR4,35.75,36.3,35.58,35.84,25.47,44474300
2023-12-18,VALE3,74.06,74.93,73.71,74.21,58.38,16333400
2023-12-18,WEGE3,36.2,36.49,35.94,36.04,33.42,5052100
2023-12-19,ABEV3,14.59,14.78,14.55,14.7,12.28,32674700
2023-12-19,B3SA3,14.75,14.91,14.52,14.55,13.13,30892100
2023-12-19,BBDC4,17.55,17.74,17.39,17.55,13.55,31387900
2023-12-19,ITUB4,29.14,29.44,28.98,29.05,23.37,27090256
2023-12-19,MGLU3,19.69,20.04,19.15,19.24,18.51,14549742
2023-12-19,PETR4,35.96,36.25,35.81,36.25,25.76,32183000
2023-12-19,VALE3,74.7,75.09,74.37,74.73,58.78,21763700
2023-12-19,WEGE3,36.12,36.62,36.05,36.42,33.77,4893400
2023-12-20,ABEV3,13.94,13.95,13.67,13.74,12.08,24316200
2023-12-20,B3SA3,14.51,14.65,14.16,14.17,12.79,34277600
2023-12-20,BBDC4,17.51,17.54,17.26,17.26,13.32,28935500
2023-12-20,ITUB4,28.94,29.1,28.67,28.75,23.12,25825488
2023-12-20,MGLU3,19.24,19.69,18.62,18.71,17.99,19154259
2023-12-20,PETR4,36.37,36.74,36.29,36.38,25.85,38947900
2023-12-20,VALE3,74.73,75.41,74.49,74.49,58.6,14147900
2023-12-20,WEGE3,36.36,36.74,36.16,36.16,33.53,6796400
2023-12-21,ABEV3,13.82,13.82,13.59,13.7,12.05,28969600
2023-12-21,B3SA3,14.48,14.57,14.3,14.49,13.08,29293900
2023-12-21,BBDC4,17.42,17.48,17.15,17.27,13.33,30227000
2023-12-21,ITUB4,28.91,29.01,28.73,28.94,23.28,24714129
2023-12-21,MGLU3,19.06,19.15,18.35,18.62,17.91,13762346
2023-12-21,PETR4,36.67,36.68,36.07,36.39,25.86,30511900
2023-12-21,VALE3,75.45,77.05,75.32,76.97,60.55,24202600
2023-12-21,WEGE3,36.5,36.5,36.08,36.39,33.74,4939500
2023-12-22,ABEV3,13.69,13.83,13.66,13.71,12.06,19864700
2023-12-22,B3SA3,14.49,14.65,14.38,14.51,13.1,28239600
2023-12-22,BBDC4,16.72,16.92,16.54,16.83,13.53,36672400
2023-12-22,ITUB4,28.97,29.6,28.95,29.4,23.65,36993016
2023-12-22,MGLU3,18.71,18.97,18.35,18.88,18.16,9025340
2023-12-22,PETR4,36.5,36.8,36.37,36.74,26.11,31234700
2023-12-22,VALE3,77.13,78.2,76.29,76.39,60.09,26277000
2023-12-22,WEGE3,36.39,36.55,36.17,36.51,33.85,4733200
2023-12-26,ABEV3,13.72,13.81,13.69,13.77,12.11,6884800
2023-12-26,B3SA3,14.58,14.74,14.52,14.66,13.23,10881600
2023-12-26,BBDC4,16.83,16.93,16.8,16.88,13.57,13390200
2023-12-26,ITUB4,29.45,29.81,29.33,29.7,23.89,26212408
2023-12-26,MGLU3,19.06,19.15,18.62,18.8,18.08,7455599
2023-12-26,PETR4,36.86,37.37,36.83,37.33,26.53,23466800
2023-12-26,VALE3,77.16,77.45,76.66,76.66,60.3,12149500
2023-12-26,WEGE3,36.57,36.92,36.45,36.72,34.05,3173100
2023-12-27,ABEV3,13.78,13.84,13.72,13.84,12.17,10305900
2023-12-27,B3SA3,14.61,14.73,14.47,14.58,13.16,16243800
2023-12-27,BBDC4,16.85,17.06,16.74,16.98,13.65,17838700
2023-12-27,ITUB4,29.66,29.96,29.63,29.9,24.05,20593974
2023-12-27,MGLU3,18.88,20.22,18.62,20.04,19.28,14560665
2023-12-27,PETR4,37.32,37.43,37.13,37.36,26.55,19588500
2023-12-27,VALE3,76.85,77.55,76.85,77.4,60.88,13821200
2023-12-27,WEGE3,36.72,36.99,36.51,36.84,34.16,2730800
2023-12-28,ABEV3,13.8,13.85,13.73,13.73,12.07,16500300
2023-12-28,B3SA3,14.52,14.67,14.45,14.55,13.13,20491200
2023-12-28,BBDC4,17.0,17.13,16.95,17.09,13.74,14852700
2023-12-28,ITUB4,29.9,29.98,29.78,29.98,24.12,14225154
2023-12-28,MGLU3,19.69,19.86,19.15,19.24,18.51,13502339
2023-12-28,PETR4,37.23,37.36,37.04,37.24,26.46,21421900
2023-12-28,VALE3,77.0,77.46,76.75,77.2,60.73,16545800
2023-12-28,WEGE3,36.84,37.22,36.71,36.91,34.22,3536300
2024-01-02,ABEV3,13.72,13.73,13.59,13.71,12.06,11690200
2024-01-02,B3SA3,14.31,14.4,14.02,14.17,12.88,30729000
2024-01-02,BBDC4,16.95,17.01,16.67,16.75,13.46,31715700
2024-01-02,ITUB4,29.91,29.91,29.34,29.59,23.81,21468310
2024-01-02,MGLU3,19.06,19.15,18.08,18.26,17.56,12983841
2024-01-02,PETR4,37.44,37.89,37.4,37.78,26.85,24043800
2024-01-02,VALE3,77.6,78.18,76.59,77.05,60.61,18021800
2024-01-02,WEGE3,36.91,37.05,36.33,36.57,33.91,3991200
2024-01-03,ABEV3,13.67,13.75,13.57,13.6,11.96,17612200
2024-01-03,B3SA3,14.18,14.28,13.98,14.13,12.84,43928000
2024-01-03,BBDC4,16.69,16.94,16.66,16.75,13.48,20470600
2024-01-03,ITUB4,29.58,29.81,29.26,29.26,23.55,20995509
2024-01-03,MGLU3,18.17,18.44,17.82,17.82,17.13,9709973
2024-01-03,PETR4,37.8,39.12,37.67,38.96,27.69,52300200
2024-01-03,VALE3,76.71,76.9,75.85,76.65,60.29,25315100
2024-01-03,WEGE3,36.38,37.29,36.38,36.85,34.17,6435500
2024-01-04,ABEV3,13.6,13.68,13.52,13.65,12.0,19996000
2024-01-04,B3SA3,14.11,14.12,13.67,13.72,12.47,41789500
2024-01-04,BBDC4,16.76,16.85,16.52,16.52,13.29,31294000
2024-01-04,ITUB4,29.26,29.33,28.86,29.06,23.39,30121031
2024-01-04,MGLU3,17.9,18.08,16.92,17.19,16.53,14103450
2024-01-04,PETR4,39.12,39.35,38.51,38.63,27.45,45344900
2024-01-04,VALE3,76.43,76.64,75.36,75.62,59.48,18707000
2024-01-04,WEGE3,36.7,37.1,36.26,36.36,33.71,5461100
2024-01-05,ABEV3,13.62,13.69,13.53,13.6,11.96,18293900
2024-01-05,B3SA3,13.67,14.07,13.64,13.97,12.7,39303900
2024-01-05,BBDC4,16.52,16.96,16.45,16.88,13.58,30772400
2024-01-05,ITUB4,29.05,29.74,29.02,29.74,23.94,31414011
2024-01-05,MGLU3,17.1,18.53,17.01,17.55,16.88,16087736
2024-01-05,PETR4,38.87,39.14,38.41,38.72,27.52,35783700
2024-01-05,VALE3,75.03,75.05,74.12,74.65,58.72,21082500
2024-01-05,WEGE3,36.03,36.35,35.57,35.97,33.35,9274700
2024-01-08,ABEV3,13.61,13.75,13.58,13.71,12.06,11014600
2024-01-08,B3SA3,13.86,14.31,13.85,14.28,12.98,27469900
2024-01-08,BBDC4,16.88,16.97,16.74,16.75,13.48,21044300
2024-01-08,ITUB4,29.59,29.72,29.38,29.43,23.68,13381523
2024-01-08,MGLU3,17.37,18.62,17.37,18.62,17.91,15447771
2024-01-08,PETR4,38.38,38.43,37.61,38.43,27.31,35158100
2024-01-08,VALE3,73.94,74.56,73.51,74.27,58.42,23013300
2024-01-08,WEGE3,35.86,36.3,35.64,36.06,33.44,3433300
2024-01-09,ABEV3,13.69,13.69,13.55,13.62,11.98,15705100
2024-01-09,B3SA3,14.07,14.14,13.93,14.06,12.78,30342700
2024-01-09,BBDC4,16.51,16.55,16.23,16.3,13.12,49479300
2024-01-09,ITUB4,29.3,29.51,28.94,29.41,23.67,21458906
2024-01-09,MGLU3,18.35,19.6,18.17,19.06,18.33,18575521
2024-01-09,PETR4,38.67,38.75,38.03,38.1,27.07,27279000
2024-01-09,VALE3,74.1,74.16,73.15,73.33,57.68,15257400
2024-01-09,WEGE3,35.8,35.98,35.04,35.17,32.61,5964800
2024-01-10,ABEV3,13.62,13.83,13.6,13.76,12.1,18313300
2024-01-10,B3SA3,14.05,14.18,13.9,13.92,12.65,20165800
2024-01-10,BBDC4,16.25,16.34,16.01,16.02,12.89,39455700
2024-01-10,ITUB4,29.31,29.6,29.29,29.38,23.65,11422452
2024-01-10,MGLU3,19.24,19.6,18.71,19.42,18.68,14434698
2024-01-10,PETR4,38.1,38.27,37.51,37.75,26.83,27382000
2024-01-10,VALE3,72.79,72.79,71.95,72.23,56.82,21354600
2024-01-10,WEGE3,35.36,35.57,35.24,35.32,32.75,3191100
2024-01-11,ABEV3,13.71,13.77,13.51,13.56,11.92,22254100
2024-01-11,B3SA3,13.94,14.05,13.66,13.95,12.68,23289000
2024-01-11,BBDC4,16.0,16.13,15.86,15.94,12.83,30915500
2024-01-11,ITUB4,29.31,29.64,29.24,29.44,23.69,23114559
2024-01-11,MGLU3,19.51,20.4,19.06,19.42,18.68,19102978
2024-01-11,PETR4,37.98,38.15,37.7,38.07,27.05,26564400
2024-01-11,VALE3,72.45,72.91,71.85,72.61,57.12,20289100
2024-01-11,WEGE3,35.22,35.38,34.8,34.82,32.29,4883200
2024-01-12,ABEV3,13.52,13.72,13.44,13.59,11.95,20300600
2024-01-12,B3SA3,14.0,14.24,13.96,14.1,12.81,24421600
2024-01-12,BBDC4,15.9,16.02,15.71,15.81,12.72,39595400
2024-01-12,ITUB4,29.36,29.55,29.09,29.47,23.72,27608377
2024-01-12,MGLU3,19.42,20.93,19.42,20.13,19.36,25884385
2024-01-12,PETR4,38.5,38.73,38.17,38.17,27.12,24479500
2024-01-12,VALE3,72.2,72.7,71.64,71.69,56.39,16343400
2024-01-12,WEGE3,34.8,35.09,34.48,34.67,32.15,4474600
2024-01-15,ABEV3,13.48,13.6,13.46,13.59,11.95,4752100
2024-01-15,B3SA3,14.1,14.15,13.99,14.13,12.84,13922400
2024-01-15,BBDC4,15.75,15.89,15.65,15.87,12.77,11765400
2024-01-15,ITUB4,29.45,29.63,29.29,29.52,23.76,11169567
2024-01-15,MGLU3,20.4,20.49,19.69,20.31,19.53,12664864
2024-01-15,PETR4,37.99,38.62,37.86,38.58,27.42,13818300
2024-01-15,VALE3,71.22,71.7,70.7,71.55,56.28,12745700
2024-01-15,WEGE3,34.67,34.79,34.21,34.32,31.82,2592600
2024-01-16,ABEV3,13.44,13.52,13.34,13.35,11.74,24233000
2024-01-16,B3SA3,14.0,14.17,13.9,13.98,12.7,36138100
2024-01-16,BBDC4,15.87,15.88,15.63,15.73,12.66,48307800
2024-01-16,ITUB4,29.3,29.63,29.08,29.11,23.43,40226258
2024-01-16,MGLU3,19.86,19.95,18.8,19.42,18.68,29401893
2024-01-16,PETR4,38.61,38.79,38.08,38.1,27.07,31277700
2024-01-16,VALE3,71.6,71.79,70.26,70.62,55.55,22620300
2024-01-16,WEGE3,34.2,34.21,33.47,33.61,31.16,7196800
2024-01-17,ABEV3,13.33,13.51,13.33,13.43,11.81,12493800
2024-01-17,B3SA3,13.97,14.0,13.71,13.73,12.48,26273900
2024-01-17,BBDC4,15.71,15.89,15.66,15.76,12.68,35712900
2024-01-17,ITUB4,29.04,29.27,28.98,29.13,23.44,30594852
2024-01-17,MGLU3,19.33,19.69,18.88,19.15,18.42,13366829
2024-01-17,PETR4,37.97,38.15,37.82,37.88,26.92,27577300
2024-01-17,VALE3,70.27,70.46,69.0,69.35,54.55,43086400
2024-01-17,WEGE3,33.43,33.58,33.17,33.4,30.97,4706900
2024-01-18,ABEV3,13.42,13.42,13.25,13.34,11.73,18425500
2024-01-18,B3SA3,13.87,13.94,13.7,13.85,12.59,30560300
2024-01-18,BBDC4,15.82,15.82,15.46,15.67,12.61,42665600
2024-01-18,ITUB4,29.3,29.3,28.9,29.0,23.34,25613957
2024-01-18,MGLU3,19.42,19.69,17.73,17.82,17.13,27554543
2024-01-18,PETR4,38.14,38.14,37.56,37.73,26.81,22987200
2024-01-18,VALE3,70.2,70.4,69.0,69.0,54.28,30490600
2024-01-18,WEGE3,33.45,33.56,32.9,33.14,30.73,4085900
2024-01-19,ABEV3,13.41,13.42,13.26,13.35,11.74,28017100
2024-01-19,B3SA3,13.85,13.96,13.54,13.79,12.53,36625000
2024-01-19,BBDC4,15.7,15.77,15.44,15.64,12.59,61792500
2024-01-19,ITUB4,29.08,29.16,28.87,29.07,23.4,36066109
2024-01-19,MGLU3,17.99,18.35,17.28,18.08,17.39,20990742
2024-01-19,PETR4,37.81,37.9,37.23,37.53,26.67,31745200
2024-01-19,VALE3,69.5,69.51,68.05,68.1,53.57,60583000
2024-01-19,WEGE3,33.33,33.94,32.63,33.48,31.04,6901200
2024-01-22,ABEV3,13.38,13.45,13.23,13.36,11.75,16245600
2024-01-22,B3SA3,13.79,13.85,13.37,13.48,12.25,22740300
2024-01-22,BBDC4,15.65,15.77,15.32,15.46,12.44,30906700
2024-01-22,ITUB4,29.08,29.28,28.22,28.6,23.02,41153165
2024-01-22,MGLU3,18.26,18.35,17.19,17.37,16.71,16189534
2024-01-22,PETR4,37.5,37.81,37.23,37.7,26.79,22753700
2024-01-22,VALE3,67.5,67.98,67.11,67.8,53.33,23318900
2024-01-22,WEGE3,33.49,33.66,33.2,33.38,30.95,3767000
2024-01-23,ABEV3,13.39,13.43,13.23,13.37,11.76,16851900
2024-01-23,B3SA3,13.58,13.82,13.5,13.73,12.48,30925900
2024-01-23,BBDC4,15.55,15.56,15.33,15.38,12.38,37294600
2024-01-23,ITUB4,28.76,28.79,28.39,28.73,23.12,24343524
2024-01-23,MGLU3,17.55,17.9,17.19,17.28,16.62,12608251
2024-01-23,PETR4,37.84,38.37,37.43,38.17,27.12,32498500
2024-01-23,VALE3,68.95,69.77,68.45,69.2,54.43,33886800
2024-01-23,WEGE3,33.51,33.81,33.39,33.77,31.31,5512800
2024-01-24,ABEV3,13.44,13.44,13.19,13.28,11.68,16080200
2024-01-24,B3SA3,13.93,14.04,13.63,13.63,12.39,20000600
2024-01-24,BBDC4,15.44,15.54,15.25,15.32,12.33,36308700
2024-01-24,ITUB4,28.87,29.19,28.52,28.6,23.02,26632184
2024-01-24,MGLU3,17.64,17.99,16.92,17.1,16.45,15006565
2024-01-24,PETR4,38.29,38.54,37.77,37.88,26.92,25415300
2024-01-24,VALE3,70.3,70.83,69.75,69.9,54.99,36922100
2024-01-24,WEGE3,33.95,33.95,33.36,33.47,31.03,6881200
2024-01-25,ABEV3,13.22,13.28,13.14,13.2,11.61,12841800
2024-01-25,B3SA3,13.63,13.75,13.42,13.43,12.2,24605800
2024-01-25,BBDC4,15.34,15.45,15.3,15.36,12.36,30256900
2024-01-25,ITUB4,28.76,28.83,28.46,28.53,22.97,17399934
2024-01-25,MGLU3,17.28,18.71,17.1,18.44,17.73,19449111
2024-01-25,PETR4,38.26,39.28,38.13,39.28,27.91,48655300
2024-01-25,VALE3,70.0,70.41,67.36,68.18,53.63,47637000
2024-01-25,WEGE3,33.48,33.61,33.21,33.25,30.83,4835300
2024-01-26,ABEV3,13.26,13.29,13.15,13.2,11.61,6568000
2024-01-26,B3SA3,13.24,13.42,13.18,13.22,12.01,36744500
2024-01-26,BBDC4,15.4,15.62,15.35,15.52,12.49,22825700
2024-01-26,ITUB4,28.58,29.05,28.55,28.96,23.31,16393377
2024-01-26,MGLU3,18.62,18.71,17.99,18.53,17.82,15154277
2024-01-26,PETR4,39.1,40.09,38.91,39.96,28.4,41378200
2024-01-26,VALE3,67.9,69.81,67.5,69.5,54.67,27397200
2024-01-26,WEGE3,33.4,33.5,33.04,33.17,30.76,3828900
2024-01-29,ABEV3,13.16,13.29,13.12,13.25,11.65,10163100
2024-01-29,B3SA3,13.25,13.32,13.09,13.21,12.0,19832000
2024-01-29,BBDC4,15.5,15.52,15.34,15.38,12.38,17302700
2024-01-29,ITUB4,28.87,29.02,28.64,28.81,23.19,9956124
2024-01-29,MGLU3,19.95,20.31,18.44,18.44,17.73,25376047
2024-01-29,PETR4,40.0,40.59,39.83,40.57,28.83,30547500
2024-01-29,VALE3,69.49,69.49,68.23,69.17,54.41,15866100
2024-01-29,WEGE3,33.15,33.77,33.12,33.25,30.83,4135300
2024-01-30,ABEV3,13.22,13.25,13.03,13.04,11.47,22516400
2024-01-30,B3SA3,13.26,13.26,12.93,13.0,11.81,31869100
2024-01-30,BBDC4,15.4,15.51,15.27,15.27,12.29,35419800
2024-01-30,ITUB4,28.75,28.9,28.53,28.62,23.04,23823364
2024-01-30,MGLU3,18.35,18.97,17.64,17.64,16.96,16190825
2024-01-30,PETR4,40.17,40.74,40.05,40.32,28.65,34829000
2024-01-30,VALE3,69.4,69.6,67.89,68.78,54.1,34371300
2024-01-30,WEGE3,33.3,33.47,32.75,32.99,30.59,4833100
2024-01-31,ABEV3,13.08,13.22,13.03,13.08,11.5,25269100
2024-01-31,B3SA3,13.02,13.36,13.01,13.09,11.9,29470800
2024-01-31,BBDC4,15.25,15.59,15.22,15.35,12.35,32956700
2024-01-31,ITUB4,28.67,29.42,28.66,28.93,23.29,27023862
2024-01-31,MGLU3,17.82,19.33,17.73,18.71,17.99,22174586
2024-01-31,PETR4,40.23,41.24,40.18,40.76,28.97,57978900
2024-01-31,VALE3,68.1,68.58,67.76,67.76,53.3,34753400
2024-01-31,WEGE3,33.0,33.19,32.25,32.34,29.99,6014500
2024-02-01,ABEV3,13.07,13.11,12.9,13.07,11.49,27075000
2024-02-01,B3SA3,13.11,13.29,12.98,13.29,12.08,38297200
2024-02-01,BBDC4,15.4,15.45,15.12,15.32,12.33,32717300
2024-02-01,ITUB4,28.93,29.18,28.46,28.85,23.23,26301462
2024-02-01,MGLU3,20.1,20.19,19.14,19.62,18.87,12561643
2024-02-01,PETR4,40.78,41.88,40.67,41.57,29.54,61629200
2024-02-01,VALE3,67.87,68.27,67.15,67.45,53.06,21060300
2024-02-01,WEGE3,32.37,33.22,32.09,32.63,30.26,9860000
2024-02-02,ABEV3,13.08,13.2,12.96,13.07,11.49,22938800
2024-02-02,B3SA3,13.26,13.37,12.98,13.17,11.97,52712700
2024-02-02,BBDC4,15.3,15.43,15.07,15.32,12.34,41476600
2024-02-02,ITUB4,28.91,29.03,28.41,28.9,23.27,25338865
2024-02-02,MGLU3,19.62,19.9,18.76,18.76,18.04,13807195
2024-02-02,PETR4,41.58,41.78,41.02,41.03,29.16,36485600
2024-02-02,VALE3,67.26,67.27,65.91,66.08,51.98,32589900
2024-02-02,WEGE3,32.64,32.99,32.25,32.59,30.22,6217700
2024-02-05,ABEV3,13.08,13.19,13.04,13.09,11.51,16606500
2024-02-05,B3SA3,13.17,13.26,12.96,13.07,11.88,23037300
2024-02-05,BBDC4,15.32,15.67,15.32,15.63,12.59,31582200
2024-02-05,ITUB4,29.02,29.45,28.95,29.44,23.71,21139400
2024-02-05,MGLU3,18.67,19.05,18.1,18.57,17.86,13511074
2024-02-05,PETR4,41.01,41.68,40.93,41.21,29.28,27703000
2024-02-05,VALE3,65.9,66.2,65.35,65.51,51.53,24103300
2024-02-05,WEGE3,32.59,33.42,32.5,33.26,30.84,7346000
2024-02-06,ABEV3,13.07,13.3,13.07,13.23,11.63,29715800
2024-02-06,B3SA3,13.1,13.38,13.08,13.21,12.0,39654300
2024-02-06,BBDC4,15.79,16.64,15.69,16.6,13.37,99040100
2024-02-06,ITUB4,29.62,30.78,29.37,30.71,24.73,76215210
2024-02-06,MGLU3,18.76,19.62,18.67,19.52,18.78,12891669
2024-02-06,PETR4,41.45,42.35,41.27,41.59,29.55,35474600
2024-02-06,VALE3,66.07,66.91,65.78,66.67,52.44,27505600
2024-02-06,WEGE3,33.35,33.68,32.9,33.24,30.82,5566400
2024-02-07,ABEV3,13.25,13.31,12.93,13.0,11.43,37752200
2024-02-07,B3SA3,13.21,13.43,13.04,13.43,12.2,31385600
2024-02-07,BBDC4,15.35,15.58,13.87,13.96,11.25,341120300
2024-02-07,ITUB4,30.45,30.78,30.1,30.49,24.55,53422083
2024-02-07,MGLU3,19.33,19.9,19.05,19.81,19.05,12581887
2024-02-07,PETR4,41.52,42.2,41.42,42.2,29.99,30648100
2024-02-07,VALE3,66.82,67.06,66.5,66.8,52.55,19863400
2024-02-07,WEGE3,33.37,33.9,33.22,33.63,31.18,4950400
2024-02-08,ABEV3,12.96,13.04,12.9,12.95,11.39,23297000
2024-02-08,B3SA3,13.49,13.5,13.12,13.16,11.96,30911000
2024-02-08,BBDC4,13.88,14.07,13.36,13.56,10.93,156143100
2024-02-08,ITUB4,30.39,30.75,29.89,29.89,24.07,55241227
2024-02-08,MGLU3,19.52,20.0,18.76,19.71,18.96,16245862
2024-02-08,PETR4,42.3,42.45,41.86,41.86,29.75,25589100
2024-02-08,VALE3,67.49,67.49,65.97,66.21,52.08,25812100
2024-02-08,WEGE3,33.45,33.86,33.35,33.8,31.34,5247100
2024-02-09,ABEV3,12.92,12.98,12.81,12.95,11.39,15447300
2024-02-09,B3SA3,13.11,13.33,13.07,13.24,12.03,76235100
2024-02-09,BBDC4,13.66,13.75,13.18,13.46,10.85,99727200
2024-02-09,ITUB4,29.9,30.37,29.78,30.26,24.37,30560069
2024-02-09,MGLU3,19.71,20.38,19.52,19.81,19.05,17307412
2024-02-09,PETR4,42.14,42.33,41.3,41.3,29.35,30388000
2024-02-09,VALE3,66.1,66.59,65.38,65.92,51.85,18534800
2024-02-09,WEGE3,33.79,33.8,33.27,33.37,30.94,4039600
2024-02-14,ABEV3,12.88,12.94,12.82,12.92,11.36,16255700
2024-02-14,B3SA3,13.1,13.19,12.83,12.86,11.69,37596000
2024-02-14,BBDC4,13.42,13.54,13.22,13.37,10.77,46804300
2024-02-14,ITUB4,30.19,30.4,30.11,30.26,24.37,14313415
2024-02-14,MGLU3,19.62,19.9,19.14,19.24,18.5,9962284
2024-02-14,PETR4,41.1,41.4,40.86,40.99,29.13,18315300
2024-02-14,VALE3,65.99,66.14,65.51,65.72,51.7,12497900
2024-02-14,WEGE3,33.37,33.76,33.29,33.53,31.09,4030600
2024-02-15,ABEV3,12.93,13.02,12.84,12.85,11.3,27820200
2024-02-15,B3SA3,12.97,12.97,12.66,12.69,11.53,44655800
2024-02-15,BBDC4,13.46,13.63,13.38,13.43,10.82,49860300
2024-02-15,ITUB4,30.34,30.56,30.13,30.52,24.58,32298657
2024-02-15,MGLU3,19.24,19.81,18.86,19.62,18.87,20078562
2024-02-15,PETR4,41.01,42.3,40.85,42.3,30.06,33246400
2024-02-15,VALE3,65.5,65.87,65.04,65.51,51.53,17360200
2024-02-15,WEGE3,33.7,33.87,33.03,33.21,30.79,4843200
2024-02-16,ABEV3,12.9,12.9,12.75,12.76,11.22,21074800
2024-02-16,B3SA3,12.75,12.79,12.6,12.73,11.57,66965300
2024-02-16,BBDC4,13.52,13.62,13.35,13.48,10.86,55291600
2024-02-16,ITUB4,30.61,30.71,30.26,30.49,24.55,25879532
2024-02-16,MGLU3,19.71,19.9,19.24,19.43,18.69,11536843
2024-02-16,PETR4,42.09,42.89,42.06,42.69,30.34,37268900
2024-02-16,VALE3,66.49,68.32,66.34,68.0,53.49,40947100
2024-02-16,WEGE3,33.4,33.57,33.15,33.4,30.97,6446000
2024-02-19,ABEV3,12.77,12.81,12.65,12.81,11.26,9229700
2024-02-19,B3SA3,12.71,12.77,12.57,12.69,11.53,14486700
2024-02-19,BBDC4,13.5,13.7,13.39,13.65,11.0,28026600
2024-02-19,ITUB4,30.52,30.84,30.49,30.82,24.82,32035461
2024-02-19,MGLU3,19.33,20.0,19.24,19.9,19.14,7997419
2024-02-19,PETR4,42.76,42.94,42.56,42.9,30.49,12826700
2024-02-19,VALE3,67.04,67.59,66.64,67.49,53.09,12571600
2024-02-19,WEGE3,33.33,33.49,33.05,33.49,31.05,2780000
2024-02-20,ABEV3,12.81,13.09,12.78,12.85,11.3,26872100
2024-02-20,B3SA3,12.61,12.99,12.61,12.94,11.76,47432000
2024-02-20,BBDC4,13.7,14.02,13.63,13.97,11.26,85230500
2024-02-20,ITUB4,30.79,31.73,30.79,31.49,25.36,62343778
2024-02-20,MGLU3,19.52,20.19,19.14,19.24,18.5,17973270
2024-02-20,PETR4,42.77,42.82,42.1,42.45,30.17,42375400
2024-02-20,VALE3,66.15,66.36,65.19,66.01,51.93,44417200
2024-02-20,WEGE3,33.44,34.41,33.26,34.27,31.78,8284100
2024-02-21,ABEV3,12.84,12.92,12.75,12.9,11.34,13911900
2024-02-21,B3SA3,12.9,12.94,12.74,12.81,11.64,36621400
2024-02-21,BBDC4,14.0,14.01,13.78,13.92,11.22,43236100
2024-02-21,ITUB4,31.47,31.62,31.32,31.32,25.22,32185244
2024-02-21,MGLU3,19.24,19.33,18.57,18.67,17.95,32031888
2024-02-21,PETR4,42.45,42.72,42.13,42.51,30.21,20873800
2024-02-21,VALE3,65.62,66.63,65.6,66.51,52.32,20362800
2024-02-21,WEGE3,35.86,36.63,35.51,36.63,33.96,23108000
2024-02-22,ABEV3,12.93,13.01,12.86,12.96,11.4,16110800
2024-02-22,B3SA3,12.93,12.93,12.64,12.65,11.5,27702400
2024-02-22,BBDC4,13.96,14.11,13.91,14.0,11.28,42741200
2024-02-22,ITUB4,30.63,30.65,30.15,30.15,25.07,24314973
2024-02-22,MGLU3,18.95,20.1,18.86,20.1,19.33,23587200
2024-02-22,PETR4,42.67,42.68,41.8,42.19,29.98,32162800
2024-02-22,VALE3,66.84,67.8,66.8,67.22,52.88,35910500
2024-02-22,WEGE3,36.55,36.79,34.94,35.47,32.89,12996800
2024-02-23,ABEV3,13.0,13.01,12.82,12.89,11.33,18944400
2024-02-23,B3SA3,12.61,12.73,12.11,12.45,11.31,62080800
2024-02-23,BBDC4,14.03,14.1,13.77,13.82,11.14,34751100
2024-02-23,ITUB4,30.19,30.34,29.89,30.24,25.15,25725331
2024-02-23,MGLU3,20.1,20.48,19.52,20.48,19.69,11444947
2024-02-23,PETR4,42.14,42.24,41.61,41.9,29.78,43924500
2024-02-23,VALE3,68.25,69.07,67.24,67.38,53.0,42133700
2024-02-23,WEGE3,35.5,36.38,35.38,35.98,33.36,8754900
2024-02-26,ABEV3,12.83,13.1,12.83,13.04,11.47,12942000
2024-02-26,B3SA3,12.45,12.58,12.43,12.48,11.34,31223700
2024-02-26,BBDC4,13.85,13.85,13.66,13.8,11.12,21888800
2024-02-26,ITUB4,30.26,30.4,30.15,30.33,25.22,15356342
2024-02-26,MGLU3,20.48,20.95,19.9,20.1,19.33,10020654
2024-02-26,PETR4,41.9,42.73,41.83,42.69,30.34,25885700
2024-02-26,VALE3,66.54,66.55,65.45,65.75,51.72,33864400
2024-02-26,WEGE3,35.87,36.89,35.66,36.57,34.19,8763800
2024-02-27,ABEV3,13.11,13.33,13.07,13.31,11.7,31668800
2024-02-27,B3SA3,12.67,12.81,12.57,12.75,11.59,42297000
2024-02-27,BBDC4,13.9,14.14,13.82,14.02,11.3,45546800
2024-02-27,ITUB4,30.56,30.76,30.36,30.7,25.53,17802262
2024-02-27,MGLU3,20.29,20.95,20.29,20.95,20.15,11424630
2024-02-27,PETR4,42.7,42.82,42.38,42.63,30.29,27678100
2024-02-27,VALE3,66.5,67.67,66.36,67.48,53.08,28141800
2024-02-27,WEGE3,36.62,37.08,36.25,36.96,34.56,5350600
2024-02-28,ABEV3,13.27,13.59,13.26,13.45,11.83,34495200
2024-02-28,B3SA3,12.59,12.65,12.37,12.58,11.49,25756200
2024-02-28,BBDC4,13.99,14.1,13.88,13.96,11.25,22066700
2024-02-28,ITUB4,30.63,30.79,30.41,30.71,25.54,15121697
2024-02-28,MGLU3,20.76,21.14,20.29,20.67,19.88,9339676
2024-02-28,PETR4,42.52,42.94,39.83,40.43,28.73,112322000
2024-02-28,VALE3,66.8,67.22,66.33,66.74,52.5,20331500
2024-02-28,WEGE3,36.9,37.05,36.61,36.91,34.51,3790300
2024-02-29,ABEV3,12.92,12.99,12.4,12.58,11.06,88182100
2024-02-29,B3SA3,12.56,12.89,12.49,12.83,11.72,68497700
2024-02-29,BBDC4,13.93,13.95,13.57,13.75,11.08,62632200
2024-02-29,ITUB4,30.6,30.67,29.78,29.96,24.91,48078175
2024-02-29,MGLU3,20.48,20.86,20.29,20.29,19.51,7947019
2024-02-29,PETR4,40.59,41.24,39.85,40.14,28.52,61899800
2024-02-29,VALE3,66.55,67.48,66.49,66.99,52.7,20717000
2024-02-29,WEGE3,36.76,37.09,36.57,36.69,34.3,7661800
2024-03-01,ABEV3,12.46,12.67,12.3,12.44,10.94,51174000
2024-03-01,B3SA3,12.52,12.76,12.42,12.42,11.35,69636300
2024-03-01,BBDC4,13.79,13.86,13.69,13.8,11.12,29511700
2024-03-01,ITUB4,30.11,30.25,29.93,30.07,25.02,16520612
2024-03-01,MGLU3,20.48,21.43,20.29,21.14,20.33,11805034
2024-03-01,PETR4,40.35,40.85,40.14,40.18,28.55,31248500
2024-03-01,VALE3,66.89,67.06,66.37,66.88,52.61,22423300
2024-03-01,WEGE3,36.78,37.58,36.77,37.29,34.87,6122500
2024-03-04,ABEV3,12.45,12.57,12.41,12.48,10.97,16560500
2024-03-04,B3SA3,12.42,12.44,12.26,12.3,11.24,32530100
2024-03-04,BBDC4,13.78,13.83,13.63,13.65,11.01,31807800
2024-03-04,ITUB4,30.08,30.19,29.84,29.84,24.83,17674233
2024-03-04,MGLU3,21.05,21.33,20.0,20.29,19.51,11455132
2024-03-04,PETR4,40.27,40.75,40.02,40.08,28.48,21988000
2024-03-04,VALE3,66.95,67.2,66.39,66.73,52.49,13148000
2024-03-04,WEGE3,37.22,37.43,36.67,37.14,34.72,4485100
2024-03-05,ABEV3,12.53,12.83,12.45,12.75,11.21,33369400
2024-03-05,B3SA3,12.39,12.41,12.11,12.19,11.14,41616100
2024-03-05,BBDC4,13.66,13.81,13.58,13.72,11.07,31456000
2024-03-05,ITUB4,29.94,30.04,29.66,29.81,24.81,20542423
2024-03-05,MGLU3,20.1,20.76,20.1,20.19,19.42,8675562
2024-03-05,PETR4,40.1,40.37,39.61,39.96,28.4,30293300
2024-03-05,VALE3,66.0,66.29,65.6,65.85,51.8,24436500
2024-03-05,WEGE3,37.14,37.55,36.92,37.43,35.0,6135700
2024-03-06,ABEV3,12.8,12.98,12.57,12.69,11.16,45103900
2024-03-06,B3SA3,12.28,12.36,12.14,12.25,11.19,64366000
2024-03-06,BBDC4,13.8,14.01,13.75,13.82,11.15,31614900
2024-03-06,ITUB4,29.97,30.26,29.8,30.14,25.08,36605983
2024-03-06,MGLU3,20.48,20.57,19.33,19.62,18.87,12725790
2024-03-06,PETR4,40.2,40.84,40.11,40.84,29.02,45481000
2024-03-06,VALE3,66.22,67.08,66.17,66.75,52.51,33510700
2024-03-06,WEGE3,37.4,37.54,37.03,37.13,34.72,4409400
2024-03-07,ABEV3,12.63,12.73,12.52,12.65,11.12,12954500
2024-03-07,B3SA3,12.24,12.4,12.11,12.32,11.26,43360500
2024-03-07,BBDC4,13.83,13.87,13.7,13.76,11.1,21462000
2024-03-07,ITUB4,30.05,30.31,29.57,29.82,24.82,18729056
2024-03-07,MGLU3,19.71,19.81,19.33,19.43,18.69,5699662
2024-03-07,PETR4,40.64,40.94,40.28,40.39,28.7,50199800
2024-03-07,VALE3,67.46,67.66,66.46,66.52,52.33,19036200
2024-03-07,WEGE3,37.0,37.11,36.52,36.9,34.5,3489600
2024-03-08,ABEV3,12.55,12.92,12.55,12.84,11.29,54292500
2024-03-08,B3SA3,12.23,12.57,12.18,12.46,11.38,62540000
2024-03-08,BBDC4,13.74,13.96,13.67,13.84,11.17,31663900
2024-03-08,ITUB4,29.73,30.24,29.7,30.1,25.04,19630131
2024-03-08,MGLU3,19.24,19.71,19.14,19.52,18.78,5917737
2024-03-08,PETR4,35.9,37.06,35.1,36.7,26.08,230369800
2024-03-08,VALE3,66.2,66.98,65.9,66.01,51.93,23188200
2024-03-08,WEGE3,36.85,37.14,36.56,36.92,34.52,2724400
2024-03-11,ABEV3,12.77,12.9,12.68,12.8,11.25,20348100
2024-03-11,B3SA3,12.36,12.72,12.36,12.58,11.49,34745900
2024-03-11,BBDC4,13.81,13.97,13.78,13.92,11.23,27118300
2024-03-11,ITUB4,30.02,30.25,30.0,30.25,25.17,22865412
2024-03-11,MGLU3,19.43,19.62,19.05,19.05,18.32,6105981
2024-03-11,PETR4,35.67,37.74,35.3,35.65,25.33,127528700
2024-03-11,VALE3,64.78,64.78,63.72,63.96,50.31,58622400
2024-03-11,WEGE3,36.68,37.33,36.65,37.16,34.74,3755200
2024-03-12,ABEV3,12.83,12.9,12.76,12.84,11.29,25358500
2024-03-12,B3SA3,12.74,12.9,12.64,12.82,11.71,44590800
2024-03-12,BBDC4,13.95,14.16,13.91,14.09,11.37,42760600
2024-03-12,ITUB4,30.41,30.55,30.12,30.37,25.27,24434504
2024-03-12,MGLU3,19.33,19.52,18.86,19.24,18.5,8540280
2024-03-12,PETR4,36.35,37.23,36.16,36.82,26.17,76139100
2024-03-12,VALE3,62.36,62.57,60.66,60.84,50.0,44680100
2024-03-12,WEGE3,37.22,37.88,37.15,37.61,35.16,5878500
2024-03-13,ABEV3,12.82,12.91,12.7,12.75,11.21,24872300
2024-03-13,B3SA3,12.74,12.96,12.73,12.76,11.66,32177000
2024-03-13,BBDC4,14.09,14.4,14.08,14.24,11.49,25253000
2024-03-13,ITUB4,30.28,30.82,30.19,30.67,25.52,30214957
2024-03-13,MGLU3,19.24,19.81,18.86,19.33,18.59,8459724
2024-03-13,PETR4,36.9,37.33,36.31,36.38,25.85,45140600
2024-03-13,VALE3,60.6,61.39,60.29,61.23,50.32,32769200
2024-03-13,WEGE3,37.55,38.16,37.5,38.02,35.55,4603100
2024-03-14,ABEV3,12.74,12.81,12.67,12.8,11.25,27666100
2024-03-14,B3SA3,12.71,12.76,12.41,12.51,11.43,39623100
2024-03-14,BBDC4,14.24,14.39,14.18,14.33,11.56,41564200
2024-03-14,ITUB4,30.71,30.83,30.49,30.65,25.51,32383745
2024-03-14,MGLU3,19.52,19.71,18.95,19.14,18.41,8419960
2024-03-14,PETR4,36.74,36.92,36.15,36.22,25.74,39983400
2024-03-14,VALE3,61.1,61.14,60.17,60.45,49.68,30085800
2024-03-14,WEGE3,37.69,38.05,37.59,37.79,35.33,4046200
2024-03-15,ABEV3,12.86,12.86,12.61,12.63,11.11,36174000
2024-03-15,B3SA3,12.47,12.59,12.31,12.33,11.26,46402500
2024-03-15,BBDC4,14.34,14.39,14.1,14.11,11.38,30908700
2024-03-15,ITUB4,30.78,30.8,30.36,30.49,25.37,42577460
2024-03-15,MGLU3,19.24,19.24,18.48,18.67,17.95,14906923
2024-03-15,PETR4,36.3,36.45,35.94,36.32,25.81,59362500
2024-03-15,VALE3,60.1,60.24,59.36,59.76,49.11,57064200
2024-03-15,WEGE3,38.16,38.83,37.55,38.0,35.53,9875600
2024-03-18,ABEV3,12.65,12.68,12.54,12.63,11.11,24187500
2024-03-18,B3SA3,12.37,12.49,12.24,12.36,11.29,17929500
2024-03-18,BBDC4,14.2,14.27,14.12,14.2,11.46,15035500
2024-03-18,ITUB4,30.6,30.85,30.34,30.61,25.47,14672010
2024-03-18,MGLU3,18.95,20.1,18.86,20.0,19.24,22236553
2024-03-18,PETR4,36.41,36.72,35.5,36.34,25.82,35326100
2024-03-18,VALE3,60.49,61.0,60.01,60.9,50.05,21371000
2024-03-18,WEGE3,37.95,38.16,37.68,38.0,35.53,5536500
2024-03-19,ABEV3,12.63,12.69,12.47,12.54,11.03,26464600
2024-03-19,B3SA3,12.4,12.46,12.18,12.31,11.25,21266300
2024-03-19,BBDC4,14.25,14.3,14.08,14.12,11.39,16792800
2024-03-19,ITUB4,30.68,30.76,30.57,30.65,25.51,11934228
2024-03-19,MGLU3,20.57,20.95,18.57,18.76,18.04,40727757
2024-03-19,PETR4,36.39,36.85,35.56,36.07,25.63,48540800
2024-03-19,VALE3,61.73,62.05,61.3,61.4,50.46,16888900
2024-03-19,WEGE3,38.1,38.94,38.02,38.76,36.24,8934600
2024-03-20,ABEV3,12.53,12.59,12.37,12.54,11.03,48407800
2024-03-20,B3SA3,12.31,12.83,12.28,12.75,11.65,30160800
2024-03-20,BBDC4,14.13,14.32,14.1,14.3,11.54,35020600
2024-03-20,ITUB4,30.65,30.89,30.5,30.71,25.56,19759180
2024-03-20,MGLU3,19.05,19.81,18.57,19.52,18.78,22099297
2024-03-20,PETR4,36.23,36.74,35.81,36.7,26.08,39017900
2024-03-20,VALE3,61.41,61.82,60.92,61.81,50.8,18210000
2024-03-20,WEGE3,38.91,38.97,38.6,38.83,36.3,4640600
2024-03-21,ABEV3,12.52,12.61,12.44,12.61,11.09,29217300
2024-03-21,B3SA3,12.77,12.78,12.4,12.4,11.33,34768100
2024-03-21,BBDC4,14.3,14.31,14.11,14.14,11.41,19771200
2024-03-21,ITUB4,30.71,30.83,30.25,30.4,25.29,38034356
2024-03-21,MGLU3,19.43,19.52,18.67,18.95,18.23,13328920
2024-03-21,PETR4,36.85,37.06,35.68,35.7,25.37,47220200
2024-03-21,VALE3,62.43,62.63,61.59,61.66,50.67,18445500
2024-03-21,WEGE3,38.79,39.87,38.75,39.43,36.87,9309100
2024-03-22,ABEV3,12.56,12.57,12.37,12.41,10.91,18151900
2024-03-22,B3SA3,12.24,12.33,12.0,12.0,10.96,60130400
2024-03-22,BBDC4,14.13,14.16,13.86,13.96,11.26,28438800
2024-03-22,ITUB4,30.1,30.19,29.66,29.76,24.94,13144839
2024-03-22,MGLU3,18.67,18.76,17.24,18.29,17.59,22430100
2024-03-22,PETR4,35.9,36.22,35.43,36.05,25.62,34426800
2024-03-22,VALE3,61.5,61.56,60.93,60.95,50.09,11058400
2024-03-22,WEGE3,39.39,40.02,39.31,39.74,37.16,5473300
2024-03-25,ABEV3,12.4,12.5,12.23,12.23,10.75,21593700
2024-03-25,B3SA3,11.98,12.11,11.9,11.9,10.87,43172300
2024-03-25,BBDC4,13.94,14.07,13.84,13.94,11.25,31920500
2024-03-25,ITUB4,29.69,29.78,29.61,29.76,24.94,13844693
2024-03-25,MGLU3,18.29,18.48,17.62,18.19,17.49,16300588
2024-03-25,PETR4,36.18,36.83,36.16,36.6,26.01,26951500
2024-03-25,VALE3,61.02,61.32,60.65,60.82,49.98,10478200
2024-03-25,WEGE3,39.56,39.68,38.98,39.04,36.55,3554400
2024-03-26,ABEV3,12.2,12.49,12.17,12.41,10.91,32319600
2024-03-26,B3SA3,11.9,12.08,11.83,11.9,10.87,54494400
2024-03-26,BBDC4,13.91,14.2,13.89,14.14,11.41,19219400
2024-03-26,ITUB4,29.73,30.35,29.64,30.35,25.43,19262812
2024-03-26,MGLU3,18.1,18.19,16.95,16.95,16.3,16824297
2024-03-26,PETR4,36.67,36.67,36.17,36.26,25.77,24837800
2024-03-26,VALE3,60.31,60.52,59.59,60.05,49.35,27142700
2024-03-26,WEGE3,38.94,39.38,38.66,38.78,36.31,7648500
2024-03-27,ABEV3,12.36,12.45,12.3,12.45,10.95,26211600
2024-03-27,B3SA3,11.82,12.02,11.78,12.02,11.03,22829000
2024-03-27,BBDC4,14.14,14.46,14.03,14.36,11.59,35882600
2024-03-27,ITUB4,30.27,30.61,30.14,30.52,25.58,19398772
2024-03-27,MGLU3,16.95,17.43,16.38,17.33,16.67,14986461
2024-03-27,PETR4,36.28,36.66,36.12,36.55,25.97,19995700
2024-03-27,VALE3,59.8,60.67,59.69,60.6,49.8,23927000
2024-03-27,WEGE3,38.76,38.93,38.24,38.55,36.1,4968600
2024-03-28,ABEV3,12.38,12.55,12.36,12.49,10.98,44405600
2024-03-28,B3SA3,11.98,12.13,11.93,11.99,11.0,20303900
2024-03-28,BBDC4,14.36,14.48,14.22,14.26,11.51,25925000
2024-03-28,ITUB4,30.51,30.71,30.35,30.57,25.62,18913508
2024-03-28,MGLU3,17.24,17.62,17.05,17.14,16.49,10956309
2024-03-28,PETR4,36.5,37.52,36.47,37.36,26.55,31958200
2024-03-28,VALE3,60.62,61.09,60.07,60.83,49.99,18467000
2024-03-28,WEGE3,38.49,38.72,38.06,38.2,35.77,5257500
2024-04-01,ABEV3,12.5,12.54,12.27,12.33,10.84,21031000
2024-04-01,B3SA3,12.06,12.11,11.73,11.77,10.8,48653200
2024-04-01,BBDC4,14.36,14.39,14.04,14.13,11.4,24308100
2024-04-01,ITUB4,30.52,30.71,29.51,29.51,24.74,35605204
2024-04-01,MGLU3,17.24,17.43,16.76,16.95,16.3,4991521
2024-04-01,PETR4,37.5,37.71,37.21,37.65,26.76,23697800
2024-04-01,VALE3,61.6,61.9,61.0,61.22,50.31,16740100
2024-04-01,WEGE3,38.2,38.34,37.57,37.99,35.57,6335000
2024-04-02,ABEV3,12.34,12.42,12.27,12.27,10.79,19115800
2024-04-02,B3SA3,11.82,11.85,11.62,11.73,10.76,61624700
2024-04-02,BBDC4,14.11,14.31,14.05,14.19,11.46,24862500
2024-04-02,ITUB4,29.52,29.62,29.25,29.55,24.77,20491664
2024-04-02,MGLU3,16.86,16.95,16.38,16.57,15.94,7310845
2024-04-02,PETR4,37.82,38.65,37.77,38.62,27.44,45930700
2024-04-02,VALE3,61.37,62.47,61.3,61.94,50.9,22583000
2024-04-02,WEGE3,37.86,38.31,37.8,38.17,35.74,5312400
2024-04-03,ABEV3,12.25,12.51,12.13,12.45,10.95,36137900
2024-04-03,B3SA3,11.76,11.78,11.51,11.7,10.74,61062600
2024-04-03,BBDC4,14.2,14.58,14.09,14.47,11.69,50953400
2024-04-03,ITUB4,29.51,29.64,29.14,29.33,24.59,33775409
2024-04-03,MGLU3,16.48,16.57,15.62,16.1,15.48,16873636
2024-04-03,PETR4,38.7,39.01,38.22,38.42,27.3,31437200
2024-04-03,VALE3,61.37,61.64,60.55,61.05,50.17,22319900
2024-04-03,WEGE3,38.22,38.46,37.68,37.89,35.48,7117600
2024-04-04,ABEV3,12.47,12.7,12.46,12.47,10.96,31881300
2024-04-04,B3SA3,11.99,12.24,11.91,11.96,10.97,72579200
2024-04-04,BBDC4,14.52,14.88,14.52,14.56,11.76,53741700
2024-04-04,ITUB4,29.45,29.74,28.78,28.94,24.26,54117291
2024-04-04,MGLU3,16.29,17.52,16.19,16.86,16.21,16717396
2024-04-04,PETR4,38.47,39.48,37.43,37.98,26.99,165566800
2024-04-04,VALE3,60.9,61.29,60.17,60.37,49.61,22990500
2024-04-04,WEGE3,37.89,38.67,37.82,38.1,35.67,4821600
2024-04-05,ABEV3,12.52,12.55,12.04,12.23,10.75,71144500
2024-04-05,B3SA3,12.13,12.2,11.91,12.0,11.01,45683100
2024-04-05,BBDC4,14.58,14.64,14.41,14.52,11.73,18774100
2024-04-05,ITUB4,28.95,29.12,28.71,28.89,24.22,28261098
2024-04-05,MGLU3,16.76,16.86,16.1,16.29,15.66,9715209
2024-04-05,PETR4,37.9,38.57,37.17,38.1,27.07,65469200
2024-04-05,VALE3,60.28,60.48,59.61,59.71,49.07,15379000
2024-04-05,WEGE3,37.92,38.2,37.82,37.99,35.57,4478300
2024-04-08,ABEV3,12.22,12.27,12.12,12.17,10.7,18919200
2024-04-08,B3SA3,12.15,12.2,12.0,12.13,11.13,33474500
2024-04-08,BBDC4,14.56,14.78,14.53,14.62,11.81,23453800
2024-04-08,ITUB4,29.09,29.59,29.03,29.32,24.58,19296916
2024-04-08,MGLU3,16.29,17.33,16.29,16.95,16.3,10744660
2024-04-08,PETR4,38.03,39.06,37.73,38.63,27.45,36384400
2024-04-08,VALE3,61.1,63.13,60.8,62.97,51.75,40281300
2024-04-08,WEGE3,37.95,38.35,37.74,38.2,35.77,3081900
2024-04-09,ABEV3,12.21,12.42,12.18,12.36,10.87,23795200
2024-04-09,B3SA3,12.13,12.41,11.98,12.39,11.37,37588600
2024-04-09,BBDC4,14.67,14.81,14.62,14.71,11.88,23248900
2024-04-09,ITUB4,29.46,29.68,29.37,29.63,24.84,20178616
2024-04-09,MGLU3,17.05,17.43,16.76,17.33,16.67,7233240
2024-04-09,PETR4,38.9,39.14,38.06,38.73,27.52,36989300
2024-04-09,VALE3,63.63,63.87,62.01,62.55,51.4,37026100
2024-04-09,WEGE3,38.16,38.9,38.11,38.8,36.33,3764800
2024-04-10,ABEV3,12.27,12.38,12.1,12.1,10.64,23028800
2024-04-10,B3SA3,12.29,12.32,11.9,11.96,10.97,50523500
2024-04-10,BBDC4,14.68,14.71,14.36,14.4,11.63,28689800
2024-04-10,ITUB4,29.52,29.57,28.84,29.0,24.32,31255391
2024-04-10,MGLU3,16.95,17.14,16.57,16.86,16.21,9249072
2024-04-10,PETR4,38.73,39.73,38.66,39.59,28.13,55821500
2024-04-10,VALE3,62.33,62.45,61.43,61.6,50.62,21206800
2024-04-10,WEGE3,38.7,39.21,38.31,38.4,35.96,7144900
2024-04-11,ABEV3,12.1,12.31,12.07,12.2,10.73,21019300
2024-04-11,B3SA3,11.94,12.06,11.83,11.98,10.99,37532200
2024-04-11,BBDC4,14.36,14.44,14.23,14.39,11.63,20195300
2024-04-11,ITUB4,28.88,29.06,28.73,28.95,24.27,20688126
2024-04-11,MGLU3,16.76,17.14,16.29,16.48,15.85,10383796
2024-04-11,PETR4,39.6,39.76,39.2,39.3,27.93,33195300
2024-04-11,VALE3,61.79,62.11,61.33,61.86,50.84,16338700
2024-04-11,WEGE3,38.22,38.74,38.04,38.24,35.81,4135800
2024-04-12,ABEV3,12.16,12.21,12.05,12.12,10.66,16269700
2024-04-12,B3SA3,11.91,11.99,11.71,11.71,10.75,38489000
2024-04-12,BBDC4,14.35,14.37,14.13,14.21,11.48,22530800
2024-04-12,ITUB4,28.86,28.89,28.59,28.65,24.02,25841237
2024-04-12,MGLU3,16.48,16.48,15.71,15.81,15.2,9247056
2024-04-12,PETR4,39.72,40.05,38.7,38.94,27.67,39613500
2024-04-12,VALE3,62.8,63.38,61.41,61.63,50.65,25740900
2024-04-12,WEGE3,38.0,38.46,37.67,37.98,35.56,6024400
2024-04-15,ABEV3,12.1,12.15,11.98,12.07,10.61,31625300
2024-04-15,B3SA3,11.72,11.77,11.34,11.48,10.53,51176300
2024-04-15,BBDC4,14.25,14.29,13.95,14.0,11.31,30053000
2024-04-15,ITUB4,28.65,28.8,28.06,28.16,23.61,35825686
2024-04-15,MGLU3,15.81,15.81,14.48,14.57,14.01,19262407
2024-04-15,PETR4,38.94,39.45,38.63,39.31,27.93,28692000
2024-04-15,VALE3,62.3,62.85,61.96,61.99,50.94,28567300
2024-04-15,WEGE3,37.98,38.1,37.47,37.64,35.24,4838200
2024-04-16,ABEV3,12.0,12.11,11.94,11.94,10.5,31317300
2024-04-16,B3SA3,11.34,11.46,11.15,11.33,10.4,49107500
2024-04-16,BBDC4,13.93,14.02,13.84,13.9,11.23,39993200
2024-04-16,ITUB4,27.99,28.13,27.7,27.95,23.44,34875666
2024-04-16,MGLU3,14.19,14.95,13.81,14.48,13.92,25118562
2024-04-16,PETR4,39.01,39.71,38.95,39.49,28.06,37303000
2024-04-16,VALE3,61.13,61.6,60.7,61.44,50.49,29973800
2024-04-16,WEGE3,37.29,39.0,37.03,38.77,36.3,13386100
2024-04-17,ABEV3,12.0,12.04,11.84,11.91,10.47,26530200
2024-04-17,B3SA3,11.37,11.49,11.14,11.24,10.31,48295800
2024-04-17,BBDC4,13.93,13.97,13.68,13.83,11.17,27611500
2024-04-17,ITUB4,27.97,28.04,27.7,27.97,23.45,28706141
2024-04-17,MGLU3,14.86,15.05,14.19,14.48,13.92,13309212
2024-04-17,PETR4,39.49,39.95,39.34,39.78,28.27,39221700
2024-04-17,VALE3,63.04,63.47,61.96,62.11,51.04,34220700
2024-04-17,WEGE3,38.77,38.85,38.06,38.22,35.79,6574700
2024-04-18,ABEV3,11.92,12.02,11.84,11.96,10.52,28663900
2024-04-18,B3SA3,11.2,11.38,11.05,11.14,10.22,39453700
2024-04-18,BBDC4,13.85,13.95,13.67,13.77,11.12,40788000
2024-04-18,ITUB4,28.02,28.24,27.68,28.01,23.48,24583607
2024-04-18,MGLU3,14.48,14.86,14.29,14.29,13.74,10161291
2024-04-18,PETR4,40.0,40.59,39.65,39.85,28.32,45078800
2024-04-18,VALE3,62.69,62.72,61.91,62.34,51.23,19932500
2024-04-18,WEGE3,38.22,38.66,38.1,38.6,36.14,6347300
2024-04-19,ABEV3,11.97,12.1,11.95,11.95,10.51,25809800
2024-04-19,B3SA3,11.14,11.33,11.12,11.18,10.26,39339300
2024-04-19,BBDC4,13.72,13.8,13.61,13.64,11.02,49864000
2024-04-19,ITUB4,28.05,28.22,27.76,27.85,23.35,30496961
2024-04-19,MGLU3,14.29,15.24,14.19,14.67,14.11,12872212
2024-04-19,PETR4,40.05,41.07,39.84,40.53,28.8,80546900
2024-04-19,VALE3,62.24,63.55,62.09,63.36,52.07,32882400
2024-04-19,WEGE3,38.46,38.92,38.33,38.55,36.1,8284900
2024-04-22,ABEV3,11.99,12.1,11.95,11.95,10.51,23450600
2024-04-22,B3SA3,11.2,11.34,11.17,11.27,10.34,31325900
2024-04-22,BBDC4,13.7,13.75,13.54,13.58,10.97,24572300
2024-04-22,ITUB4,27.93,28.01,27.61,27.83,23.33,24603774
2024-04-22,MGLU3,14.67,14.86,14.29,14.57,14.01,11708749
2024-04-22,PETR4,40.76,41.59,40.52,41.5,29.49,51775500
2024-04-22,VALE3,63.03,63.58,62.3,63.33,52.05,27171200
2024-04-22,WEGE3,38.26,38.57,38.11,38.27,35.83,5350900
2024-04-23,ABEV3,11.9,12.0,11.83,11.86,10.43,18581900
2024-04-23,B3SA3,11.15,11.24,11.04,11.09,10.18,44050500
2024-04-23,BBDC4,13.5,13.75,13.47,13.67,11.04,29567700
2024-04-23,ITUB4,27.71,28.52,27.71,28.24,23.68,53107109
2024-04-23,MGLU3,14.48,14.57,13.52,13.71,13.19,14430612
2024-04-23,PETR4,41.4,41.63,40.96,41.42,29.43,35456900
2024-04-23,VALE3,62.66,63.09,62.01,62.78,51.59,23160500
2024-04-23,WEGE3,38.08,38.38,37.8,37.99,35.57,4381600
2024-04-24,ABEV3,11.84,12.1,11.84,12.04,10.59,37013000
2024-04-24,B3SA3,11.08,11.1,10.89,10.94,10.04,45024900
2024-04-24,BBDC4,13.7,13.72,13.53,13.67,11.04,21669200
2024-04-24,ITUB4,28.24,28.32,27.91,28.12,23.58,27387442
2024-04-24,MGLU3,13.62,13.71,12.95,13.62,13.1,14488057
2024-04-24,PETR4,41.55,41.99,41.21,41.23,29.3,45388300
2024-04-24,VALE3,63.56,64.09,63.15,63.56,52.23,25212800
2024-04-24,WEGE3,37.97,38.63,37.95,38.23,35.8,4946800
2024-04-25,ABEV3,12.06,12.1,11.88,12.02,10.57,23667800
2024-04-25,B3SA3,10.91,10.94,10.75,10.83,9.94,32548600
2024-04-25,BBDC4,13.65,13.78,13.61,13.66,11.04,18043100
2024-04-25,ITUB4,28.05,28.24,27.76,27.96,23.44,23076377
2024-04-25,MGLU3,13.33,13.33,12.95,13.24,12.73,10441851
2024-04-25,PETR4,41.4,42.48,41.08,42.22,30.0,66372400
2024-04-25,VALE3,62.68,63.04,61.91,62.22,51.13,27231000
2024-04-25,WEGE3,38.08,38.76,37.98,38.67,36.21,5460400
2024-04-26,ABEV3,12.03,12.08,11.98,12.01,10.56,16180400
2024-04-26,B3SA3,10.97,11.27,10.87,11.22,10.3,60635700
2024-04-26,BBDC4,13.74,14.0,13.7,13.88,11.21,23755300
2024-04-26,ITUB4,28.08,28.55,28.0,28.43,23.83,30762989
2024-04-26,MGLU3,13.43,13.71,13.33,13.62,13.1,9006763
2024-04-26,PETR4,41.29,41.78,41.07,41.65,30.43,31899100
2024-04-26,VALE3,62.22,62.22,62.22,62.22,51.13,0
2024-04-26,WEGE3,38.87,39.38,38.66,39.22,36.72,5979700
2024-04-29,ABEV3,12.0,12.13,11.96,12.1,10.64,26520800
2024-04-29,B3SA3,11.2,11.31,11.09,11.14,10.22,43235700
2024-04-29,BBDC4,13.89,14.06,13.84,14.06,11.36,25762000
2024-04-29,ITUB4,28.46,28.51,27.99,28.21,23.65,25020378
2024-04-29,MGLU3,13.62,14.29,13.33,13.81,13.28,10853829
2024-04-29,PETR4,41.48,42.15,41.32,42.15,30.79,27886000
2024-04-29,VALE3,62.88,63.95,62.8,63.9,52.51,18487200
2024-04-29,WEGE3,39.22,39.47,38.94,39.36,36.85,4677100
2024-04-30,ABEV3,12.08,12.37,12.08,12.15,10.68,25146600
2024-04-30,B3SA3,11.08,11.08,10.57,10.79,9.9,84850200
2024-04-30,BBDC4,14.1,14.28,13.9,14.0,11.31,60459200
2024-04-30,ITUB4,28.16,28.42,27.68,27.68,23.21,53143478
2024-04-30,MGLU3,13.62,13.81,12.76,12.95,12.46,11021451
2024-04-30,PETR4,42.0,42.21,41.62,42.02,30.7,36635400
2024-04-30,VALE3,63.5,63.74,62.93,63.29,52.01,15597400
2024-04-30,WEGE3,39.24,39.77,39.16,39.55,37.03,6934600
2024-05-02,ABEV3,12.25,12.51,12.25,12.33,10.84,27782000
2024-05-02,B3SA3,10.98,11.12,10.8,11.06,10.15,45228600
2024-05-02,BBDC4,14.32,14.32,13.68,13.84,11.18,79939800
2024-05-02,ITUB4,28.17,28.34,27.82,28.07,23.54,31652054
2024-05-02,MGLU3,13.33,14.1,13.24,13.9,13.37,13644571
2024-05-02,PETR4,42.25,42.38,41.84,42.18,30.81,33244700
2024-05-02,VALE3,63.7,64.25,63.22,63.92,52.53,17852900
2024-05-02,WEGE3,39.69,40.0,38.0,38.85,36.38,12268300
2024-05-03,ABEV3,12.47,12.48,12.35,12.37,10.88,23380200
2024-05-03,B3SA3,11.34,11.61,11.25,11.39,10.45,90899800
2024-05-03,BBDC4,13.98,14.06,13.67,13.78,11.15,61196700
2024-05-03,ITUB4,28.47,28.76,28.31,28.42,23.84,32765680
2024-05-03,MGLU3,14.29,15.05,14.29,14.95,14.38,18214087
2024-05-03,PETR4,40.69,40.69,39.45,39.89,30.42,45114200
2024-05-03,VALE3,64.17,64.42,63.35,63.99,52.59,23681200
2024-05-03,WEGE3,38.99,38.99,38.24,38.77,36.3,5092600
2024-05-06,ABEV3,12.39,12.51,12.29,12.45,10.95,18713000
2024-05-06,B3SA3,11.36,11.58,11.34,11.51,10.56,42966900
2024-05-06,BBDC4,13.77,13.84,13.69,13.77,11.14,30205500
2024-05-06,ITUB4,28.4,28.83,28.33,28.6,23.99,21100312
2024-05-06,MGLU3,15.05,15.33,14.67,14.95,14.38,10202461
2024-05-06,PETR4,39.87,40.36,39.72,40.16,30.63,22977200
2024-05-06,VALE3,64.22,64.7,63.95,64.18,52.74,13423600
2024-05-06,WEGE3,38.61,38.92,38.4,38.63,36.17,2810000
2024-05-07,ABEV3,12.47,12.63,12.46,12.6,11.08,27522500
2024-05-07,B3SA3,11.73,11.77,11.58,11.58,10.63,34889000
2024-05-07,BBDC4,13.8,13.85,13.71,13.77,11.14,30097000
2024-05-07,ITUB4,28.68,29.34,28.4,29.19,24.48,43603391
2024-05-07,MGLU3,15.05,15.71,14.95,15.33,14.75,8725227
2024-05-07,PETR4,40.15,40.65,40.0,40.65,31.0,23808600
2024-05-07,VALE3,64.75,65.18,64.3,64.58,53.07,21315200
2024-05-07,WEGE3,38.6,39.21,38.5,38.9,36.42,4895900
2024-05-08,ABEV3,12.39,12.44,11.91,12.17,10.7,50692500
2024-05-08,B3SA3,11.52,11.71,11.47,11.67,10.71,31077900
2024-05-08,BBDC4,13.69,13.84,13.56,13.8,11.16,23271100
2024-05-08,ITUB4,28.98,29.45,28.79,29.37,24.64,27721450
2024-05-08,MGLU3,14.95,15.9,14.76,15.71,15.11,8404063
2024-05-08,PETR4,40.35,41.33,40.31,41.27,31.47,25352000
2024-05-08,VALE3,63.65,64.23,63.59,63.99,52.59,18245800
2024-05-08,WEGE3,38.7,39.09,38.56,39.09,36.6,3759000
2024-05-09,ABEV3,11.98,12.2,11.97,12.05,10.6,25762900
2024-05-09,B3SA3,11.46,11.51,11.08,11.21,10.29,68966400
2024-05-09,BBDC4,13.65,13.67,13.36,13.45,10.88,60548200
2024-05-09,ITUB4,29.03,29.09,28.47,28.49,23.9,31837186
2024-05-09,MGLU3,15.24,16.19,14.86,15.9,15.3,17150973
2024-05-09,PETR4,41.06,41.84,40.94,41.67,31.78,27206400
2024-05-09,VALE3,63.9,64.93,63.78,64.51,53.02,19672800
2024-05-09,WEGE3,38.67,38.93,38.27,38.9,36.42,4949800
2024-05-10,ABEV3,12.05,12.09,11.95,12.04,10.59,29029300
2024-05-10,B3SA3,11.15,11.44,10.92,10.94,10.04,118753800
2024-05-10,BBDC4,13.45,13.58,13.35,13.37,10.82,38379100
2024-05-10,ITUB4,28.53,29.14,28.52,28.82,24.17,26443200
2024-05-10,MGLU3,16.57,16.67,14.57,14.67,14.11,26616817
2024-05-10,PETR4,41.84,42.09,41.5,41.58,31.71,27968700
2024-05-10,VALE3,64.75,64.95,64.16,64.29,52.83,13705000
2024-05-10,WEGE3,38.86,39.11,38.72,38.97,36.49,3462100
2024-05-13,ABEV3,12.07,12.11,11.96,12.06,10.6,22472500
2024-05-13,B3SA3,10.95,11.29,10.92,11.23,10.3,77187400
2024-05-13,BBDC4,13.4,13.46,13.32,13.43,10.87,21216600
2024-05-13,ITUB4,28.96,29.29,28.88,29.17,24.47,26666401
2024-05-13,MGLU3,14.76,15.43,14.57,15.05,14.47,12972676
2024-05-13,PETR4,41.74,41.97,41.51,41.62,31.74,18394300
2024-05-13,VALE3,64.7,65.05,64.39,64.67,53.15,14504100
2024-05-13,WEGE3,39.09,39.32,38.5,39.08,36.59,11032700
2024-05-14,ABEV3,12.08,12.25,12.08,12.16,10.69,32670400
2024-05-14,B3SA3,11.3,11.6,11.29,11.47,10.53,67138300
2024-05-14,BBDC4,13.43,13.48,13.27,13.42,10.86,41886100
2024-05-14,ITUB4,28.97,29.62,28.96,29.49,24.74,34497357
2024-05-14,MGLU3,14.95,15.62,14.86,15.05,14.47,14513226
2024-05-14,PETR4,40.76,41.3,40.16,40.87,31.17,53613200
2024-05-14,VALE3,64.47,64.75,64.02,64.63,53.11,13313500
2024-05-14,WEGE3,39.01,39.79,38.99,39.61,37.09,9947400
2024-05-15,ABEV3,12.19,12.43,12.17,12.31,10.82,36630700
2024-05-15,B3SA3,11.5,11.72,11.47,11.51,10.56,41176000
2024-05-15,BBDC4,13.4,13.4,13.23,13.29,10.75,31232700
2024-05-15,ITUB4,29.58,29.63,29.29,29.41,24.67,23867664
2024-05-15,MGLU3,14.95,15.62,14.86,15.33,14.75,13447486
2024-05-15,PETR4,37.6,38.81,37.5,38.4,29.29,131281100
2024-05-15,VALE3,64.45,64.64,63.46,64.44,52.96,21292100
2024-05-15,WEGE3,39.65,39.97,39.38,39.62,37.1,3768600
2024-05-16,ABEV3,12.45,12.51,12.24,12.38,10.89,32475700
2024-05-16,B3SA3,11.6,11.67,11.45,11.58,10.63,32593500
2024-05-16,BBDC4,13.35,13.4,13.24,13.36,10.81,30538600
2024-05-16,ITUB4,29.54,29.67,29.23,29.32,24.6,20274355
2024-05-16,MGLU3,15.52,15.52,15.05,15.14,14.56,7116742
2024-05-16,PETR4,38.3,38.65,37.24,37.28,28.43,83168500
2024-05-16,VALE3,64.98,65.17,64.41,64.91,53.34,16647700
2024-05-16,WEGE3,39.72,39.8,39.1,39.6,37.08,3271800
2024-05-17,ABEV3,12.4,12.41,12.28,12.38,10.89,28118800
2024-05-17,B3SA3,11.52,11.61,11.31,11.42,10.48,40678300
2024-05-17,BBDC4,13.33,13.51,13.28,13.43,10.87,31448500
2024-05-17,ITUB4,29.27,29.45,29.18,29.33,24.6,21065189
2024-05-17,MGLU3,15.14,15.43,14.86,15.14,14.56,11956098
2024-05-17,PETR4,37.35,37.42,36.51,36.69,27.98,67207900
2024-05-17,VALE3,65.25,66.35,65.17,66.18,54.39,32338800
2024-05-17,WEGE3,39.31,39.64,38.92,39.64,37.12,6701800
2024-05-20,ABEV3,12.33,12.39,12.05,12.1,10.64,38940700
2024-05-20,B3SA3,11.27,11.5,11.17,11.43,10.49,44273000
2024-05-20,BBDC4,13.4,13.45,13.32,13.33,10.78,27043700
2024-05-20,ITUB4,29.29,29.48,29.13,29.24,24.53,17755129
2024-05-20,MGLU3,14.95,15.43,14.86,14.95,14.38,9446398
2024-05-20,PETR4,36.73,37.24,36.63,36.75,28.03,40400400
2024-05-20,VALE3,66.14,66.6,65.72,66.15,54.36,22222300
2024-05-20,WEGE3,39.45,39.85,39.27,39.85,37.31,8148200
2024-05-21,ABEV3,12.1,12.25,12.02,12.02,10.57,38371300
2024-05-21,B3SA3,11.28,11.5,11.28,11.41,10.47,33561200
2024-05-21,BBDC4,13.35,13.46,13.31,13.4,10.84,26225200
2024-05-21,ITUB4,29.28,29.37,28.98,29.09,24.4,18694273
2024-05-21,MGLU3,14.86,15.14,14.29,14.76,14.2,9558654
2024-05-21,PETR4,36.79,37.09,36.57,36.68,27.97,27967400
2024-05-21,VALE3,66.75,67.1,65.9,65.96,54.21,23042800
2024-05-21,WEGE3,39.72,39.92,39.5,39.76,37.23,6672800
2024-05-22,ABEV3,11.98,12.11,11.93,11.97,10.53,49248200
2024-05-22,B3SA3,11.29,11.38,11.05,11.06,10.15,57305300
2024-05-22,BBDC4,13.33,13.35,13.1,13.1,10.6,36303200
2024-05-22,ITUB4,28.94,28.99,28.53,28.64,24.03,23786768
2024-05-22,MGLU3,14.57,14.57,14.0,14.0,13.46,10961275
2024-05-22,PETR4,36.5,37.46,36.41,37.18,28.35,36528800
2024-05-22,VALE3,66.0,66.35,65.08,65.44,53.78,17404000
2024-05-22,WEGE3,39.6,39.75,39.21,39.28,36.78,7065600
2024-05-23,ABEV3,11.92,12.07,11.92,11.96,10.52,28419600
2024-05-23,B3SA3,11.05,11.26,10.93,11.11,10.19,54028500
2024-05-23,BBDC4,13.12,13.15,12.83,12.88,10.42,47524300
2024-05-23,ITUB4,28.6,28.63,28.29,28.38,23.81,21792348
2024-05-23,MGLU3,14.0,14.19,13.33,13.52,13.01,10827747
2024-05-23,PETR4,37.44,37.71,36.57,36.81,28.07,47987800
2024-05-23,VALE3,65.22,65.4,64.58,65.05,53.46,16445800
2024-05-23,WEGE3,39.0,39.18,38.8,39.03,36.54,5413400
2024-05-24,ABEV3,11.96,11.99,11.87,11.87,10.44,22790000
2024-05-24,B3SA3,11.08,11.22,11.01,11.14,10.22,26333100
2024-05-24,BBDC4,12.92,13.05,12.87,12.97,10.49,34080500
2024-05-24,ITUB4,28.44,28.46,28.01,28.11,23.58,23438031
2024-05-24,MGLU3,13.33,13.43,12.57,12.57,12.09,26854716
2024-05-24,PETR4,37.07,37.19,36.57,36.61,27.92,23684700
2024-05-24,VALE3,65.0,65.66,64.9,65.08,53.48,11731900
2024-05-24,WEGE3,38.89,38.89,38.07,38.34,35.9,9008900
2024-05-27,ABEV3,11.93,11.95,11.79,11.81,10.38,16530500
2024-05-27,B3SA3,11.15,11.24,11.02,11.1,10.19,14463100
2024-05-27,BBDC4,12.95,13.03,12.9,12.93,10.46,11028300
2024-05-27,ITUB4,28.11,28.13,27.89,28.01,23.5,13641546
2024-05-27,MGLU3,12.22,12.56,11.74,12.52,12.04,29375325
2024-05-27,PETR4,36.72,37.08,36.69,37.01,28.23,13623300
2024-05-27,VALE3,64.91,65.3,64.71,65.3,53.66,5119400
2024-05-27,WEGE3,38.34,38.41,38.13,38.35,35.91,1905700
2024-05-28,ABEV3,11.89,11.89,11.56,11.59,10.19,40481600
2024-05-28,B3SA3,11.21,11.26,11.03,11.07,10.16,39515600
2024-05-28,BBDC4,13.06,13.07,12.86,12.92,10.45,26207100
2024-05-28,ITUB4,28.36,28.37,27.8,27.86,23.37,28440452
2024-05-28,MGLU3,12.67,12.93,11.7,11.7,11.26,22421700
2024-05-28,PETR4,37.44,38.29,37.41,37.8,28.83,46437700
2024-05-28,VALE3,65.28,65.29,63.35,63.89,52.51,22173900
2024-05-28,WEGE3,38.41,38.46,38.01,38.23,35.8,4937400
2024-05-29,ABEV3,11.53,11.61,11.34,11.52,10.13,34350900
2024-05-29,B3SA3,10.99,11.14,10.85,10.88,9.98,61738900
2024-05-29,BBDC4,12.84,12.85,12.65,12.79,10.35,29552400
2024-05-29,ITUB4,27.68,27.83,27.32,27.67,23.21,28148705
2024-05-29,MGLU3,11.67,12.03,11.5,11.5,11.06,18793005
2024-05-29,PETR4,37.71,37.92,37.44,37.75,28.79,29246800
2024-05-29,VALE3,63.44,63.73,62.97,63.24,51.97,16496900
2024-05-29,WEGE3,37.9,37.96,37.5,37.73,35.33,7136500
2024-05-31,ABEV3,11.46,11.66,11.46,11.56,10.16,62942000
2024-05-31,B3SA3,10.88,10.88,10.7,10.7,9.82,74029300
2024-05-31,BBDC4,12.78,12.88,12.67,12.67,10.25,50760400
2024-05-31,ITUB4,27.66,27.72,27.36,27.39,22.97,38825757
2024-05-31,MGLU3,11.5,11.8,10.86,11.8,11.35,66939285
2024-05-31,PETR4,37.93,38.89,37.9,38.79,29.58,53929400
2024-05-31,VALE3,62.89,63.45,62.79,63.2,51.94,23383600
2024-05-31,WEGE3,37.56,37.83,37.36,37.55,35.16,21946000
2024-06-03,ABEV3,11.57,11.7,11.46,11.55,10.16,24967400
2024-06-03,B3SA3,10.74,10.85,10.66,10.69,9.81,38467100
2024-06-03,BBDC4,12.72,12.85,12.66,12.75,10.32,30299600
2024-06-03,ITUB4,27.5,27.93,27.44,27.76,23.3,25750257
2024-06-03,MGLU3,11.8,12.33,11.52,12.08,11.61,19264455
2024-06-03,PETR4,38.83,38.93,38.44,38.58,29.42,43454500
2024-06-03,VALE3,62.84,62.85,61.69,61.87,50.85,18846500
2024-06-03,WEGE3,37.73,37.85,37.32,37.34,34.96,5074200
2024-06-04,ABEV3,11.57,11.73,11.44,11.69,10.28,36455800
2024-06-04,B3SA3,10.7,10.82,10.64,10.71,9.83,23975600
2024-06-04,BBDC4,12.73,12.93,12.62,12.85,10.41,44292600
2024-06-04,ITUB4,27.66,27.95,27.51,27.86,23.38,25163703
2024-06-04,MGLU3,12.1,12.25,11.08,11.1,10.67,21970305
2024-06-04,PETR4,38.4,38.43,37.7,38.15,29.09,34090200
2024-06-04,VALE3,61.39,61.4,60.7,61.24,50.33,19865100
2024-06-04,WEGE3,37.3,38.05,37.18,37.8,35.39,4322600
2024-06-05,ABEV3,11.69,11.8,11.52,11.57,10.17,35635900
2024-06-05,B3SA3,10.71,10.81,10.65,10.74,9.86,33540500
2024-06-05,BBDC4,12.84,12.91,12.74,12.78,10.35,23783000
2024-06-05,ITUB4,27.76,27.93,27.65,27.8,23.34,25288786
2024-06-05,MGLU3,11.1,11.75,10.97,11.61,11.17,23710995
2024-06-05,PETR4,38.26,38.43,38.07,38.2,29.13,18627100
2024-06-05,VALE3,61.1,61.18,60.31,60.37,49.61,18000800
2024-06-05,WEGE3,37.09,37.75,36.79,37.54,35.15,8883900
2024-06-06,ABEV3,11.54,11.84,11.54,11.82,10.39,34548200
2024-06-06,B3SA3,10.74,11.15,10.72,11.08,10.17,37945300
2024-06-06,BBDC4,12.82,13.07,12.76,13.05,10.57,26997300
2024-06-06,ITUB4,27.81,28.24,27.77,28.16,23.63,14607995
2024-06-06,MGLU3,11.73,12.28,11.68,12.1,11.63,24033030
2024-06-06,PETR4,38.28,38.72,38.27,38.38,29.27,25944100
2024-06-06,VALE3,60.77,61.33,60.36,61.21,50.3,17888300
2024-06-06,WEGE3,37.36,38.13,37.33,37.81,35.4,5135800
2024-06-07,ABEV3,11.71,11.76,11.53,11.56,10.16,32079700
2024-06-07,B3SA3,10.9,10.99,10.73,10.75,9.86,29214600
2024-06-07,BBDC4,12.99,13.11,12.92,12.95,10.49,131901800
2024-06-07,ITUB4,27.87,28.07,27.65,27.76,23.3,26331259
2024-06-07,MGLU3,11.74,12.0,11.18,11.18,10.75,21333690
2024-06-07,PETR4,38.22,38.47,36.86,36.94,28.17,46003600
2024-06-07,VALE3,60.69,60.87,60.27,60.41,49.65,14822100
2024-06-07,WEGE3,37.43,37.99,37.4,37.85,35.44,6847500
2024-06-10,ABEV3,11.52,11.58,11.43,11.46,10.08,23774700
2024-06-10,B3SA3,10.75,10.77,10.49,10.49,9.63,31506500
2024-06-10,BBDC4,12.95,12.98,12.82,12.86,10.42,24749200
2024-06-10,ITUB4,27.79,27.89,27.28,27.54,23.11,23061082
2024-06-10,MGLU3,11.23,11.29,10.71,10.97,10.55,20937105
2024-06-10,PETR4,37.19,38.06,37.12,37.5,28.6,32560900
2024-06-10,VALE3,60.6,61.31,60.4,61.07,50.19,14762900
2024-06-10,WEGE3,37.84,38.27,37.78,37.81,35.4,4491300
2024-06-11,ABEV3,11.57,11.57,11.39,11.4,10.02,20061200
2024-06-11,B3SA3,10.58,10.65,10.5,10.55,9.68,46968400
2024-06-11,BBDC4,12.91,13.01,12.88,12.93,10.48,24693700
2024-06-11,ITUB4,27.7,27.97,27.57,27.85,23.37,16807035
2024-06-11,MGLU3,10.94,11.89,10.9,11.85,11.39,32563335
2024-06-11,PETR4,37.81,38.0,37.5,37.66,28.72,31131300
2024-06-11,VALE3,60.4,61.04,59.71,60.98,50.11,24588400
2024-06-11,WEGE3,37.91,38.1,37.72,37.8,35.39,5918200
2024-06-12,ABEV3,11.45,11.47,11.19,11.27,9.91,40929700
2024-06-12,B3SA3,10.7,10.73,10.27,10.4,9.54,53011400
2024-06-12,BBDC4,12.97,13.01,12.65,12.69,10.28,59033400
2024-06-12,ITUB4,27.95,28.01,27.49,27.8,23.34,39355661
2024-06-12,MGLU3,12.0,12.33,10.88,10.9,10.49,38086230
2024-06-12,PETR4,36.95,37.05,35.61,35.82,28.1,52182400
2024-06-12,VALE3,61.16,61.45,59.91,60.14,49.42,21969600
2024-06-12,WEGE3,37.81,38.17,37.1,38.07,35.65,12710400
2024-06-13,ABEV3,11.17,11.21,11.07,11.09,9.75,39287400
2024-06-13,B3SA3,10.31,10.39,10.05,10.08,9.25,80030000
2024-06-13,BBDC4,12.7,12.85,12.68,12.7,10.29,42051200
2024-06-13,ITUB4,27.8,27.95,27.51,27.51,23.09,23094958
2024-06-13,MGLU3,10.95,11.03,10.54,10.69,10.28,23818620
2024-06-13,PETR4,35.9,36.19,34.85,35.46,27.81,46233500
2024-06-13,VALE3,60.32,61.05,60.22,60.83,49.99,13692600
2024-06-13,WEGE3,38.15,38.47,37.97,38.42,35.97,5056600
2024-06-14,ABEV3,11.09,11.28,10.98,11.24,9.88,22356900
2024-06-14,B3SA3,10.1,10.42,10.05,10.37,9.52,33385900
2024-06-14,BBDC4,12.72,12.86,12.63,12.83,10.4,43737800
2024-06-14,ITUB4,27.48,27.69,27.31,27.48,23.07,17478111
2024-06-14,MGLU3,10.73,11.23,10.59,10.9,10.48,22218840
2024-06-14,PETR4,35.49,35.5,34.15,34.68,27.2,53534900
2024-06-14,VALE3,60.85,60.88,60.26,60.62,49.82,12282100
2024-06-14,WEGE3,38.24,39.3,38.24,38.77,36.3,11832200
2024-06-17,ABEV3,11.21,11.33,11.19,11.24,9.88,18072300
2024-06-17,B3SA3,10.3,10.57,10.29,10.56,9.69,36269600
2024-06-17,BBDC4,12.85,13.01,12.81,12.97,10.51,59437200
2024-06-17,ITUB4,27.72,28.24,27.62,28.16,23.63,30480419
2024-06-17,MGLU3,10.73,10.79,10.47,10.47,10.07,15482670
2024-06-17,PETR4,34.41,35.13,34.27,34.81,27.3,40941800
2024-06-17,VALE3,60.04,60.45,59.84,60.38,49.62,13976100
2024-06-17,WEGE3,38.6,39.27,38.4,38.77,36.3,6603100
2024-06-18,ABEV3,11.19,11.37,11.16,11.25,9.89,37284200
2024-06-18,B3SA3,10.5,10.71,10.46,10.61,9.74,39203100
2024-06-18,BBDC4,12.69,12.75,12.34,12.38,10.35,39586800
2024-06-18,ITUB4,28.1,28.45,28.0,28.14,23.62,24588705
2024-06-18,MGLU3,10.49,10.65,10.2,10.43,10.03,19125645
2024-06-18,PETR4,34.89,36.14,34.82,35.9,28.16,36180700
2024-06-18,VALE3,60.35,60.88,60.22,60.66,49.85,12239900
2024-06-18,WEGE3,38.77,39.08,38.42,38.86,36.39,4188300
2024-06-19,ABEV3,11.18,11.23,11.04,11.2,9.85,17907100
2024-06-19,B3SA3,10.44,10.54,10.29,10.46,9.68,31571600
2024-06-19,BBDC4,12.4,12.46,12.18,12.44,10.4,29600400
2024-06-19,ITUB4,28.01,28.5,27.89,28.36,23.8,16497726
2024-06-19,MGLU3,10.43,10.6,10.23,10.55,10.15,14105805
2024-06-19,PETR4,35.9,36.12,35.57,35.93,28.18,20776200
2024-06-19,VALE3,60.51,61.08,60.37,60.85,50.01,8744100
2024-06-19,WEGE3,39.3,39.82,39.02,39.81,37.28,7729100
2024-06-20,ABEV3,11.25,11.4,11.2,11.28,9.92,29501600
2024-06-20,B3SA3,10.61,10.65,10.3,10.32,9.55,35005600
2024-06-20,BBDC4,12.5,12.58,12.33,12.41,10.37,33487200
2024-06-20,ITUB4,28.58,28.65,28.12,28.16,23.64,23141638
2024-06-20,MGLU3,10.77,11.04,10.11,10.16,9.77,37093875
2024-06-20,PETR4,36.22,36.89,36.2,36.5,28.63,39442900
2024-06-20,VALE3,61.05,61.62,60.82,61.4,50.46,19497200
2024-06-20,WEGE3,39.87,40.78,39.87,40.78,38.18,10168600
2024-06-21,ABEV3,11.21,11.38,11.21,11.28,9.92,53470500
2024-06-21,B3SA3,10.33,10.44,10.28,10.39,9.61,52259900
2024-06-21,BBDC4,12.33,12.5,12.33,12.4,10.36,63797400
2024-06-21,ITUB4,28.14,28.4,27.93,28.14,23.8,58654050
2024-06-21,MGLU3,10.19,10.47,10.06,10.31,9.92,22920765
2024-06-21,PETR4,36.55,36.96,36.38,36.69,28.78,43340200
2024-06-21,VALE3,61.03,61.36,60.74,60.83,49.99,39134100
2024-06-21,WEGE3,40.72,41.41,40.47,41.08,38.46,12574100
2024-06-24,ABEV3,11.26,11.4,11.22,11.32,9.95,32197300
2024-06-24,B3SA3,10.47,10.67,10.38,10.51,9.72,25130500
2024-06-24,BBDC4,12.45,12.57,12.37,12.44,10.4,29037500
2024-06-24,ITUB4,28.23,29.0,28.23,28.54,24.15,36808677
2024-06-24,MGLU3,11.06,11.8,10.99,11.58,11.14,46898775
2024-06-24,PETR4,36.84,37.06,36.48,37.06,29.07,24599400
2024-06-24,VALE3,60.47,61.08,60.4,60.9,50.05,13669000
2024-06-24,WEGE3,40.8,41.29,40.63,40.87,38.27,8649700
2024-06-25,ABEV3,11.25,11.41,11.21,11.38,10.01,43592000
2024-06-25,B3SA3,10.47,10.48,10.28,10.32,9.55,33772800
2024-06-25,BBDC4,12.45,12.45,12.31,12.34,10.31,26896300
2024-06-25,ITUB4,28.53,28.84,28.46,28.63,24.22,27162088
2024-06-25,MGLU3,11.49,11.69,11.06,11.24,10.81,31519320
2024-06-25,PETR4,37.05,37.12,36.76,37.03,29.04,18572600
2024-06-25,VALE3,60.99,61.04,60.28,60.65,49.84,13962500
2024-06-25,WEGE3,40.85,41.72,40.7,41.57,38.92,7233100
2024-06-26,ABEV3,11.3,11.52,11.27,11.45,10.07,26265300
2024-06-26,B3SA3,10.14,10.28,10.07,10.22,9.45,47855200
2024-06-26,BBDC4,12.29,12.37,12.14,12.37,10.34,35848900
2024-06-26,ITUB4,28.45,28.58,28.08,28.58,24.18,26776528
2024-06-26,MGLU3,11.09,11.14,10.64,10.93,10.52,24993465
2024-06-26,PETR4,36.8,37.12,36.71,37.09,29.09,25553200
2024-06-26,VALE3,61.07,61.58,60.91,61.4,50.46,17096700
2024-06-26,WEGE3,41.29,42.14,41.13,41.95,39.28,9408900
2024-06-27,ABEV3,11.46,11.54,11.38,11.46,10.08,21499700
2024-06-27,B3SA3,10.23,10.43,10.19,10.4,9.62,24010200
2024-06-27,BBDC4,12.39,12.46,12.27,12.42,10.38,20010000
2024-06-27,ITUB4,28.64,28.78,28.49,28.63,24.22,17012674
2024-06-27,MGLU3,10.91,11.75,10.74,11.63,11.18,28903035
2024-06-27,PETR4,37.51,37.96,37.32,37.71,29.58,37731000
2024-06-27,VALE3,61.45,61.56,60.86,61.56,50.59,13755300
2024-06-27,WEGE3,42.0,42.34,41.38,41.7,39.04,8056700
2024-06-28,ABEV3,11.43,11.48,11.16,11.41,10.03,51418600
2024-06-28,B3SA3,10.39,10.43,10.14,10.24,9.47,25537700
2024-06-28,BBDC4,12.42,12.48,12.31,12.38,10.35,31675700
2024-06-28,ITUB4,28.67,28.72,28.29,28.61,24.2,32848049
2024-06-28,MGLU3,11.56,11.62,11.1,11.48,11.04,26971455
2024-06-28,PETR4,37.8,38.17,37.71,38.05,29.85,22019700
2024-06-28,VALE3,61.68,62.55,61.64,62.22,51.13,22429400
2024-06-28,WEGE3,41.7,42.19,41.35,42.19,39.5,11180100
2024-07-01,ABEV3,11.42,11.5,11.33,11.45,10.07,19515400
2024-07-01,B3SA3,10.23,10.52,10.19,10.47,9.69,48451600
2024-07-01,BBDC4,12.43,12.48,12.23,12.27,10.25,18567800
2024-07-01,ITUB4,28.58,28.83,28.39,28.46,24.09,17694174
2024-07-01,MGLU3,11.45,11.7,11.31,11.56,11.12,17323845
2024-07-01,PETR4,38.31,38.76,38.18,38.63,30.3,24963500
2024-07-01,VALE3,62.71,63.33,62.6,63.14,51.89,20236800
2024-07-01,WEGE3,41.85,42.46,41.78,41.97,39.36,3981200
2024-07-02,ABEV3,11.45,11.58,11.39,11.46,10.08,20259500
2024-07-02,B3SA3,10.49,10.55,10.41,10.45,9.67,44061200
2024-07-02,BBDC4,12.26,12.34,12.2,12.23,10.24,26562800
2024-07-02,ITUB4,28.49,28.83,28.45,28.83,24.4,34497357
2024-07-02,MGLU3,11.52,11.74,11.38,11.59,11.15,15875055
2024-07-02,PETR4,38.83,39.1,38.44,38.51,30.21,33346200
2024-07-02,VALE3,63.08,63.34,62.46,62.93,51.72,24335300
2024-07-02,WEGE3,42.02,42.39,41.95,42.03,39.41,5461800
2024-07-03,ABEV3,11.54,11.57,11.36,11.38,10.01,32807200
2024-07-03,B3SA3,10.59,10.63,10.42,10.43,9.65,53846200
2024-07-03,BBDC4,12.32,12.38,12.23,12.27,10.27,31060900
2024-07-03,ITUB4,29.0,29.38,28.91,29.0,24.55,28588875
2024-07-03,MGLU3,11.68,12.12,11.68,11.98,11.52,18199860
2024-07-03,PETR4,38.7,38.79,37.76,37.84,29.68,38509400
2024-07-03,VALE3,63.46,64.84,63.45,64.18,52.74,29884200
2024-07-03,WEGE3,42.32,42.58,42.0,42.11,39.49,4894700
2024-07-04,ABEV3,11.45,11.46,11.37,11.45,10.07,7438600
2024-07-04,B3SA3,10.49,10.65,10.46,10.58,9.79,42220000
2024-07-04,BBDC4,12.38,12.38,12.24,12.32,10.31,13768400
2024-07-04,ITUB4,29.28,29.34,29.04,29.05,24.59,11373280
2024-07-04,MGLU3,12.24,12.82,12.22,12.55,12.07,24654840
2024-07-04,PETR4,37.9,37.96,37.12,37.32,29.27,32698800
2024-07-04,VALE3,64.64,64.7,63.83,63.86,52.48,7984300
2024-07-04,WEGE3,42.3,42.31,41.76,41.89,39.28,3864100
2024-07-05,ABEV3,11.45,11.48,11.23,11.32,9.95,39021700
2024-07-05,B3SA3,10.64,10.64,10.4,10.52,9.73,24797300
2024-07-05,BBDC4,12.34,12.5,12.25,12.46,10.43,41410800
2024-07-05,ITUB4,29.13,29.2,28.78,29.06,24.6,19063291
2024-07-05,MGLU3,12.49,13.08,12.44,13.04,12.54,28601895
2024-07-05,PETR4,37.45,37.65,37.11,37.52,29.43,32758800
2024-07-05,VALE3,63.3,63.85,63.19,63.6,52.27,13138400
2024-07-05,WEGE3,42.02,42.43,41.97,42.19,39.56,3948100
2024-07-08,ABEV3,11.33,11.35,11.24,11.25,9.89,28570100
2024-07-08,B3SA3,10.43,10.76,10.43,10.69,9.89,45874000
2024-07-08,BBDC4,12.41,12.61,12.38,12.46,10.43,33661100
2024-07-08,ITUB4,28.98,29.13,28.77,29.01,24.56,19708195
2024-07-08,MGLU3,12.84,12.94,12.16,12.28,11.81,26115495
2024-07-08,PETR4,37.48,38.52,37.29,38.44,30.15,48845900
2024-07-08,VALE3,63.08,63.24,62.67,63.1,51.86,18662500
2024-07-08,WEGE3,42.19,44.47,42.18,44.47,41.7,11694400
2024-07-09,ABEV3,11.25,11.3,11.18,11.25,9.89,25686000
2024-07-09,B3SA3,10.68,10.74,10.56,10.62,9.82,23203400
2024-07-09,BBDC4,12.42,12.56,12.35,12.46,10.43,18579400
2024-07-09,ITUB4,28.9,29.21,28.73,29.21,24.73,19027715
2024-07-09,MGLU3,12.29,12.9,12.22,12.87,12.37,17745000
2024-07-09,PETR4,38.45,38.7,38.27,38.43,30.14,34832500
2024-07-09,VALE3,62.97,63.23,62.71,63.02,51.79,9794400
2024-07-09,WEGE3,44.09,44.6,44.05,44.55,41.78,5605400
2024-07-10,ABEV3,11.32,11.46,11.24,11.4,10.02,29040100
2024-07-10,B3SA3,10.7,10.73,10.63,10.73,9.93,44543000
2024-07-10,BBDC4,12.55,12.72,12.49,12.67,10.6,32909900
2024-07-10,ITUB4,29.29,29.55,29.21,29.52,24.99,38936224
2024-07-10,MGLU3,13.24,13.47,12.78,12.83,12.34,23397255
2024-07-10,PETR4,38.49,38.56,37.98,38.07,29.86,32899700
2024-07-10,VALE3,62.67,62.75,61.84,62.17,51.09,17384000
2024-07-10,WEGE3,44.55,44.84,43.92,44.05,41.31,4993800
2024-07-11,ABEV3,11.45,11.67,11.4,11.53,10.14,22185700
2024-07-11,B3SA3,10.84,11.11,10.73,11.05,10.22,60570000
2024-07-11,BBDC4,12.72,12.79,12.61,12.67,10.6,35308200
2024-07-11,ITUB4,29.52,29.71,29.46,29.7,25.14,22220282
2024-07-11,MGLU3,13.3,13.37,12.98,13.06,12.56,14165025
2024-07-11,PETR4,38.16,38.45,38.11,38.33,30.06,17229400
2024-07-11,VALE3,62.42,62.69,61.84,62.01,50.96,13413600
2024-07-11,WEGE3,43.9,44.96,43.9,44.96,42.16,5502300
2024-07-12,ABEV3,11.51,11.66,11.51,11.64,10.23,16859800
2024-07-12,B3SA3,11.05,11.52,11.03,11.51,10.65,69549900
2024-07-12,BBDC4,12.68,12.68,12.58,12.64,10.58,28892700
2024-07-12,ITUB4,29.7,29.74,29.41,29.53,25.0,24991940
2024-07-12,MGLU3,13.06,13.28,12.9,13.21,12.7,14906955
2024-07-12,PETR4,38.43,38.51,38.14,38.15,29.92,15779100
2024-07-12,VALE3,62.07,62.92,61.96,62.92,51.71,13141700
2024-07-12,WEGE3,44.96,46.46,44.95,45.88,43.02,8072900
2024-07-15,ABEV3,11.66,11.66,11.56,11.64,10.23,12421100
2024-07-15,B3SA3,11.5,11.56,11.43,11.46,10.6,25362600
2024-07-15,BBDC4,12.68,12.7,12.58,12.61,10.55,18471500
2024-07-15,ITUB4,29.57,29.72,29.46,29.65,25.09,22336415
2024-07-15,MGLU3,13.19,13.65,13.0,13.65,13.13,20010690
2024-07-15,PETR4,38.3,38.73,38.2,38.5,30.2,22969200
2024-07-15,VALE3,62.8,63.18,62.42,62.99,51.77,10198000
2024-07-15,WEGE3,45.89,46.63,45.77,46.51,43.61,4646400
2024-07-16,ABEV3,11.63,11.7,11.58,11.7,10.29,19050600
2024-07-16,B3SA3,11.45,11.69,11.45,11.48,10.62,27642600
2024-07-16,BBDC4,12.62,12.69,12.54,12.65,10.59,28351100
2024-07-16,ITUB4,29.62,29.88,29.59,29.82,25.24,22061662
2024-07-16,MGLU3,13.61,13.73,12.9,12.98,12.48,28411425
2024-07-16,PETR4,38.35,38.5,38.11,38.4,30.12,19637000
2024-07-16,VALE3,62.29,62.34,61.37,62.33,51.22,22363900
2024-07-16,WEGE3,46.57,47.21,46.39,46.68,43.77,8663600
2024-07-17,ABEV3,11.71,11.91,11.66,11.82,10.39,30589900
2024-07-17,B3SA3,11.51,11.56,11.4,11.49,10.63,32806900
2024-07-17,BBDC4,12.64,12.8,12.61,12.8,10.71,23144800
2024-07-17,ITUB4,29.76,30.23,29.66,30.15,25.52,18500757
2024-07-17,MGLU3,12.95,13.21,12.72,12.82,12.33,19599615
2024-07-17,PETR4,38.43,38.69,38.34,38.6,30.28,24606100
2024-07-17,VALE3,61.88,62.02,61.58,61.75,50.75,23145000
2024-07-17,WEGE3,46.88,47.36,46.55,47.05,44.12,5579100
2024-07-18,ABEV3,11.76,11.86,11.64,11.67,10.26,30271600
2024-07-18,B3SA3,11.42,11.51,11.13,11.17,10.33,46897800
2024-07-18,BBDC4,12.76,12.8,12.56,12.56,10.51,22829000
2024-07-18,ITUB4,30.07,30.19,29.81,30.01,25.4,17774957
2024-07-18,MGLU3,12.86,12.92,11.97,12.07,11.61,27876450
2024-07-18,PETR4,38.5,38.66,38.35,38.53,30.22,21315500
2024-07-18,VALE3,61.7,61.91,61.06,61.17,50.27,20625500
2024-07-18,WEGE3,46.98,47.4,46.55,47.4,44.45,7334900
2024-07-19,ABEV3,11.65,11.77,11.65,11.73,10.31,22774900
2024-07-19,B3SA3,11.22,11.36,11.15,11.17,10.33,25877800
2024-07-19,BBDC4,12.65,12.7,12.49,12.49,10.45,31721300
2024-07-19,ITUB4,30.14,30.56,30.06,30.24,25.6,26942513
2024-07-19,MGLU3,12.06,12.37,11.91,11.97,11.51,19862535
2024-07-19,PETR4,38.5,38.77,38.39,38.69,30.35,30593100
2024-07-19,VALE3,61.2,61.38,60.44,61.12,50.23,20553900
2024-07-19,WEGE3,47.7,47.92,47.13,47.29,44.35,4210800
2024-07-22,ABEV3,11.67,11.86,11.65,11.81,10.38,23809300
2024-07-22,B3SA3,11.18,11.44,11.13,11.29,10.44,17799800
2024-07-22,BBDC4,12.54,12.67,12.51,12.63,10.57,20828400
2024-07-22,ITUB4,30.26,30.41,30.16,30.22,25.58,14046027
2024-07-22,MGLU3,12.06,12.22,11.74,11.74,11.29,21931140
2024-07-22,PETR4,38.59,38.59,37.88,37.92,29.74,25807800
2024-07-22,VALE3,61.12,61.27,60.73,61.05,50.17,13095200
2024-07-22,WEGE3,47.29,47.46,46.95,47.17,44.23,3704000
2024-07-23,ABEV3,11.81,11.83,11.74,11.78,10.36,20161400
2024-07-23,B3SA3,11.29,11.32,11.17,11.18,10.34,20302200
2024-07-23,BBDC4,12.61,12.63,12.51,12.54,10.5,22575300
2024-07-23,ITUB4,30.19,30.36,30.1,30.18,25.54,19171379
2024-07-23,MGLU3,11.66,11.88,11.57,11.6,11.16,19626495
2024-07-23,PETR4,37.92,38.0,37.43,37.43,29.36,25284700
2024-07-23,VALE3,60.6,60.6,60.0,60.23,49.5,22512000
2024-07-23,WEGE3,46.8,47.37,46.8,47.05,44.12,4935300
2024-07-24,ABEV3,11.75,11.87,11.73,11.79,10.37,22727500
2024-07-24,B3SA3,11.11,11.16,11.03,11.03,10.2,18716400
2024-07-24,BBDC4,12.58,12.65,12.51,12.55,10.5,17329000
2024-07-24,ITUB4,30.27,30.3,30.05,30.13,25.51,17873754
2024-07-24,MGLU3,11.58,11.65,11.05,11.11,10.69,18457530
2024-07-24,PETR4,37.66,38.0,37.5,37.73,29.59,23863800
2024-07-24,VALE3,60.26,60.75,60.21,60.6,49.8,17817300
2024-07-24,WEGE3,46.95,47.14,46.41,46.65,43.74,3907100
2024-07-25,ABEV3,11.79,11.92,11.73,11.85,10.42,21585700
2024-07-25,B3SA3,10.97,11.06,10.82,10.9,10.08,16615700
2024-07-25,BBDC4,12.51,12.56,12.34,12.35,10.34,27476800
2024-07-25,ITUB4,30.07,30.19,29.87,30.0,25.39,22461951
2024-07-25,MGLU3,11.11,11.36,10.99,11.05,10.63,15267210
2024-07-25,PETR4,37.56,37.75,37.27,37.68,29.55,19562600
2024-07-25,VALE3,60.5,61.19,60.26,60.57,49.78,17959500
2024-07-25,WEGE3,46.34,46.49,45.67,45.95,43.09,5990900
2024-07-26,ABEV3,11.82,11.88,11.75,11.88,10.45,23201600
2024-07-26,B3SA3,10.88,11.04,10.81,10.95,10.13,19124000
2024-07-26,BBDC4,12.36,12.48,12.31,12.45,10.42,45675500
2024-07-26,ITUB4,29.94,30.31,29.94,30.22,25.58,12668639
2024-07-26,MGLU3,11.1,11.41,10.9,11.32,10.89,18989775
2024-07-26,PETR4,37.67,38.13,37.42,37.64,29.52,32043200
2024-07-26,VALE3,61.45,61.74,61.01,61.47,50.52,72721200
2024-07-26,WEGE3,46.05,46.96,45.95,46.92,44.0,5986900
2024-07-29,ABEV3,11.87,11.88,11.76,11.82,10.39,38125500
2024-07-29,B3SA3,10.95,10.98,10.82,10.85,10.04,16649600
2024-07-29,BBDC4,12.45,12.52,12.35,12.5,10.46,20952000
2024-07-29,ITUB4,30.26,30.55,30.23,30.44,25.77,17147388
2024-07-29,MGLU3,11.38,11.41,10.54,10.67,10.26,28160160
2024-07-29,PETR4,37.51,37.72,36.42,36.88,28.93,39790000
2024-07-29,VALE3,61.69,61.8,61.15,61.58,50.61,28005900
2024-07-29,WEGE3,46.73,47.02,46.4,46.48,43.59,3952200
2024-07-30,ABEV3,11.79,11.81,11.64,11.64,10.23,29077200
2024-07-30,B3SA3,10.78,10.84,10.68,10.76,9.95,21917500
2024-07-30,BBDC4,12.45,12.48,12.36,12.4,10.38,20995500
2024-07-30,ITUB4,30.38,30.46,30.13,30.33,25.67,19972297
2024-07-30,MGLU3,10.59,10.87,10.51,10.55,10.15,16552935
2024-07-30,PETR4,36.51,36.77,36.39,36.65,28.75,16040700
2024-07-30,VALE3,61.03,61.11,60.2,60.22,49.49,28562300
2024-07-30,WEGE3,46.46,46.51,45.71,45.86,43.0,7409900
2024-07-31,ABEV3,11.6,11.73,11.51,11.58,10.18,66719000
2024-07-31,B3SA3,10.78,10.86,10.67,10.85,10.04,32559100
2024-07-31,BBDC4,12.4,12.48,12.38,12.43,10.4,32230200
2024-07-31,ITUB4,30.24,30.37,29.88,29.9,25.31,28667619
2024-07-31,MGLU3,10.69,10.91,10.54,10.54,10.14,15227940
2024-07-31,PETR4,37.05,37.41,36.96,37.41,29.34,28561100
2024-07-31,VALE3,60.91,61.68,60.76,61.63,50.65,34433100
2024-07-31,WEGE3,47.22,50.88,47.14,50.66,47.51,21911100
2024-08-01,ABEV3,11.75,11.99,11.63,11.74,10.32,37947400
2024-08-01,B3SA3,10.87,11.26,10.77,10.87,10.06,46829600
2024-08-01,BBDC4,12.46,12.68,12.45,12.59,10.54,59113900
2024-08-01,ITUB4,30.03,30.11,29.36,29.45,24.94,25644208
2024-08-01,MGLU3,10.76,10.95,10.22,10.29,9.89,20804700
2024-08-01,PETR4,37.75,37.83,36.79,36.84,28.9,29756300
2024-08-01,VALE3,61.85,61.87,60.22,60.25,49.51,40469400
2024-08-01,WEGE3,50.6,52.93,50.03,52.84,49.55,13624400
2024-08-02,ABEV3,11.7,11.87,11.69,11.87,10.44,29723800
2024-08-02,B3SA3,10.9,11.08,10.76,10.86,10.05,51921800
2024-08-02,BBDC4,12.66,12.75,12.52,12.65,10.6,57959900
2024-08-02,ITUB4,29.56,29.6,28.94,29.08,24.63,27354812
2024-08-02,MGLU3,10.36,11.04,10.36,11.02,10.6,27257895
2024-08-02,PETR4,36.72,36.8,35.73,35.73,28.03,36483900
2024-08-02,VALE3,60.64,60.85,59.36,59.41,48.82,35296000
2024-08-02,WEGE3,52.65,52.84,49.67,49.82,46.72,15383100
2024-08-05,ABEV3,11.83,11.91,11.58,11.85,10.42,28528000
2024-08-05,B3SA3,10.47,10.87,10.43,10.86,10.05,39632900
2024-08-05,BBDC4,12.85,13.76,12.65,13.61,11.41,133145300
2024-08-05,ITUB4,28.64,29.15,28.55,29.08,24.63,30036736
2024-08-05,MGLU3,10.48,11.1,10.11,10.99,10.57,33601785
2024-08-05,PETR4,34.8,35.7,34.6,35.7,28.0,44765900
2024-08-05,VALE3,56.31,57.39,55.9,57.02,48.57,24635900
2024-08-05,WEGE3,48.0,49.43,47.57,48.86,45.99,10892300
2024-08-06,ABEV3,11.81,12.11,11.8,12.01,10.56,27415700
2024-08-06,B3SA3,10.98,11.07,10.61,10.89,10.07,31887700
2024-08-06,BBDC4,13.86,14.18,13.8,14.06,11.78,104219100
2024-08-06,ITUB4,29.14,29.96,29.14,29.73,25.18,29244996
2024-08-06,MGLU3,10.97,11.12,10.41,10.76,10.35,25576320
2024-08-06,PETR4,35.6,36.66,35.34,36.32,28.49,36009000
2024-08-06,VALE3,56.74,57.52,56.3,57.31,48.82,23930200
2024-08-06,WEGE3,49.31,49.31,48.32,48.97,46.09,5361900
2024-08-07,ABEV3,12.07,12.56,12.04,12.51,11.0,48591300
2024-08-07,B3SA3,10.98,11.17,10.92,11.14,10.31,26401800
2024-08-07,BBDC4,14.17,14.51,13.93,14.09,11.81,59096500
2024-08-07,ITUB4,30.05,30.17,29.19,29.81,25.24,46066533
2024-08-07,MGLU3,10.96,11.67,10.92,11.61,11.17,25173540
2024-08-07,PETR4,36.7,36.75,36.0,36.27,28.45,25020500
2024-08-07,VALE3,57.31,57.59,57.02,57.2,48.72,19243400
2024-08-07,WEGE3,49.12,49.14,48.17,48.32,45.48,4746100
2024-08-08,ABEV3,12.46,12.56,12.31,12.36,10.87,28173200
2024-08-08,B3SA3,11.15,11.36,11.09,11.35,10.5,25036600
2024-08-08,BBDC4,14.08,14.39,14.06,14.25,11.94,44280800
2024-08-08,ITUB4,29.88,30.13,29.6,29.7,25.15,22235464
2024-08-08,MGLU3,11.63,12.1,11.63,11.94,11.49,21979965
2024-08-08,PETR4,36.35,36.95,36.16,36.85,28.9,29870300
2024-08-08,VALE3,57.03,57.5,56.82,56.85,48.43,14584800
2024-08-08,WEGE3,48.3,50.15,48.25,49.69,46.77,6144900
2024-08-09,ABEV3,12.44,12.48,12.31,12.45,10.95,19122000
2024-08-09,B3SA3,11.71,12.13,11.61,12.02,11.12,57161200
2024-08-09,BBDC4,14.25,14.69,14.23,14.6,12.24,37787700
2024-08-09,ITUB4,29.83,30.5,29.79,30.5,25.83,27350166
2024-08-09,MGLU3,12.29,12.62,11.63,12.34,11.87,43202145
2024-08-09,PETR4,36.13,36.95,35.58,36.51,28.64,66082100
2024-08-09,VALE3,57.12,57.16,56.5,57.06,48.61,21989300
2024-08-09,WEGE3,49.77,50.1,48.69,49.7,46.78,7694400
2024-08-12,ABEV3,12.5,12.55,12.39,12.39,10.89,17501300
2024-08-12,B3SA3,12.09,12.29,12.04,12.2,11.29,43079700
2024-08-12,BBDC4,14.62,14.74,14.56,14.7,12.32,24117200
2024-08-12,ITUB4,30.6,30.73,30.42,30.55,25.87,23753798
2024-08-12,MGLU3,12.43,13.18,12.33,12.33,11.86,41530755
2024-08-12,PETR4,36.8,37.81,36.8,37.34,29.29,39655100
2024-08-12,VALE3,57.1,57.11,56.52,56.77,48.36,18421500
2024-08-12,WEGE3,50.07,50.77,49.79,50.58,47.61,8193400
2024-08-13,ABEV3,12.47,12.66,12.41,12.57,11.05,30082000
2024-08-13,B3SA3,12.29,12.64,12.24,12.64,11.69,42332500
2024-08-13,BBDC4,14.77,14.97,14.71,14.88,12.47,36761400
2024-08-13,ITUB4,30.76,31.41,30.64,31.41,26.6,44797573
2024-08-13,MGLU3,12.57,12.76,12.38,12.66,12.17,25403385
2024-08-13,PETR4,37.53,37.63,36.97,37.11,29.11,28557200
2024-08-13,VALE3,56.99,56.99,56.52,56.52,48.15,26100900
2024-08-13,WEGE3,50.98,52.29,50.82,51.13,48.13,10203100
2024-08-14,ABEV3,12.57,12.69,12.54,12.56,11.04,22128400
2024-08-14,B3SA3,12.65,12.8,12.52,12.7,11.75,44443400
2024-08-14,BBDC4,14.85,15.12,14.85,15.01,12.58,53268600
2024-08-14,ITUB4,31.41,32.46,31.41,32.19,27.26,61454486
2024-08-14,MGLU3,12.48,12.81,12.04,12.13,11.67,26805030
2024-08-14,PETR4,37.19,38.0,37.16,37.76,29.62,37955500
2024-08-14,VALE3,55.96,56.09,55.48,56.0,47.7,51693500
2024-08-14,WEGE3,51.16,51.81,50.9,51.54,48.51,7557200
2024-08-15,ABEV3,12.65,13.15,12.58,13.03,11.46,48543500
2024-08-15,B3SA3,12.7,12.83,12.61,12.71,11.76,25924400
2024-08-15,BBDC4,15.07,15.23,15.01,15.16,12.71,31738900
2024-08-15,ITUB4,32.37,32.74,32.27,32.7,27.69,36976474
2024-08-15,MGLU3,12.21,12.77,11.96,12.66,12.17,20585040
2024-08-15,PETR4,38.05,38.56,38.0,38.34,30.07,33409000
2024-08-15,VALE3,55.9,56.36,55.69,56.23,47.9,28153700
2024-08-15,WEGE3,51.97,53.08,51.88,52.7,49.6,6993700
2024-08-16,ABEV3,13.15,13.4,13.01,13.01,11.44,39842400
2024-08-16,B3SA3,12.8,12.92,12.41,12.49,11.55,32001400
2024-08-16,BBDC4,15.23,15.29,14.85,14.97,12.55,49810300
2024-08-16,ITUB4,32.87,33.09,32.34,32.43,27.46,39069012
2024-08-16,MGLU3,12.68,12.72,11.98,11.98,11.52,19720365
2024-08-16,PETR4,38.17,38.77,38.03,38.5,30.2,35472700
2024-08-16,VALE3,55.95,56.09,55.53,56.08,47.77,44280200
2024-08-16,WEGE3,52.98,53.98,52.4,53.25,50.12,10598700
2024-08-19,ABEV3,13.04,13.1,12.96,13.01,11.44,29029900
2024-08-19,B3SA3,12.61,12.91,12.55,12.79,11.83,31024400
2024-08-19,BBDC4,15.11,15.88,15.1,15.64,13.11,73702900
2024-08-19,ITUB4,32.55,32.89,32.46,32.62,27.63,25227717
2024-08-19,MGLU3,12.12,13.33,12.11,13.26,12.75,33966030
2024-08-19,PETR4,38.6,38.79,38.4,38.44,30.15,28138200
2024-08-19,VALE3,56.52,57.52,56.36,56.98,48.54,28349600
2024-08-19,WEGE3,53.67,54.0,51.79,51.79,48.75,11183700
2024-08-20,ABEV3,12.99,13.04,12.87,12.94,11.38,16424000
2024-08-20,B3SA3,12.77,13.02,12.76,12.9,11.93,47554300
2024-08-20,BBDC4,15.76,15.79,15.41,15.7,13.16,30434800
2024-08-20,ITUB4,32.66,32.97,32.43,32.86,27.83,17856533
2024-08-20,MGLU3,13.26,13.27,12.93,13.14,12.64,17052735
2024-08-20,PETR4,38.5,38.68,37.89,38.29,30.03,27322600
2024-08-20,VALE3,57.38,57.59,56.81,57.2,48.72,19475800
2024-08-20,WEGE3,52.28,53.42,51.92,53.11,49.99,6174500
2024-08-21,ABEV3,12.92,13.04,12.84,12.94,11.38,24177300
2024-08-21,B3SA3,12.96,12.96,12.83,12.96,11.99,55896700
2024-08-21,BBDC4,15.7,15.76,15.57,15.63,13.1,25842000
2024-08-21,ITUB4,32.95,32.99,32.58,32.73,27.72,16012462
2024-08-21,MGLU3,13.17,13.41,12.78,13.19,12.69,20823810
2024-08-21,PETR4,38.68,38.79,37.94,38.06,29.85,38491900
2024-08-21,VALE3,58.25,58.56,58.1,58.3,49.66,23200300
2024-08-21,WEGE3,53.05,53.6,52.67,53.43,50.29,4524500
2024-08-22,ABEV3,12.95,13.03,12.91,13.0,11.43,25724200
2024-08-22,B3SA3,12.89,12.96,12.5,12.54,11.6,43486300
2024-08-22,BBDC4,15.58,15.63,15.47,15.52,13.01,33853100
2024-08-22,ITUB4,32.06,32.44,32.04,32.43,27.46,24315199
2024-08-22,MGLU3,13.05,13.18,12.5,12.55,12.07,17026275
2024-08-22,PETR4,37.28,37.3,36.86,37.12,29.94,26334300
2024-08-22,VALE3,58.24,58.38,57.85,58.38,49.73,17719100
2024-08-22,WEGE3,53.45,54.78,53.45,54.2,51.02,6979500
2024-08-23,ABEV3,13.06,13.21,13.05,13.08,11.5,33099000
2024-08-23,B3SA3,12.65,12.85,12.54,12.74,11.79,58243700
2024-08-23,BBDC4,15.62,15.94,15.62,15.66,13.13,33620800
2024-08-23,ITUB4,32.47,32.7,32.1,32.18,27.25,24645695
2024-08-23,MGLU3,12.71,13.11,12.5,12.97,12.48,17788575
2024-08-23,PETR4,37.37,37.53,36.89,36.89,29.76,29239000
2024-08-23,VALE3,58.26,58.38,57.25,57.4,48.9,24018700
2024-08-23,WEGE3,54.5,54.75,53.77,53.81,50.65,4682400
2024-08-26,ABEV3,13.11,13.22,13.01,13.08,11.5,20467700
2024-08-26,B3SA3,12.8,12.85,12.7,12.8,11.84,29501300
2024-08-26,BBDC4,15.66,15.69,15.57,15.61,13.08,13905900
2024-08-26,ITUB4,32.24,32.34,32.0,32.25,27.31,16314180
2024-08-26,MGLU3,13.1,13.12,12.45,12.71,12.23,17104710
2024-08-26,PETR4,37.86,39.61,37.71,39.57,31.92,102270300
2024-08-26,VALE3,58.5,58.55,58.05,58.05,49.45,17168700
2024-08-26,WEGE3,53.81,54.2,53.16,54.08,50.9,4814100
2024-08-27,ABEV3,13.02,13.12,12.95,13.03,11.46,22335000
2024-08-27,B3SA3,12.8,12.83,12.62,12.65,11.7,39600600
2024-08-27,BBDC4,15.62,15.62,15.4,15.42,12.92,18690000
2024-08-27,ITUB4,32.24,32.4,32.07,32.29,27.34,16586780
2024-08-27,MGLU3,12.7,13.08,12.65,12.83,12.34,15401190
2024-08-27,PETR4,39.25,39.37,38.95,39.04,31.49,35073100
2024-08-27,VALE3,59.7,60.14,59.09,59.8,50.94,35232600
2024-08-27,WEGE3,54.08,54.32,53.4,54.0,50.83,3857600
2024-08-28,ABEV3,13.04,13.07,12.81,12.95,11.39,21175200
2024-08-28,B3SA3,12.57,12.76,12.56,12.7,11.75,30210200
2024-08-28,BBDC4,15.3,15.77,15.17,15.67,13.13,27179000
2024-08-28,ITUB4,32.09,33.07,31.98,32.98,27.93,36121512
2024-08-28,MGLU3,12.7,12.83,12.51,12.55,12.07,15821610
2024-08-28,PETR4,38.94,39.86,38.78,39.6,31.94,43284500
2024-08-28,VALE3,59.37,59.5,58.68,59.37,50.57,21280300
2024-08-28,WEGE3,54.01,54.57,53.69,54.0,50.83,3555600
2024-08-29,ABEV3,12.93,12.98,12.79,12.86,11.31,17873300
2024-08-29,B3SA3,12.6,12.67,12.43,12.54,11.6,39235500
2024-08-29,BBDC4,15.6,15.68,15.51,15.63,13.1,29559800
2024-08-29,ITUB4,32.82,32.99,32.62,32.62,27.63,25176619
2024-08-29,MGLU3,12.57,12.62,12.06,12.28,11.81,21252735
2024-08-29,PETR4,39.65,39.83,39.28,39.33,31.73,25356600
2024-08-29,VALE3,59.41,59.97,59.1,59.3,50.51,19175500
2024-08-29,WEGE3,53.75,54.02,53.35,53.54,50.4,6435200
2024-08-30,ABEV3,12.77,12.87,12.75,12.86,11.31,50852200
2024-08-30,B3SA3,12.43,12.7,12.37,12.68,11.73,118454800
2024-08-30,BBDC4,15.54,15.67,15.49,15.64,13.11,51286000
2024-08-30,ITUB4,32.51,32.63,32.14,32.39,27.43,69846390
2024-08-30,MGLU3,12.14,12.17,11.55,11.58,11.14,26457900
2024-08-30,PETR4,39.22,39.65,38.88,39.37,31.76,84437200
2024-08-30,VALE3,59.12,59.73,59.08,59.58,50.75,36685200
2024-08-30,WEGE3,53.23,54.15,52.96,54.15,50.97,17140300
2024-09-02,ABEV3,12.81,12.89,12.7,12.87,11.32,12639100
2024-09-02,B3SA3,12.59,12.64,12.37,12.43,11.5,15680500
2024-09-02,BBDC4,15.5,15.63,15.45,15.6,13.08,17133800
2024-09-02,ITUB4,32.28,32.39,32.07,32.12,27.21,11520344
2024-09-02,MGLU3,11.43,11.62,11.27,11.4,10.96,13851495
2024-09-02,PETR4,39.33,39.4,38.89,39.0,31.46,15288400
2024-09-02,VALE3,58.82,58.88,58.42,58.74,50.04,13155000
2024-09-02,WEGE3,54.49,54.59,52.17,52.35,49.28,5049200
2024-09-03,ABEV3,12.91,12.95,12.78,12.8,11.25,19701100
2024-09-03,B3SA3,12.45,12.52,12.12,12.15,11.24,38221000
2024-09-03,BBDC4,15.6,15.89,15.6,15.75,13.22,26984600
2024-09-03,ITUB4,32.21,32.65,32.09,32.64,27.66,17829227
2024-09-03,MGLU3,11.61,11.7,11.05,11.12,10.7,21533190
2024-09-03,PETR4,38.79,38.82,38.38,38.53,31.08,35866300
2024-09-03,VALE3,57.95,57.95,56.47,56.55,48.17,29504400
2024-09-03,WEGE3,52.38,53.11,52.2,52.8,49.7,4760400
2024-09-04,ABEV3,12.84,13.05,12.82,12.99,11.42,22848700
2024-09-04,B3SA3,12.12,12.77,12.12,12.55,11.61,44741500
2024-09-04,BBDC4,15.84,16.11,15.8,15.87,13.32,33458800
2024-09-04,ITUB4,32.79,33.35,32.67,32.87,27.85,23012702
2024-09-04,MGLU3,11.23,11.76,11.19,11.47,11.03,19044900
2024-09-04,PETR4,38.74,38.92,38.52,38.54,31.09,28851300
2024-09-04,VALE3,56.7,57.44,56.47,56.99,48.55,19501800
2024-09-04,WEGE3,52.93,53.61,52.53,53.39,50.25,4687100
2024-09-05,ABEV3,12.94,13.02,12.92,12.97,11.4,14577100
2024-09-05,B3SA3,12.53,12.6,12.43,12.59,11.65,18944700
2024-09-05,BBDC4,15.83,16.15,15.78,16.01,13.44,29843800
2024-09-05,ITUB4,32.92,33.19,32.78,33.08,28.03,13102351
2024-09-05,MGLU3,11.47,11.77,11.07,11.71,11.27,26079795
2024-09-05,PETR4,38.65,38.89,38.3,38.3,30.9,26206600
2024-09-05,VALE3,56.89,57.64,56.73,57.4,48.9,16585500
2024-09-05,WEGE3,53.02,54.1,52.86,53.99,50.82,3816500
2024-09-06,ABEV3,12.92,13.07,12.91,12.99,11.42,20976300
2024-09-06,B3SA3,12.51,12.55,12.22,12.23,11.31,27784200
2024-09-06,BBDC4,16.05,16.07,15.62,15.7,13.18,19284000
2024-09-06,ITUB4,33.17,33.17,32.54,32.61,27.63,18068290
2024-09-06,MGLU3,11.7,11.91,11.2,11.24,10.81,18652410
2024-09-06,PETR4,38.37,38.45,37.47,37.55,30.29,32971700
2024-09-06,VALE3,57.5,57.52,56.58,56.68,48.28,17917900
2024-09-06,WEGE3,53.79,53.91,52.72,52.88,49.77,4776400
2024-09-09,ABEV3,12.99,13.21,12.97,13.11,11.53,35098100
2024-09-09,B3SA3,12.23,12.33,12.21,12.3,11.38,13782900
2024-09-09,BBDC4,15.7,15.88,15.67,15.75,13.22,16779800
2024-09-09,ITUB4,32.67,33.05,32.63,32.93,27.9,15484371
2024-09-09,MGLU3,11.26,11.32,10.97,10.97,10.55,12805905
2024-09-09,PETR4,37.84,38.25,37.61,37.96,30.62,30521800
2024-09-09,VALE3,57.11,57.34,56.67,56.68,48.28,10204400
2024-09-09,WEGE3,52.85,53.03,52.07,52.45,49.37,4805900
2024-09-10,ABEV3,13.01,13.32,13.01,13.24,11.64,27649100
2024-09-10,B3SA3,12.22,12.46,12.17,12.44,11.51,70072700
2024-09-10,BBDC4,15.68,15.85,15.53,15.8,13.26,27410100
2024-09-10,ITUB4,32.7,32.99,32.67,32.93,27.9,15099944
2024-09-10,MGLU3,10.86,10.96,10.7,10.79,10.38,13026300
2024-09-10,PETR4,37.92,37.92,37.0,37.33,30.11,37263500
2024-09-10,VALE3,56.84,56.9,55.93,56.0,47.7,17580600
2024-09-10,WEGE3,52.35,52.89,51.95,52.89,49.78,5643900
2024-09-11,ABEV3,13.3,13.3,13.02,13.04,11.47,21490600
2024-09-11,B3SA3,12.19,12.25,11.84,12.13,11.22,62897400
2024-09-11,BBDC4,15.79,15.83,15.58,15.62,13.11,19715400
2024-09-11,ITUB4,32.99,33.13,32.78,32.99,27.95,22282257
2024-09-11,MGLU3,10.9,10.97,10.63,10.73,10.32,16004730
2024-09-11,PETR4,37.76,37.83,36.87,37.29,30.08,32907000
2024-09-11,VALE3,56.74,57.65,56.71,57.59,49.06,25592400
2024-09-11,WEGE3,52.61,53.81,52.61,53.5,50.36,6069800
2024-09-12,ABEV3,12.96,12.99,12.76,12.91,11.35,34492700
2024-09-12,B3SA3,12.15,12.28,11.94,12.05,11.15,47159100
2024-09-12,BBDC4,15.56,15.67,15.38,15.55,13.05,21793200
2024-09-12,ITUB4,32.84,32.9,32.39,32.63,27.65,16309421
2024-09-12,MGLU3,10.77,10.77,10.54,10.64,10.23,13165320
2024-09-12,PETR4,37.29,37.32,36.75,36.87,29.74,22103300
2024-09-12,VALE3,58.1,58.54,57.96,58.11,49.5,17929800
2024-09-12,WEGE3,53.35,54.28,52.64,53.31,50.18,6480500
2024-09-13,ABEV3,12.95,13.0,12.72,12.73,11.19,21946500
2024-09-13,B3SA3,12.15,12.38,12.09,12.13,11.22,64866300
2024-09-13,BBDC4,15.5,15.77,15.4,15.55,13.05,27724900
2024-09-13,ITUB4,32.8,32.95,32.29,32.67,27.68,22909713
2024-09-13,MGLU3,10.72,11.37,10.7,11.05,10.63,18622590
2024-09-13,PETR4,37.11,37.55,36.59,36.7,29.61,34729600
2024-09-13,VALE3,58.1,59.0,58.03,58.5,49.83,15045100
2024-09-13,WEGE3,53.26,54.15,52.98,53.62,50.47,2955000
2024-09-16,ABEV3,12.76,12.87,12.75,12.86,11.31,20765800
2024-09-16,B3SA3,12.2,12.24,12.1,12.16,11.25,24753700
2024-09-16,BBDC4,15.54,15.6,15.29,15.43,12.95,27880800
2024-09-16,ITUB4,32.71,32.85,32.51,32.66,27.67,12252828
2024-09-16,MGLU3,11.01,11.26,10.9,11.13,10.71,11519865
2024-09-16,PETR4,37.24,37.72,37.16,37.21,30.02,22614800
2024-09-16,VALE3,58.43,58.55,58.08,58.5,49.83,10548000
2024-09-16,WEGE3,53.62,53.92,52.65,53.0,49.89,2720400
2024-09-17,ABEV3,12.79,12.99,12.79,12.96,11.4,26068700
2024-09-17,B3SA3,12.13,12.26,12.03,12.26,11.34,18077800
2024-09-17,BBDC4,15.35,15.38,15.22,15.33,12.87,34079400
2024-09-17,ITUB4,32.58,32.64,32.36,32.58,27.6,19981701
2024-09-17,MGLU3,11.05,11.33,10.94,11.31,10.88,13852230
2024-09-17,PETR4,37.17,37.19,36.7,37.04,29.88,23443700
2024-09-17,VALE3,58.37,58.55,57.9,58.22,49.59,12056600
2024-09-17,WEGE3,53.0,53.48,52.76,53.32,50.19,4258700
2024-09-18,ABEV3,12.86,13.14,12.85,12.98,11.41,26897100
2024-09-18,B3SA3,12.18,12.38,12.09,12.13,11.22,42205300
2024-09-18,BBDC4,15.25,15.43,15.17,15.24,12.79,32088700
2024-09-18,ITUB4,32.52,32.68,32.27,32.39,27.45,18703790
2024-09-18,MGLU3,11.18,11.63,10.97,10.97,10.55,22646925
2024-09-18,PETR4,36.91,36.93,36.15,36.15,29.16,38777000
2024-09-18,VALE3,57.59,58.17,57.45,57.54,49.01,14429800
2024-09-18,WEGE3,53.2,54.27,52.95,53.6,50.45,6973800
2024-09-19,ABEV3,13.0,13.11,12.89,12.95,11.39,44713200
2024-09-19,B3SA3,12.22,12.26,12.0,12.0,11.1,51993800
2024-09-19,BBDC4,15.3,15.3,14.99,15.03,12.61,38153100
2024-09-19,ITUB4,32.48,32.55,32.1,32.3,27.37,27012532
2024-09-19,MGLU3,11.13,11.22,10.61,10.63,10.22,21187530
2024-09-19,PETR4,36.57,36.78,36.19,36.27,29.26,25059700
2024-09-19,VALE3,58.57,58.85,58.17,58.23,49.6,19328400
2024-09-19,WEGE3,53.3,53.5,52.82,53.26,50.13,4842400
2024-09-20,ABEV3,12.96,13.0,12.73,12.76,11.22,41412300
2024-09-20,B3SA3,12.0,12.06,11.57,11.6,10.73,55541400
2024-09-20,BBDC4,15.1,15.12,14.64,14.75,12.38,57966500
2024-09-20,ITUB4,32.06,32.2,31.69,31.71,27.07,34731661
2024-09-20,MGLU3,10.61,10.62,9.86,9.86,9.48,35610225
2024-09-20,PETR4,36.27,36.4,36.07,36.26,29.25,48336200
2024-09-20,VALE3,57.71,58.16,56.95,57.35,48.85,30842600
2024-09-20,WEGE3,53.01,53.57,52.52,52.52,49.44,11824400
2024-09-23,ABEV3,12.7,12.86,12.65,12.75,11.21,20009400
2024-09-23,B3SA3,11.55,11.55,11.19,11.2,10.36,58376700
2024-09-23,BBDC4,14.68,14.68,14.33,14.37,12.06,45384200
2024-09-23,ITUB4,31.54,31.76,31.39,31.53,26.91,17373195
2024-09-23,MGLU3,9.73,9.88,9.46,9.54,9.18,22482705
2024-09-23,PETR4,36.39,36.96,36.22,36.63,29.55,28218500
2024-09-23,VALE3,57.09,57.86,56.6,57.53,49.01,18164700
2024-09-23,WEGE3,52.41,54.32,52.39,54.32,51.13,4877100
2024-09-24,ABEV3,12.79,12.9,12.69,12.76,11.22,22598600
2024-09-24,B3SA3,11.36,11.42,11.17,11.25,10.41,84784300
2024-09-24,BBDC4,14.55,14.57,14.26,14.35,12.04,44927000
2024-09-24,ITUB4,31.82,32.07,31.35,31.52,26.91,27208315
2024-09-24,MGLU3,9.8,9.84,9.54,9.7,9.33,16186695
2024-09-24,PETR4,37.23,37.31,36.72,36.78,29.67,35104100
2024-09-24,VALE3,60.21,60.74,59.64,60.34,51.4,44910100
2024-09-24,WEGE3,54.5,55.78,54.47,55.39,52.14,8896000
2024-09-25,ABEV3,12.78,12.98,12.68,12.68,11.15,33524600
2024-09-25,B3SA3,11.18,11.25,10.73,10.79,10.07,117931300
2024-09-25,BBDC4,14.4,14.53,14.35,14.44,12.12,44200800
2024-09-25,ITUB4,31.58,31.92,31.58,31.92,27.25,24582587
2024-09-25,MGLU3,9.78,9.84,9.37,9.52,9.16,21502530
2024-09-25,PETR4,37.1,37.43,36.96,37.05,29.89,38655300
2024-09-25,VALE3,60.72,61.25,60.42,60.61,51.63,21557700
2024-09-25,WEGE3,55.55,55.86,55.05,55.68,52.41,6674000
2024-09-26,ABEV3,12.76,12.87,12.72,12.84,11.29,16241400
2024-09-26,B3SA3,10.86,10.97,10.76,10.85,10.12,167073900
2024-09-26,BBDC4,14.53,14.84,14.48,14.81,12.43,58564400
2024-09-26,ITUB4,32.22,32.56,32.07,32.32,27.59,42599440
2024-09-26,MGLU3,9.6,9.84,9.3,9.33,8.98,23224425
2024-09-26,PETR4,36.92,36.92,35.97,36.25,29.24,58048200
2024-09-26,VALE3,62.6,64.38,62.45,64.25,54.73,61449300
2024-09-26,WEGE3,55.8,56.14,55.21,56.05,52.76,5616900
2024-09-27,ABEV3,12.8,12.99,12.79,12.92,11.36,24958600
2024-09-27,B3SA3,10.84,10.95,10.68,10.73,10.01,64574600
2024-09-27,BBDC4,14.78,15.16,14.73,14.94,12.54,44021100
2024-09-27,ITUB4,32.25,32.53,32.23,32.44,27.7,31411178
2024-09-27,MGLU3,9.33,9.89,9.33,9.52,9.16,24109680
2024-09-27,PETR4,36.38,36.38,35.93,36.11,29.13,34537400
2024-09-27,VALE3,64.7,65.04,63.17,63.96,54.48,37237900
2024-09-27,WEGE3,55.95,56.09,55.51,56.03,52.74,6450600
2024-09-30,ABEV3,12.94,13.17,12.9,13.08,11.5,31164900
2024-09-30,B3SA3,10.68,10.8,10.59,10.71,9.99,60955500
2024-09-30,BBDC4,14.93,15.0,14.65,14.7,12.34,37058100
2024-09-30,ITUB4,32.3,32.66,31.87,31.87,27.21,28491777
2024-09-30,MGLU3,9.52,9.58,9.02,9.24,8.88,26500530
2024-09-30,PETR4,36.16,36.28,35.92,36.01,29.05,21146300
2024-09-30,VALE3,65.32,65.32,63.51,63.51,54.1,28980300
2024-09-30,WEGE3,55.63,56.24,54.39,54.39,51.26,6435400
2024-10-01,ABEV3,13.2,13.72,13.13,13.6,11.96,65825500
2024-10-01,B3SA3,10.86,10.93,10.71,10.71,9.99,38491000
2024-10-01,BBDC4,14.62,14.82,14.51,14.69,12.5,29701400
2024-10-01,ITUB4,32.0,32.05,31.27,31.33,26.76,30144937
2024-10-01,MGLU3,9.31,9.46,9.14,9.26,8.9,22765155
2024-10-01,PETR4,36.01,37.52,35.83,36.97,29.82,49748200
2024-10-01,VALE3,63.5,64.25,63.15,63.82,54.36,18091500
2024-10-01,WEGE3,55.0,56.22,54.8,55.88,52.66,8044000
2024-10-02,ABEV3,13.7,13.85,13.61,13.72,12.06,51056800
2024-10-02,B3SA3,10.9,10.98,10.78,10.94,10.21,61962200
2024-10-02,BBDC4,15.03,15.31,15.01,15.2,12.95,48598900
2024-10-02,ITUB4,31.66,32.0,31.35,31.53,26.93,23530370
2024-10-02,MGLU3,9.36,9.64,9.28,9.38,9.02,26206005
2024-10-02,PETR4,37.75,37.93,37.35,37.48,30.23,32014500
2024-10-02,VALE3,64.42,65.35,63.97,64.17,54.66,20310600
2024-10-02,WEGE3,56.13,56.37,55.14,55.35,52.16,5130300
2024-10-03,ABEV3,13.55,13.63,13.4,13.4,11.78,45000000
2024-10-03,B3SA3,10.79,10.84,10.67,10.72,10.0,41875600
2024-10-03,BBDC4,15.1,15.21,14.94,15.04,12.81,34496900
2024-10-03,ITUB4,31.09,31.17,30.58,30.75,26.26,35700490
2024-10-03,MGLU3,9.19,9.44,8.98,9.27,8.91,25796820
2024-10-03,PETR4,37.44,38.04,37.21,37.94,30.61,31033000
2024-10-03,VALE3,63.63,63.8,62.43,62.94,53.61,26675400
2024-10-03,WEGE3,54.76,55.0,53.95,54.6,51.46,4470600
2024-10-04,ABEV3,13.26,13.45,13.17,13.28,11.68,36607700
2024-10-04,B3SA3,10.7,10.76,10.65,10.75,10.03,42988300
2024-10-04,BBDC4,14.93,15.31,14.9,15.06,12.83,23637900
2024-10-04,ITUB4,30.62,31.02,30.56,30.81,26.32,17541559
2024-10-04,MGLU3,9.2,9.3,9.06,9.21,8.86,18685695
2024-10-04,PETR4,38.15,38.2,37.67,37.84,30.52,22526800
2024-10-04,VALE3,62.92,63.01,62.3,62.48,53.22,16268300
2024-10-04,WEGE3,54.36,54.98,54.26,54.5,51.36,4819200
2024-10-07,ABEV3,13.41,13.41,13.14,13.17,11.58,20788600
2024-10-07,B3SA3,10.8,10.81,10.46,10.55,9.84,50239800
2024-10-07,BBDC4,15.2,15.43,15.12,15.2,12.95,28305600
2024-10-07,ITUB4,31.07,31.17,30.76,31.02,26.49,26410683
2024-10-07,MGLU3,9.34,9.46,8.93,9.06,8.71,25405800
2024-10-07,PETR4,38.04,38.38,37.9,38.37,30.95,36418000
2024-10-07,VALE3,62.9,63.74,62.44,63.03,53.69,22467400
2024-10-07,WEGE3,54.65,54.71,53.36,53.4,50.33,5409300
2024-10-08,ABEV3,13.03,13.13,13.01,13.08,11.5,35995700
2024-10-08,B3SA3,10.66,10.78,10.63,10.7,9.98,46497200
2024-10-08,BBDC4,15.22,15.35,15.19,15.22,12.96,22407600
2024-10-08,ITUB4,31.23,31.34,31.13,31.2,26.65,26176152
2024-10-08,MGLU3,9.08,9.17,9.01,9.11,8.77,19517820
2024-10-08,PETR4,37.47,37.75,37.45,37.6,30.33,34142000
2024-10-08,VALE3,60.81,61.12,60.65,61.12,52.06,38028100
2024-10-08,WEGE3,54.15,54.57,54.01,54.31,51.18,6798000
2024-10-09,ABEV3,12.95,13.15,12.95,13.08,11.5,28383000
2024-10-09,B3SA3,10.61,10.74,10.58,10.68,9.97,45895200
2024-10-09,BBDC4,15.12,15.2,14.83,14.92,12.71,31287500
2024-10-09,ITUB4,30.99,31.07,30.56,30.63,26.16,23707005
2024-10-09,MGLU3,9.02,9.07,8.8,8.8,8.46,18004035
2024-10-09,PETR4,37.37,37.52,37.01,37.22,30.02,30789800
2024-10-09,VALE3,60.67,61.06,60.25,60.96,51.93,22758400
2024-10-09,WEGE3,53.92,54.31,53.29,54.0,50.89,5806100
2024-10-10,ABEV3,13.05,13.19,13.05,13.11,11.53,19340400
2024-10-10,B3SA3,10.71,10.83,10.7,10.75,10.03,37701700
2024-10-10,BBDC4,14.92,15.02,14.82,15.0,12.78,21996700
2024-10-10,ITUB4,30.64,30.86,30.51,30.79,26.3,23211884
2024-10-10,MGLU3,8.86,8.88,8.64,8.77,8.44,18369540
2024-10-10,PETR4,37.4,37.74,37.32,37.65,30.37,20630100
2024-10-10,VALE3,61.45,61.45,60.75,61.25,52.17,17192100
2024-10-10,WEGE3,53.7,54.18,53.52,54.18,51.06,3762500
2024-10-11,ABEV3,13.09,13.12,12.84,12.88,11.33,31193700
2024-10-11,B3SA3,10.72,10.75,10.54,10.69,9.97,25480900
2024-10-11,BBDC4,14.98,15.0,14.73,14.8,12.61,35337900
2024-10-11,ITUB4,30.74,30.86,30.49,30.56,26.11,19225310
2024-10-11,MGLU3,8.78,9.02,8.5,9.0,8.66,29925105
2024-10-11,PETR4,37.6,37.65,37.32,37.62,30.35,16343000
2024-10-11,VALE3,60.99,62.27,60.98,62.13,52.92,20939400
2024-10-11,WEGE3,54.19,54.38,53.63,54.17,51.05,3283900
2024-10-14,ABEV3,12.86,12.97,12.84,12.92,11.36,21045900
2024-10-14,B3SA3,10.69,10.98,10.66,10.88,10.15,35854800
2024-10-14,BBDC4,14.79,15.08,14.78,15.02,12.79,22762100
2024-10-14,ITUB4,30.66,30.95,30.56,30.76,26.27,16356101
2024-10-14,MGLU3,8.96,9.58,8.86,9.33,8.98,25906650
2024-10-14,PETR4,37.47,37.9,37.35,37.71,30.42,22279000
2024-10-14,VALE3,62.32,62.52,61.33,61.93,52.75,44954000
2024-10-14,WEGE3,54.17,55.04,53.7,55.04,51.87,5422800
2024-10-15,ABEV3,12.93,12.95,12.81,12.88,11.33,33545800
2024-10-15,B3SA3,10.9,11.0,10.79,10.84,10.11,30199500
2024-10-15,BBDC4,15.05,15.24,15.01,15.15,12.9,29965600
2024-10-15,ITUB4,30.8,31.17,30.65,31.11,26.57,32631872
2024-10-15,MGLU3,9.43,9.5,9.15,9.24,8.88,17224620
2024-10-15,PETR4,37.21,37.41,37.06,37.4,30.17,28204600
2024-10-15,VALE3,61.1,61.2,60.57,61.17,52.11,25559300
2024-10-15,WEGE3,55.4,56.53,54.88,56.53,53.28,8123800
2024-10-16,ABEV3,12.89,13.0,12.85,12.94,11.38,34342600
2024-10-16,B3SA3,10.85,11.01,10.75,10.98,10.24,41240600
2024-10-16,BBDC4,15.11,15.26,14.97,15.1,12.86,55542100
2024-10-16,ITUB4,31.11,31.13,30.76,30.93,26.41,39642197
2024-10-16,MGLU3,9.19,9.5,9.12,9.33,8.98,22507065
2024-10-16,PETR4,37.55,37.58,37.19,37.21,30.02,23041200
2024-10-16,VALE3,61.93,62.38,61.58,62.34,53.1,29731800
2024-10-16,WEGE3,56.01,57.22,56.01,57.19,53.9,10016400
2024-10-17,ABEV3,12.78,12.96,12.75,12.86,11.31,18266900
2024-10-17,B3SA3,10.84,10.88,10.63,10.72,10.0,23156000
2024-10-17,BBDC4,14.94,15.29,14.87,15.2,12.95,29445500
2024-10-17,ITUB4,30.62,31.27,30.49,30.99,26.47,22310809
2024-10-17,MGLU3,9.24,9.27,9.11,9.11,8.77,15796515
2024-10-17,PETR4,37.21,37.21,36.69,36.93,29.79,22174300
2024-10-17,VALE3,61.02,61.32,60.64,60.76,51.76,20345200
2024-10-17,WEGE3,56.9,57.09,56.0,56.22,52.98,5134400
2024-10-18,ABEV3,12.96,12.96,12.8,12.88,11.33,19422900
2024-10-18,B3SA3,10.78,10.82,10.59,10.65,9.94,30999400
2024-10-18,BBDC4,15.25,15.44,15.12,15.32,13.05,39996000
2024-10-18,ITUB4,31.07,31.23,30.91,31.14,26.6,17703125
2024-10-18,MGLU3,9.18,9.26,8.91,8.95,8.61,25355925
2024-10-18,PETR4,36.98,37.07,36.41,36.83,29.71,32000800
2024-10-18,VALE3,61.19,61.47,60.46,60.55,51.58,21823500
2024-10-18,WEGE3,56.54,56.68,54.94,55.22,52.04,5431900
2024-10-21,ABEV3,12.88,12.94,12.81,12.83,11.28,28877400
2024-10-21,B3SA3,10.67,10.85,10.67,10.85,10.12,26633900
2024-10-21,BBDC4,15.36,15.4,15.23,15.28,13.01,22922500
2024-10-21,ITUB4,31.24,31.26,30.89,30.98,26.46,16873089
2024-10-21,MGLU3,9.0,9.32,9.0,9.21,8.86,24262455
2024-10-21,PETR4,37.0,37.05,36.2,36.25,29.24,28390000
2024-10-21,VALE3,61.35,61.38,60.27,60.33,51.39,19044900
2024-10-21,WEGE3,55.53,55.55,54.75,55.04,51.87,5297800
2024-10-22,ABEV3,12.77,12.9,12.73,12.82,11.27,34756100
2024-10-22,B3SA3,10.74,10.81,10.55,10.61,9.9,29304400
2024-10-22,BBDC4,15.1,15.39,15.03,15.18,12.93,32416400
2024-10-22,ITUB4,30.89,31.11,30.72,31.03,26.5,24850542
2024-10-22,MGLU3,9.11,9.34,8.71,8.86,8.52,32968950
2024-10-22,PETR4,36.2,36.3,35.99,36.11,29.13,29144300
2024-10-22,VALE3,60.15,60.66,59.9,60.41,51.46,14814000
2024-10-22,WEGE3,54.8,55.95,54.6,55.95,52.73,4733100
2024-10-23,ABEV3,12.74,12.82,12.7,12.75,11.21,22384200
2024-10-23,B3SA3,10.52,10.62,10.46,10.62,9.91,39674300
2024-10-23,BBDC4,15.05,15.18,14.94,15.12,12.88,19789900
2024-10-23,ITUB4,30.9,31.24,30.89,31.23,26.67,17395402
2024-10-23,MGLU3,8.72,8.88,8.63,8.71,8.38,21991935
2024-10-23,PETR4,35.91,35.94,35.57,35.66,28.77,30769100
2024-10-23,VALE3,59.89,59.9,59.15,59.35,50.56,18289900
2024-10-23,WEGE3,55.45,56.55,55.12,56.2,52.97,4913300
2024-10-24,ABEV3,12.72,12.89,12.68,12.83,11.28,19295300
2024-10-24,B3SA3,10.62,10.78,10.51,10.78,10.06,34038300
2024-10-24,BBDC4,15.05,15.29,15.03,15.15,12.9,24512500
2024-10-24,ITUB4,31.23,31.62,31.15,31.51,26.91,24236796
2024-10-24,MGLU3,8.74,9.06,8.65,9.03,8.68,26403195
2024-10-24,PETR4,35.85,36.03,35.56,35.9,28.96,23058900
2024-10-24,VALE3,59.34,59.7,59.21,59.7,50.85,11331700
2024-10-24,WEGE3,56.25,56.6,55.5,56.27,53.03,3520800
2024-10-25,ABEV3,12.82,12.84,12.73,12.75,11.21,19204000
2024-10-25,B3SA3,10.75,10.8,10.63,10.71,9.99,26411000
2024-10-25,BBDC4,15.16,15.21,14.87,14.93,12.72,31639200
2024-10-25,ITUB4,31.51,31.58,31.09,31.16,26.61,17380220
2024-10-25,MGLU3,9.01,9.07,8.7,8.7,8.36,21516075
2024-10-25,PETR4,35.96,36.49,35.85,36.15,29.16,32585900
2024-10-25,VALE3,60.57,62.47,60.52,61.73,52.58,38466000
2024-10-25,WEGE3,56.15,56.28,55.43,55.47,52.28,3796300
2024-10-28,ABEV3,12.81,13.0,12.78,12.89,11.33,20050900
2024-10-28,B3SA3,10.78,10.95,10.77,10.89,10.16,29203800
2024-10-28,BBDC4,15.05,15.35,15.04,15.2,12.95,22941700
2024-10-28,ITUB4,31.46,31.69,31.32,31.54,26.93,11933889
2024-10-28,MGLU3,8.84,9.14,8.83,9.02,8.67,22672335
2024-10-28,PETR4,35.49,36.13,35.34,36.09,29.11,27507100
2024-10-28,VALE3,62.5,62.88,62.19,62.88,53.56,16572400
2024-10-28,WEGE3,56.2,56.45,55.86,56.26,53.02,2063700
2024-10-29,ABEV3,12.9,13.03,12.87,12.98,11.41,21500600
2024-10-29,B3SA3,10.88,10.92,10.77,10.83,10.1,26229700
2024-10-29,BBDC4,15.29,15.39,14.96,14.98,12.76,32485200
2024-10-29,ITUB4,31.65,31.72,31.2,31.2,26.65,13225282
2024-10-29,MGLU3,9.0,9.07,8.71,8.79,8.45,18714255
2024-10-29,PETR4,36.33,36.42,35.8,36.01,29.05,26090200
2024-10-29,VALE3,63.25,63.44,62.65,62.66,53.38,14941700
2024-10-29,WEGE3,56.12,57.01,56.04,56.94,53.66,4877100
2024-10-30,ABEV3,13.05,13.09,12.9,12.93,11.37,21176300
2024-10-30,B3SA3,10.85,10.87,10.72,10.78,10.06,26539600
2024-10-30,BBDC4,15.0,15.05,14.88,15.03,12.8,28738700
2024-10-30,ITUB4,31.19,31.41,31.01,31.11,26.57,12081065
2024-10-30,MGLU3,8.81,9.22,8.73,9.14,8.79,26669475
2024-10-30,PETR4,36.12,36.37,35.85,35.85,28.92,26144700
2024-10-30,VALE3,62.5,62.69,62.12,62.47,53.21,12263300
2024-10-30,WEGE3,55.27,55.38,53.45,54.0,50.89,20716600
2024-10-31,ABEV3,12.6,12.84,12.48,12.64,11.11,61215800
2024-10-31,B3SA3,10.74,10.75,10.57,10.62,9.91,28075100
2024-10-31,BBDC4,14.5,14.72,14.25,14.37,12.24,84313700
2024-10-31,ITUB4,31.11,31.43,30.91,30.91,26.4,22748147
2024-10-31,MGLU3,9.07,9.21,8.95,9.01,8.66,14264145
2024-10-31,PETR4,35.87,36.05,35.63,35.91,28.97,25597000
2024-10-31,VALE3,62.34,62.59,61.8,62.06,52.86,16553300
2024-10-31,WEGE3,53.9,54.65,53.25,54.11,51.0,9694500
2024-11-01,ABEV3,12.51,12.65,12.48,12.54,11.03,29027800
2024-11-01,B3SA3,10.65,10.65,10.33,10.42,9.72,33123200
2024-11-01,BBDC4,14.46,14.47,14.05,14.11,12.02,62202000
2024-11-01,ITUB4,30.89,31.16,30.71,30.72,26.25,25777562
2024-11-01,MGLU3,9.13,9.13,8.36,8.44,8.12,30144345
2024-11-01,PETR4,36.2,36.37,35.3,35.42,28.57,30605300
2024-11-01,VALE3,62.14,62.44,61.79,62.03,52.84,15236400
2024-11-01,WEGE3,54.95,55.55,54.63,54.7,51.55,6364400
2024-11-04,ABEV3,12.59,12.71,12.51,12.67,11.14,19442900
2024-11-04,B3SA3,10.53,10.88,10.51,10.86,10.13,39785000
2024-11-04,BBDC4,14.2,14.3,13.94,14.11,12.03,34631600
2024-11-04,ITUB4,31.01,31.37,30.79,31.14,26.61,23226386
2024-11-04,MGLU3,8.7,9.41,8.7,9.31,8.96,47535915
2024-11-04,PETR4,35.9,35.95,35.38,35.5,28.64,24003600
2024-11-04,VALE3,62.4,62.87,62.12,62.67,53.38,12360000
2024-11-04,WEGE3,55.22,56.19,54.22,56.19,52.96,6547400
2024-11-05,ABEV3,12.6,12.74,12.57,12.68,11.15,18352000
2024-11-05,B3SA3,10.72,10.98,10.62,10.97,10.24,28896400
2024-11-05,BBDC4,14.05,14.12,13.86,13.93,11.88,80715900
2024-11-05,ITUB4,31.51,32.35,31.42,32.07,27.41,59510598
2024-11-05,MGLU3,9.19,9.54,8.96,9.5,9.14,39009705
2024-11-05,PETR4,35.5,35.6,35.03,35.39,28.55,23990600
2024-11-05,VALE3,62.95,63.11,61.96,62.12,52.92,16368800
2024-11-05,WEGE3,55.88,56.32,54.92,56.01,52.79,5779800
2024-11-06,ABEV3,12.52,12.55,12.34,12.5,10.99,39053800
2024-11-06,B3SA3,10.71,10.76,10.53,10.65,9.94,37995800
2024-11-06,BBDC4,13.79,13.85,13.55,13.81,11.78,61380900
2024-11-06,ITUB4,31.66,32.15,31.35,31.92,27.28,44058971
2024-11-06,MGLU3,9.28,9.45,9.09,9.27,8.91,30775185
2024-11-06,PETR4,35.05,35.46,35.04,35.4,28.56,28440800
2024-11-06,VALE3,61.3,61.63,60.74,61.42,52.32,19726800
2024-11-06,WEGE3,55.62,56.61,55.17,56.09,52.86,5170500
2024-11-07,ABEV3,12.39,12.69,12.39,12.55,11.04,23946600
2024-11-07,B3SA3,10.6,11.01,10.49,10.71,9.99,55293600
2024-11-07,BBDC4,13.75,13.88,13.55,13.66,11.65,35235600
2024-11-07,ITUB4,31.89,32.2,31.39,31.46,26.88,16816325
2024-11-07,MGLU3,9.34,9.62,8.91,8.93,8.59,41591550
2024-11-07,PETR4,35.49,35.89,35.27,35.51,28.65,34081200
2024-11-07,VALE3,62.02,63.99,62.0,63.56,54.14,38173300
2024-11-07,WEGE3,55.86,56.19,54.86,55.77,52.56,4521400
2024-11-08,ABEV3,12.4,12.55,12.31,12.33,10.84,35013400
2024-11-08,B3SA3,10.48,10.55,10.21,10.31,9.62,58652500
2024-11-08,BBDC4,13.55,13.56,13.36,13.51,11.52,44207900
2024-11-08,ITUB4,30.95,31.22,30.79,30.96,26.46,26247984
2024-11-08,MGLU3,9.27,9.45,8.64,9.14,8.79,63494445
2024-11-08,PETR4,35.85,36.32,35.54,36.18,29.19,49865100
2024-11-08,VALE3,61.99,62.05,59.7,60.63,51.65,48764700
2024-11-08,WEGE3,55.01,55.71,54.9,55.09,51.92,7160900
2024-11-11,ABEV3,12.31,12.55,12.26,12.51,11.0,20684800
2024-11-11,B3SA3,10.25,10.27,10.07,10.16,9.48,66155900
2024-11-11,BBDC4,13.51,13.55,13.37,13.46,11.48,36639600
2024-11-11,ITUB4,30.86,31.26,30.81,31.0,26.49,20677703
2024-11-11,MGLU3,9.05,9.11,8.78,8.95,8.61,34669740
2024-11-11,PETR4,35.99,36.42,35.9,36.25,29.24,21446300
2024-11-11,VALE3,59.75,59.87,58.65,58.65,49.96,24483700
2024-11-11,WEGE3,54.66,55.49,54.55,55.49,52.3,3348100
2024-11-12,ABEV3,12.43,12.64,12.3,12.58,11.06,26899600
2024-11-12,B3SA3,10.15,10.35,10.07,10.31,9.62,55851700
2024-11-12,BBDC4,13.49,13.49,13.32,13.39,11.42,30009000
2024-11-12,ITUB4,31.02,31.14,30.59,30.63,26.17,26591283
2024-11-12,MGLU3,8.99,9.13,8.79,8.79,8.45,31031070
2024-11-12,PETR4,36.36,37.11,36.34,36.93,29.79,39412300
2024-11-12,VALE3,58.58,58.59,57.2,57.32,48.83,26967600
2024-11-12,WEGE3,55.1,55.47,55.0,55.42,52.23,3988000
2024-11-13,ABEV3,12.52,12.77,12.46,12.73,11.19,30341700
2024-11-13,B3SA3,10.33,10.36,10.08,10.23,9.55,73712300
2024-11-13,BBDC4,13.4,13.49,13.3,13.48,11.5,30372800
2024-11-13,ITUB4,30.71,30.76,30.27,30.47,26.04,29706013
2024-11-13,MGLU3,8.86,9.09,8.6,8.82,8.48,36576540
2024-11-13,PETR4,36.95,37.07,36.53,36.88,29.75,34090000
2024-11-13,VALE3,57.32,57.72,57.11,57.16,48.69,20354900
2024-11-13,WEGE3,55.16,55.55,54.51,54.7,51.55,9208500
2024-11-14,ABEV3,12.69,12.9,12.61,12.64,11.11,38027500
2024-11-14,B3SA3,10.19,10.32,10.08,10.27,9.58,86415300
2024-11-14,BBDC4,13.49,13.71,13.35,13.53,11.54,38876900
2024-11-14,ITUB4,30.41,30.55,30.16,30.38,25.96,35013665
2024-11-14,MGLU3,8.82,9.1,8.55,8.57,8.24,37458330
2024-11-14,PETR4,36.92,37.33,36.86,37.27,30.07,30262100
2024-11-14,VALE3,57.16,57.34,56.84,56.84,48.42,17967600
2024-11-14,WEGE3,54.65,54.79,53.9,54.35,51.22,6074900
2024-11-18,ABEV3,12.48,12.67,12.38,12.42,10.92,37251000
2024-11-18,B3SA3,10.13,10.18,9.94,10.0,9.33,88368100
2024-11-18,BBDC4,13.45,13.82,13.45,13.72,11.7,36262700
2024-11-18,ITUB4,30.34,30.51,30.2,30.27,25.87,20962992
2024-11-18,MGLU3,8.67,9.01,8.57,8.79,8.45,30709980
2024-11-18,PETR4,37.2,38.3,37.2,38.2,30.82,39004100
2024-11-18,VALE3,57.09,57.78,56.97,57.55,49.02,14300000
2024-11-18,WEGE3,53.92,54.31,53.59,54.0,50.89,3437300
2024-11-19,ABEV3,12.45,12.6,12.42,12.43,10.93,28564100
2024-11-19,B3SA3,10.01,10.09,9.97,10.02,9.35,53425300
2024-11-19,BBDC4,13.71,13.88,13.66,13.82,11.79,20410500
2024-11-19,ITUB4,30.27,30.63,30.15,30.55,26.1,18019798
2024-11-19,MGLU3,8.84,8.96,8.67,8.93,8.59,22281735
2024-11-19,PETR4,38.1,38.3,37.65,37.8,30.49,26002700
2024-11-19,VALE3,57.8,57.98,57.46,57.68,49.13,12902100
2024-11-19,WEGE3,53.99,54.51,53.54,54.13,51.01,4176900
2024-11-21,ABEV3,12.31,12.48,12.3,12.39,10.89,18400700
2024-11-21,B3SA3,9.89,9.92,9.8,9.82,9.16,67659300
2024-11-21,BBDC4,13.67,13.9,13.66,13.77,11.74,37207100
2024-11-21,ITUB4,30.22,30.39,30.02,30.02,25.65,28727441
2024-11-21,MGLU3,8.78,8.87,8.68,8.7,8.37,30852465
2024-11-21,PETR4,37.97,38.13,37.55,37.91,30.58,36048400
2024-11-21,VALE3,57.5,57.8,57.21,57.62,49.08,15428500
2024-11-21,WEGE3,53.74,53.95,53.16,53.73,50.64,6608700
2024-11-22,ABEV3,12.49,12.7,12.47,12.68,11.15,24116600
2024-11-22,B3SA3,9.96,10.02,9.83,10.02,9.35,59138800
2024-11-22,BBDC4,13.84,13.85,13.66,13.8,11.77,20755200
2024-11-22,ITUB4,30.36,30.36,29.96,30.11,25.73,14604143
2024-11-22,MGLU3,8.81,8.98,8.69,8.97,8.63,25803120
2024-11-22,PETR4,38.71,39.83,38.47,39.42,31.8,85234900
2024-11-22,VALE3,57.44,58.27,57.25,58.18,49.56,12590500
2024-11-22,WEGE3,53.95,54.25,53.63,54.01,50.9,5034900
2024-11-25,ABEV3,12.59,12.69,12.54,12.54,11.03,22015800
2024-11-25,B3SA3,10.04,10.19,9.97,10.14,9.46,85622700
2024-11-25,BBDC4,13.67,13.75,13.54,13.6,11.6,39191600
2024-11-25,ITUB4,30.09,30.19,29.98,30.1,25.72,27017291
2024-11-25,MGLU3,8.98,9.53,8.95,9.53,9.17,23452485
2024-11-25,PETR4,39.38,39.86,39.15,39.18,31.61,41119500
2024-11-25,VALE3,58.18,58.56,58.12,58.17,49.55,17444500
2024-11-25,WEGE3,54.02,54.21,52.08,52.15,49.15,12443900
2024-11-26,ABEV3,12.59,12.71,12.54,12.61,11.09,16924800
2024-11-26,B3SA3,10.19,10.25,10.03,10.18,9.5,52418300
2024-11-26,BBDC4,13.62,13.86,13.56,13.69,11.68,26857200
2024-11-26,ITUB4,30.19,31.03,30.16,30.67,26.21,30264922
2024-11-26,MGLU3,9.48,10.23,9.46,10.13,9.75,38195010
2024-11-26,PETR4,39.36,39.51,39.06,39.13,31.57,35188200
2024-11-26,VALE3,58.29,58.49,57.15,57.43,48.92,21406600
2024-11-26,WEGE3,52.16,53.09,52.03,52.78,49.74,8886200
2024-11-27,ABEV3,12.63,12.74,12.51,12.55,11.04,48572000
2024-11-27,B3SA3,10.13,10.19,9.76,9.76,9.11,57603000
2024-11-27,BBDC4,13.69,13.73,13.16,13.32,11.36,68995600
2024-11-27,ITUB4,30.61,30.76,29.76,29.92,25.57,26816070
2024-11-27,MGLU3,10.15,10.24,9.18,9.18,8.83,41498730
2024-11-27,PETR4,39.2,39.36,38.75,38.99,31.45,30600700
2024-11-27,VALE3,57.87,58.42,57.6,58.13,49.52,22121200
2024-11-27,WEGE3,52.93,53.26,51.9,52.11,49.11,6111900
2024-11-28,ABEV3,12.55,12.8,12.32,12.4,10.9,40805900
2024-11-28,B3SA3,9.77,9.82,9.15,9.15,8.54,65340600
2024-11-28,BBDC4,13.3,13.33,12.75,12.76,10.88,57956800
2024-11-28,ITUB4,29.81,29.86,28.8,28.84,24.65,44303925
2024-11-28,MGLU3,9.17,9.32,8.44,8.56,8.23,32984280
2024-11-28,PETR4,38.81,39.3,38.38,38.59,31.13,33113500
2024-11-28,VALE3,57.9,58.8,57.27,57.53,49.01,20467000
2024-11-28,WEGE3,51.91,53.59,51.53,52.91,49.86,7146300
2024-11-29,ABEV3,12.33,12.73,12.25,12.73,11.19,62396000
2024-11-29,B3SA3,9.2,9.34,8.99,9.26,8.64,81908200
2024-11-29,BBDC4,12.78,12.84,12.32,12.63,10.77,96013500
2024-11-29,ITUB4,28.91,29.06,28.4,28.77,24.59,41721478
2024-11-29,MGLU3,8.57,8.78,8.29,8.6,8.27,40005840
2024-11-29,PETR4,38.5,39.22,38.41,38.9,31.38,44011700
2024-11-29,VALE3,58.25,59.21,58.15,58.78,50.07,31023600
2024-11-29,WEGE3,52.75,54.29,52.28,53.94,50.84,8458300
2024-12-02,ABEV3,12.66,13.27,12.6,13.25,11.65,87464600
2024-12-02,B3SA3,9.2,9.42,9.14,9.37,8.74,78340300
2024-12-02,BBDC4,12.6,12.64,12.3,12.36,10.54,65638300
2024-12-02,ITUB4,28.59,28.82,28.24,28.35,24.24,25024231
2024-12-02,MGLU3,8.58,8.95,8.44,8.76,8.43,25693500
2024-12-02,PETR4,38.9,39.4,38.77,39.15,31.58,31711800
2024-12-02,VALE3,58.85,59.38,58.69,58.92,50.19,18972100
2024-12-02,WEGE3,53.54,54.34,53.21,53.85,50.75,6197600
2024-12-03,ABEV3,13.25,13.88,13.19,13.85,12.18,72892200
2024-12-03,B3SA3,9.4,9.49,9.31,9.46,8.83,39449100
2024-12-03,BBDC4,12.42,12.47,12.24,12.3,10.51,34013800
2024-12-03,ITUB4,28.43,28.7,28.4,28.67,24.51,23357474
2024-12-03,MGLU3,8.84,8.96,8.72,8.87,8.53,24875130
2024-12-03,PETR4,39.4,39.5,39.08,39.5,31.86,22536200
2024-12-03,VALE3,59.3,59.36,58.47,58.47,49.81,15957500
2024-12-03,WEGE3,53.85,54.94,53.5,54.6,51.46,6016400
2024-12-04,ABEV3,13.9,14.06,13.78,13.93,12.25,50659000
2024-12-04,B3SA3,9.41,9.64,9.4,9.57,8.93,35039100
2024-12-04,BBDC4,12.28,12.51,12.27,12.44,10.63,33476400
2024-12-04,ITUB4,28.61,28.99,28.56,28.84,24.66,25113058
2024-12-04,MGLU3,8.9,9.05,8.8,8.8,8.46,23444820
2024-12-04,PETR4,39.5,39.86,38.98,39.25,31.66,31584400
2024-12-04,VALE3,58.4,58.48,56.96,57.33,48.84,25109200
2024-12-04,WEGE3,54.55,56.0,54.47,55.0,51.83,5505900
2024-12-05,ABEV3,14.05,14.46,14.0,14.42,12.68,38794000
2024-12-05,B3SA3,9.71,9.85,9.67,9.78,9.13,54294600
2024-12-05,BBDC4,12.61,12.8,12.55,12.61,10.77,32611400
2024-12-05,ITUB4,29.11,29.57,28.95,29.46,25.19,36947243
2024-12-05,MGLU3,8.95,9.21,8.75,8.75,8.42,27113625
2024-12-05,PETR4,39.39,39.81,39.21,39.64,31.98,25214200
2024-12-05,VALE3,57.46,57.8,56.87,57.8,49.24,14160000
2024-12-05,WEGE3,55.17,55.7,54.62,54.93,51.77,5198100
2024-12-06,ABEV3,14.3,14.53,14.15,14.22,12.5,46449200
2024-12-06,B3SA3,9.89,10.2,9.8,9.93,9.27,128262700
2024-12-06,BBDC4,12.61,12.62,12.28,12.32,10.52,26301100
2024-12-06,ITUB4,29.37,29.47,28.84,28.86,24.68,24236456
2024-12-06,MGLU3,8.75,8.9,8.08,8.13,7.82,35404530
2024-12-06,PETR4,39.64,39.7,38.96,39.03,31.48,31118500
2024-12-06,VALE3,57.47,57.66,56.75,56.81,48.39,17897900
2024-12-06,WEGE3,54.78,55.84,54.75,55.6,52.4,6487900
2024-12-09,ABEV3,14.22,14.33,14.14,14.21,12.49,25321800
2024-12-09,B3SA3,9.92,10.11,9.9,10.0,9.33,61349800
2024-12-09,BBDC4,12.35,12.49,12.18,12.24,10.46,34547600
2024-12-09,ITUB4,28.91,29.24,28.91,29.0,24.8,18324009
2024-12-09,MGLU3,8.2,8.49,8.02,8.06,7.75,32123490
2024-12-09,PETR4,39.38,40.17,39.36,40.04,32.3,28548700
2024-12-09,VALE3,58.5,60.19,58.37,59.83,50.97,40440600
2024-12-09,WEGE3,55.6,55.97,55.42,55.75,52.54,4459000
2024-12-10,ABEV3,14.33,14.5,14.27,14.27,12.55,22942500
2024-12-10,B3SA3,10.1,10.16,9.97,10.16,9.48,73907300
2024-12-10,BBDC4,12.3,12.57,12.18,12.48,10.66,32732400
2024-12-10,ITUB4,28.9,29.28,28.86,29.12,25.13,21447916
2024-12-10,MGLU3,8.27,8.36,7.93,8.3,7.99,29508150
2024-12-10,PETR4,40.3,40.43,40.11,40.19,32.42,21837600
2024-12-10,VALE3,59.74,59.94,59.29,59.77,50.91,13089300
2024-12-10,WEGE3,55.99,57.31,55.92,56.88,53.61,5662200
2024-12-11,ABEV3,14.27,14.36,13.66,13.8,12.13,49150600
2024-12-11,B3SA3,10.15,10.62,10.04,10.39,9.69,90179100
2024-12-11,BBDC4,12.54,12.88,12.33,12.7,10.85,45892900
2024-12-11,ITUB4,29.14,29.79,28.82,29.4,25.38,35985666
2024-12-11,MGLU3,8.38,9.08,8.29,8.77,8.44,39928770
2024-12-11,PETR4,40.35,40.76,39.95,40.59,32.74,46900900
2024-12-11,VALE3,59.5,59.59,58.45,58.84,50.12,30138500
2024-12-11,WEGE3,57.0,59.83,56.73,58.55,55.18,10358000
2024-12-12,ABEV3,13.5,13.58,13.1,13.1,11.52,49616900
2024-12-12,B3SA3,10.26,10.35,10.1,10.28,9.59,97737700
2024-12-12,BBDC4,12.6,12.6,12.2,12.26,10.47,48022200
2024-12-12,ITUB4,29.13,29.29,28.57,28.67,24.74,27479555
2024-12-12,MGLU3,8.48,8.51,7.91,7.98,7.68,40498290
2024-12-12,PETR4,38.72,38.89,38.12,38.34,32.16,38310600
2024-12-12,VALE3,57.4,57.68,56.67,56.71,48.74,28841800
2024-12-12,WEGE3,58.47,58.52,57.13,57.8,54.47,10479800
2024-12-13,ABEV3,13.1,13.36,13.01,13.08,11.5,30867900
2024-12-13,B3SA3,10.25,10.47,10.17,10.22,9.54,149204900
2024-12-13,BBDC4,12.3,12.37,12.09,12.1,10.34,24692500
2024-12-13,ITUB4,28.71,28.8,28.29,28.3,24.42,27998356
2024-12-13,MGLU3,7.99,8.19,7.8,7.81,7.51,25468380
2024-12-13,PETR4,38.6,38.73,37.92,38.1,31.96,23235400
2024-12-13,VALE3,56.48,56.71,55.7,55.86,48.01,18532800
2024-12-13,WEGE3,57.8,58.52,57.64,57.66,54.34,6356600
2024-12-16,ABEV3,13.08,13.42,12.84,12.84,11.29,32095500
2024-12-16,B3SA3,10.29,10.5,10.1,10.12,9.44,89670800
2024-12-16,BBDC4,12.13,12.14,11.82,11.9,10.16,52741800
2024-12-16,ITUB4,28.25,28.34,27.99,27.99,24.16,37414605
2024-12-16,MGLU3,7.86,7.88,7.35,7.39,7.11,25782015
2024-12-16,PETR4,38.19,38.26,37.83,37.94,31.82,21349400
2024-12-16,VALE3,55.85,56.54,55.34,55.83,47.98,18958500
2024-12-16,WEGE3,57.85,58.17,57.11,57.11,53.82,5966200
2024-12-17,ABEV3,13.0,13.19,12.99,13.1,11.52,39564500
2024-12-17,B3SA3,10.12,10.29,10.0,10.12,9.44,67956300
2024-12-17,BBDC4,11.97,12.09,11.63,11.99,10.24,66961700
2024-12-17,ITUB4,28.07,28.4,27.89,28.14,24.29,45447689
2024-12-17,MGLU3,7.48,7.5,7.08,7.11,6.84,41089230
2024-12-17,PETR4,37.94,38.49,37.83,38.3,32.12,39617200
2024-12-17,VALE3,55.88,56.4,55.65,56.11,48.22,22987600
2024-12-17,WEGE3,57.71,58.49,57.33,57.9,54.57,9401900
2024-12-18,ABEV3,13.07,13.08,12.75,12.76,11.22,40864200
2024-12-18,B3SA3,10.01,10.06,9.79,9.86,9.2,83174900
2024-12-18,BBDC4,11.91,11.91,11.36,11.49,9.81,70432300
2024-12-18,ITUB4,28.04,28.1,27.25,27.33,23.59,58162101
2024-12-18,MGLU3,6.9,7.0,6.3,6.4,6.16,40113045
2024-12-18,PETR4,38.28,38.4,37.31,37.31,31.29,58126400
2024-12-18,VALE3,55.77,55.87,54.76,54.81,47.11,34658200
2024-12-18,WEGE3,57.79,58.55,56.56,57.05,53.77,10121900
2024-12-19,ABEV3,12.76,12.91,12.64,12.78,11.24,38104000
2024-12-19,B3SA3,9.87,10.11,9.8,9.98,9.31,58258000
2024-12-19,BBDC4,11.52,11.63,11.37,11.5,9.82,39732600
2024-12-19,ITUB4,27.53,27.84,27.28,27.48,23.72,53287369
2024-12-19,MGLU3,6.43,6.79,6.4,6.79,6.53,39780615
2024-12-19,PETR4,37.66,37.93,36.98,37.16,31.17,43268400
2024-12-19,VALE3,55.02,55.17,53.6,53.77,46.21,29529900
2024-12-19,WEGE3,57.51,58.66,56.44,56.46,53.21,9028800
2024-12-20,ABEV3,12.08,12.3,12.01,12.23,11.35,86074600
2024-12-20,B3SA3,9.98,10.36,9.94,10.27,9.58,63902800
2024-12-20,BBDC4,11.57,11.9,11.48,11.76,10.05,63007200
2024-12-20,ITUB4,27.41,27.82,27.41,27.8,24.0,60210112
2024-12-20,MGLU3,6.77,7.23,6.65,6.95,6.69,39482100
2024-12-20,PETR4,37.16,37.35,36.71,36.85,30.91,59277400
2024-12-20,VALE3,53.42,54.62,53.33,54.62,46.94,64919500
2024-12-20,WEGE3,56.14,56.37,54.41,55.54,52.34,14233300
2024-12-23,ABEV3,12.11,12.34,11.99,12.22,11.34,40181700
2024-12-23,B3SA3,10.16,10.36,10.14,10.26,9.57,37011700
2024-12-23,BBDC4,11.7,11.75,11.46,11.55,9.87,28062600
2024-12-23,ITUB4,27.48,27.63,27.14,27.26,23.53,31425454
2024-12-23,MGLU3,6.86,6.92,6.61,6.65,6.39,22584240
2024-12-23,PETR4,37.0,37.05,36.72,36.86,30.92,43785600
2024-12-23,VALE3,54.67,55.23,54.4,54.85,47.14,18587900
2024-12-23,WEGE3,55.49,55.49,54.22,54.24,51.19,4062300
2024-12-26,ABEV3,12.18,12.24,11.99,12.14,11.26,21166800
2024-12-26,B3SA3,10.19,10.4,10.16,10.33,9.64,30737700
2024-12-26,BBDC4,11.57,11.75,11.53,11.64,9.94,17715100
2024-12-26,ITUB4,27.23,27.56,27.18,27.44,23.69,23278278
2024-12-26,MGLU3,6.7,6.74,6.21,6.22,5.98,30030000
2024-12-26,PETR4,35.63,36.0,35.6,35.77,31.15,22920700
2024-12-26,VALE3,54.85,55.4,54.4,55.01,47.28,13155800
2024-12-26,WEGE3,54.24,54.9,54.1,54.66,51.59,3560800
2024-12-27,ABEV3,12.16,12.19,11.97,12.07,11.2,37624000
2024-12-27,B3SA3,10.4,10.5,10.34,10.36,9.67,44639700
2024-12-27,BBDC4,11.7,11.73,11.53,11.55,9.87,19364200
2024-12-27,ITUB4,27.49,27.56,27.17,27.17,23.45,15418543
2024-12-27,MGLU3,6.34,6.41,5.98,6.2,5.96,33883500
2024-12-27,PETR4,36.0,36.0,35.61,35.66,31.05,24167200
2024-12-27,VALE3,54.73,55.08,54.46,54.74,47.05,16635300
2024-12-27,WEGE3,54.9,55.0,53.68,53.68,50.66,3720300
2024-12-30,ABEV3,12.06,12.16,11.74,11.74,10.89,38907400
2024-12-30,B3SA3,10.35,10.4,10.22,10.32,9.63,38408700
2024-12-30,BBDC4,11.67,11.69,11.54,11.56,9.87,24874700
2024-12-30,ITUB4,27.25,27.42,27.12,27.12,23.41,32151480
2024-12-30,MGLU3,6.23,6.47,6.1,6.19,5.95,25178895
2024-12-30,PETR4,35.78,36.37,35.77,36.19,31.51,22355600
2024-12-30,VALE3,54.9,55.19,54.55,54.55,46.88,11250900
2024-12-30,WEGE3,53.69,54.01,52.73,52.77,49.8,4283000
2025-01-02,ABEV3,11.72,11.89,11.49,11.6,10.76,33417900
2025-01-02,B3SA3,10.32,10.33,10.15,10.2,9.58,29510200
2025-01-02,BBDC4,11.31,11.5,11.13,11.4,9.99,31243900
2025-01-02,ITUB4,27.05,27.23,26.69,26.98,23.3,29053972
2025-01-02,MGLU3,6.19,6.26,5.95,6.12,5.89,29886990
2025-01-02,PETR4,36.42,37.09,36.19,36.77,32.02,30046800
2025-01-02,VALE3,54.71,55.1,54.23,54.25,46.62,17623900
2025-01-02,WEGE3,52.61,53.06,52.25,52.72,49.76,4029300
2025-01-03,ABEV3,11.49,11.55,11.27,11.33,10.51,41365900
2025-01-03,B3SA3,10.16,10.28,10.04,10.1,9.48,42817300
2025-01-03,BBDC4,11.4,11.44,11.13,11.2,9.83,27722400
2025-01-03,ITUB4,27.0,27.03,26.32,26.32,22.73,40039200
2025-01-03,MGLU3,6.12,6.25,5.86,5.96,5.73,21285600
2025-01-03,PETR4,36.88,37.04,36.32,36.38,31.68,23314200
2025-01-03,VALE3,53.9,54.0,52.88,53.24,45.76,23608700
2025-01-03,WEGE3,52.6,53.11,52.26,52.46,49.51,5796000
2025-01-06,ABEV3,11.36,11.5,11.21,11.29,10.47,50881500
2025-01-06,B3SA3,10.25,10.44,10.16,10.38,9.75,39587600
2025-01-06,BBDC4,11.34,11.58,11.28,11.42,10.03,30587800
2025-01-06,ITUB4,26.66,27.58,26.58,27.5,23.75,35104078
2025-01-06,MGLU3,6.1,6.37,6.07,6.33,6.09,32892720
2025-01-06,PETR4,36.6,36.69,36.06,36.21,31.53,23760200
2025-01-06,VALE3,53.48,53.79,52.48,52.56,45.17,21689500
2025-01-06,WEGE3,52.57,52.74,51.66,52.47,49.52,5551100
2025-01-07,ABEV3,11.3,11.58,11.27,11.54,10.71,34905200
2025-01-07,B3SA3,10.42,10.56,10.28,10.31,9.68,60452900
2025-01-07,BBDC4,11.53,11.7,11.46,11.58,10.17,31934700
2025-01-07,ITUB4,27.64,28.12,27.57,27.8,24.01,28624338
2025-01-07,MGLU3,6.4,6.49,6.23,6.29,6.05,22956255
2025-01-07,PETR4,36.55,37.25,36.3,36.98,32.2,37753300
2025-01-07,VALE3,52.63,52.89,51.94,52.05,44.73,22070200
2025-01-07,WEGE3,52.8,53.65,52.44,53.52,50.51,7466200
2025-01-08,ABEV3,11.48,11.53,11.28,11.42,10.59,39248800
2025-01-08,B3SA3,10.23,10.36,10.21,10.3,9.67,38515300
2025-01-08,BBDC4,11.5,11.56,11.32,11.4,10.01,35250500
2025-01-08,ITUB4,27.56,27.72,27.24,27.35,23.62,21783171
2025-01-08,MGLU3,6.15,6.17,5.78,5.88,5.65,27441855
2025-01-08,PETR4,36.99,37.12,36.43,36.68,31.94,24483500
2025-01-08,VALE3,52.03,52.29,51.43,51.55,44.3,24423800
2025-01-08,WEGE3,52.77,54.37,52.67,53.21,50.22,6627600
2025-01-09,ABEV3,11.43,11.51,11.3,11.4,10.58,24470100
2025-01-09,B3SA3,10.21,10.3,9.94,10.2,9.58,54212100
2025-01-09,BBDC4,11.4,11.42,11.28,11.32,9.94,18386900
2025-01-09,ITUB4,27.37,27.51,27.29,27.42,23.68,11465733
2025-01-09,MGLU3,5.84,5.88,5.62,5.72,5.5,25137630
2025-01-09,PETR4,36.7,36.97,36.7,36.84,32.08,11526600
2025-01-09,VALE3,52.05,52.25,51.14,51.23,44.03,15865200
2025-01-09,WEGE3,53.2,54.45,53.2,54.29,51.24,4555800
2025-01-10,ABEV3,11.4,11.43,11.08,11.16,10.35,31277300
2025-01-10,B3SA3,10.16,10.19,9.8,9.8,9.2,36793100
2025-01-10,BBDC4,11.32,11.33,11.07,11.18,9.81,46311500
2025-01-10,ITUB4,27.41,27.48,26.96,27.04,23.36,21853643
2025-01-10,MGLU3,5.73,5.85,5.62,5.74,5.52,19073040
2025-01-10,PETR4,37.25,37.52,36.9,36.94,32.17,40328800
2025-01-10,VALE3,51.54,52.31,51.23,51.52,44.28,25833900
2025-01-10,WEGE3,54.07,54.47,52.87,53.35,50.35,5768000
2025-01-13,ABEV3,11.18,11.31,11.12,11.24,10.43,28945300
2025-01-13,B3SA3,9.81,9.89,9.73,9.79,9.19,30436900
2025-01-13,BBDC4,11.11,11.38,11.1,11.22,9.85,36560700
2025-01-13,ITUB4,27.03,27.48,27.03,27.24,23.52,17535780
2025-01-13,MGLU3,5.78,5.79,5.5,5.53,5.32,17932110
2025-01-13,PETR4,37.3,37.53,36.97,37.07,32.28,22897100
2025-01-13,VALE3,52.0,52.31,50.87,51.51,44.27,30845300
2025-01-13,WEGE3,53.39,53.85,52.69,53.25,50.26,4563200
2025-01-14,ABEV3,11.21,11.37,11.15,11.21,10.4,42625300
2025-01-14,B3SA3,9.79,9.93,9.71,9.84,9.24,39132200
2025-01-14,BBDC4,11.23,11.49,11.06,11.43,10.03,43570500
2025-01-14,ITUB4,27.3,27.32,26.85,27.26,23.54,22928521
2025-01-14,MGLU3,5.58,5.64,5.44,5.63,5.41,26096805
2025-01-14,PETR4,37.11,37.13,36.58,36.82,32.06,29173100
2025-01-14,VALE3,51.95,52.43,51.63,51.85,44.56,21379000
2025-01-14,WEGE3,53.3,53.59,52.57,52.93,49.96,5413100
2025-01-15,ABEV3,11.3,11.43,11.16,11.39,10.57,45380700
2025-01-15,B3SA3,9.97,10.51,9.93,10.5,9.86,53092400
2025-01-15,BBDC4,11.53,11.89,11.51,11.83,10.39,42795800
2025-01-15,ITUB4,27.51,28.5,27.42,28.44,24.56,40308287
2025-01-15,MGLU3,5.72,6.12,5.71,6.07,5.83,34238610
2025-01-15,PETR4,36.93,37.32,36.8,37.29,32.47,32512700
2025-01-15,VALE3,52.14,52.68,51.63,52.6,45.21,35137700
2025-01-15,WEGE3,53.59,54.26,52.72,54.16,51.12,4634000
2025-01-16,ABEV3,11.42,11.42,11.04,11.08,10.28,29298500
2025-01-16,B3SA3,10.46,10.48,10.18,10.27,9.64,26640800
2025-01-16,BBDC4,11.82,11.83,11.59,11.73,10.3,37429100
2025-01-16,ITUB4,28.38,28.59,28.11,28.35,24.48,24765227
2025-01-16,MGLU3,5.98,6.04,5.64,5.66,5.44,30684045
2025-01-16,PETR4,37.21,37.24,36.77,37.05,32.26,26733200
2025-01-16,VALE3,52.29,53.27,52.0,52.67,45.27,220262800
2025-01-16,WEGE3,54.13,54.42,53.19,53.67,50.65,4442000
2025-01-17,ABEV3,10.84,11.09,10.77,11.09,10.29,51433600
2025-01-17,B3SA3,10.29,10.42,10.18,10.35,9.72,30748300
2025-01-17,BBDC4,11.77,11.8,11.5,11.59,10.17,60743100
2025-01-17,ITUB4,28.48,28.75,28.32,28.55,24.66,23627808
2025-01-17,MGLU3,5.72,5.84,5.62,5.77,5.55,24618720
2025-01-17,PETR4,37.01,37.4,36.85,37.2,32.39,39941100
2025-01-17,VALE3,53.15,54.49,52.98,54.49,46.83,54658700
2025-01-17,WEGE3,53.71,54.17,53.37,54.17,51.13,4222700
2025-01-20,ABEV3,11.05,11.11,10.79,11.05,10.25,22293700
2025-01-20,B3SA3,10.2,10.46,10.2,10.32,9.69,11418100
2025-01-20,BBDC4,11.54,11.64,11.45,11.63,10.21,17924700
2025-01-20,ITUB4,28.42,29.04,28.42,28.83,24.9,10462575
2025-01-20,MGLU3,5.72,5.92,5.57,5.82,5.6,18469395
2025-01-20,PETR4,37.22,37.43,37.11,37.29,32.47,13912800
2025-01-20,VALE3,54.22,54.49,53.76,54.29,46.66,12317600
2025-01-20,WEGE3,54.11,55.3,53.86,55.13,52.03,2471800
2025-01-21,ABEV3,10.99,11.26,10.99,11.25,10.44,26293900
2025-01-21,B3SA3,10.33,10.48,10.2,10.37,9.74,25403800
2025-01-21,BBDC4,11.65,11.72,11.58,11.64,10.22,25985500
2025-01-21,ITUB4,28.83,29.04,28.71,28.89,24.95,15918423
2025-01-21,MGLU3,5.82,5.95,5.76,5.87,5.64,17863125
2025-01-21,PETR4,37.1,37.35,36.72,37.3,32.48,23612200
2025-01-21,VALE3,54.29,54.32,53.25,54.02,46.43,28798700
2025-01-21,WEGE3,54.91,55.96,54.64,55.63,52.5,3951600
2025-01-22,ABEV3,11.18,11.22,10.94,11.02,10.22,44993500
2025-01-22,B3SA3,10.48,10.5,10.33,10.43,9.79,47319900
2025-01-22,BBDC4,11.73,11.73,11.43,11.48,10.08,42528000
2025-01-22,ITUB4,28.99,29.09,28.69,28.78,24.86,23835940
2025-01-22,MGLU3,5.94,6.2,5.82,6.07,5.83,23871855
2025-01-22,PETR4,37.36,37.63,37.03,37.09,32.3,21832200
2025-01-22,VALE3,54.28,54.29,52.42,52.66,45.26,34645400
2025-01-22,WEGE3,56.02,56.48,55.58,56.44,53.27,4930100
2025-01-23,ABEV3,11.02,11.16,10.98,11.05,10.25,35708100
2025-01-23,B3SA3,10.43,10.5,10.29,10.35,9.72,36718200
2025-01-23,BBDC4,11.5,11.66,11.31,11.39,10.0,36035600
2025-01-23,ITUB4,28.87,29.01,28.53,28.72,24.8,22913792
2025-01-23,MGLU3,6.07,6.17,5.88,5.99,5.76,19196625
2025-01-23,PETR4,37.12,37.41,36.7,36.83,32.07,26725700
2025-01-23,VALE3,52.95,52.99,51.84,52.32,44.97,25097300
2025-01-23,WEGE3,56.44,57.27,56.35,57.25,54.03,4528400
2025-01-24,ABEV3,11.05,11.13,10.87,10.87,10.08,44514500
2025-01-24,B3SA3,10.35,10.4,10.26,10.37,9.74,45091300
2025-01-24,BBDC4,11.4,11.41,11.21,11.3,9.92,45727800
2025-01-24,ITUB4,28.62,28.77,28.52,28.65,24.74,9909218
2025-01-24,MGLU3,6.03,6.28,6.02,6.07,5.83,15180375
2025-01-24,PETR4,36.88,36.9,36.4,36.64,31.91,16216500
2025-01-24,VALE3,52.6,53.19,52.6,53.03,45.58,20520600
2025-01-24,WEGE3,56.97,57.9,56.83,57.87,54.62,4763100
2025-01-27,ABEV3,10.87,11.12,10.84,11.12,10.32,34876400
2025-01-27,B3SA3,10.34,10.56,10.29,10.56,9.91,52771300
2025-01-27,BBDC4,11.32,11.58,11.28,11.58,10.17,80300500
2025-01-27,ITUB4,28.65,29.4,28.52,29.34,25.34,22917984
2025-01-27,MGLU3,6.05,6.7,6.0,6.68,6.42,28981995
2025-01-27,PETR4,36.57,37.3,36.47,37.18,32.38,29809700
2025-01-27,VALE3,52.89,53.98,52.57,53.96,46.38,24531300
2025-01-27,WEGE3,56.59,56.73,52.8,53.31,50.31,22361900
2025-01-28,ABEV3,11.05,11.21,11.02,11.11,10.31,39022900
2025-01-28,B3SA3,10.56,10.61,10.43,10.55,9.91,45701800
2025-01-28,BBDC4,11.55,11.73,11.43,11.63,10.21,24844400
2025-01-28,ITUB4,29.34,29.52,29.1,29.39,25.38,16244500
2025-01-28,MGLU3,6.65,6.7,6.44,6.44,6.19,19353285
2025-01-28,PETR4,37.4,37.49,36.88,37.13,32.33,27621700
2025-01-28,VALE3,53.59,53.78,52.54,52.65,45.25,22932900
2025-01-28,WEGE3,54.49,55.44,53.74,54.09,51.05,10279700
2025-01-29,ABEV3,11.18,11.2,10.91,10.97,10.18,26199700
2025-01-29,B3SA3,10.61,10.62,10.5,10.55,9.91,43636900
2025-01-29,BBDC4,11.73,11.73,11.47,11.51,10.1,33371500
2025-01-29,ITUB4,29.51,29.61,29.3,29.32,25.32,13655935
2025-01-29,MGLU3,6.5,6.53,6.15,6.28,6.04,21692580
2025-01-29,PETR4,37.2,37.33,36.76,36.9,32.13,18204400
2025-01-29,VALE3,52.8,53.51,52.63,52.8,45.38,19220300
2025-01-29,WEGE3,53.8,55.73,53.75,54.43,51.37,7108300
2025-01-30,ABEV3,10.99,11.14,10.96,11.11,10.31,22347200
2025-01-30,B3SA3,10.56,11.17,10.56,11.09,10.41,98412200
2025-01-30,BBDC4,11.54,12.25,11.51,12.14,10.66,56868200
2025-01-30,ITUB4,29.33,30.17,29.33,30.04,25.94,29709865
2025-01-30,MGLU3,6.39,7.07,6.39,6.92,6.66,33369210
2025-01-30,PETR4,37.04,37.51,36.8,37.39,32.56,30916000
2025-01-30,VALE3,53.3,55.6,53.28,55.03,47.29,40562400
2025-01-30,WEGE3,54.78,56.38,54.41,56.21,53.05,6202600
2025-01-31,ABEV3,11.14,11.24,11.1,11.1,10.3,26952000
2025-01-31,B3SA3,11.09,11.31,11.04,11.19,10.51,60632400
2025-01-31,BBDC4,12.14,12.45,12.01,12.09,10.61,37528400
2025-01-31,ITUB4,30.14,30.2,29.84,29.84,25.77,20432975
2025-01-31,MGLU3,6.96,7.2,6.86,7.1,6.83,27166020
2025-01-31,PETR4,37.39,38.37,37.25,37.69,32.82,37044800
2025-01-31,VALE3,54.99,55.21,54.0,54.17,46.56,25477600
2025-01-31,WEGE3,56.21,56.41,54.7,55.04,51.95,7220600
2025-02-03,ABEV3,11.15,11.22,10.96,11.03,10.23,29524300
2025-02-03,B3SA3,11.2,11.38,11.07,11.16,10.48,42468600
2025-02-03,BBDC4,12.09,12.17,11.92,12.07,10.6,32339300
2025-02-03,ITUB4,29.73,29.82,29.34,29.55,25.53,25677405
2025-02-03,MGLU3,6.97,6.97,6.74,6.88,6.61,24056340
2025-02-03,PETR4,37.76,37.81,37.38,37.5,32.66,24877600
2025-02-03,VALE3,53.73,54.28,53.33,54.21,46.59,27216400
2025-02-03,WEGE3,54.61,55.0,53.64,53.9,50.87,7771800
2025-02-04,ABEV3,11.0,11.0,10.82,10.9,10.11,23133400
2025-02-04,B3SA3,11.18,11.25,11.01,11.07,10.39,40751400
2025-02-04,BBDC4,12.03,12.17,11.88,12.03,10.58,36005500
2025-02-04,ITUB4,29.48,29.91,29.32,29.66,25.63,23154667
2025-02-04,MGLU3,6.81,6.95,6.49,6.9,6.63,30244725
2025-02-04,PETR4,37.3,37.35,36.82,37.13,32.33,34290300
2025-02-04,VALE3,54.13,54.71,53.81,54.02,46.43,32648700
2025-02-04,WEGE3,54.0,54.61,53.9,54.06,51.02,5745400
2025-02-05,ABEV3,10.94,10.94,10.72,10.82,10.04,44675800
2025-02-05,B3SA3,11.08,11.09,10.89,10.99,10.32,36082500
2025-02-05,BBDC4,12.15,12.38,11.91,12.31,10.82,42185200
2025-02-05,ITUB4,29.85,30.37,29.79,30.11,26.01,45348664
2025-02-05,MGLU3,6.87,6.87,6.53,6.55,6.3,21965685
2025-02-05,PETR4,37.05,37.07,36.75,36.86,32.1,20539800
2025-02-05,VALE3,53.91,54.46,53.86,54.31,46.68,21674800
2025-02-05,WEGE3,54.36,54.98,54.31,54.47,51.41,4234700
2025-02-06,ABEV3,10.8,10.9,10.73,10.86,10.08,24218200
2025-02-06,B3SA3,10.94,11.26,10.92,11.22,10.53,26547400
2025-02-06,BBDC4,12.23,12.58,12.1,12.48,10.97,45483400
2025-02-06,ITUB4,29.39,30.35,29.08,30.16,26.06,44044581
2025-02-06,MGLU3,6.58,7.07,6.58,7.04,6.77,28730310
2025-02-06,PETR4,36.84,37.12,36.7,36.79,32.04,17512400
2025-02-06,VALE3,55.4,55.64,54.97,55.13,47.38,32789000
2025-02-06,WEGE3,54.46,54.68,53.69,54.53,51.47,5926400
2025-02-07,ABEV3,10.86,10.92,10.8,10.85,10.07,33491500
2025-02-07,B3SA3,11.21,11.26,10.91,10.96,10.29,34977500
2025-02-07,BBDC4,12.3,12.43,11.86,11.99,10.54,129620600
2025-02-07,ITUB4,30.26,30.42,29.74,29.94,25.87,40083613
2025-02-07,MGLU3,6.99,7.1,6.63,6.73,6.48,32135880
2025-02-07,PETR4,36.86,37.03,36.37,36.58,31.85,21438700
2025-02-07,VALE3,55.3,55.78,54.56,54.83,47.12,24395500
2025-02-07,WEGE3,54.53,54.8,53.58,53.94,50.91,4872800
2025-02-10,ABEV3,10.94,11.23,10.9,10.97,10.18,50519600
2025-02-10,B3SA3,11.08,11.18,10.98,11.1,10.42,25229800
2025-02-10,BBDC4,12.0,12.37,11.98,12.0,10.55,31716900
2025-02-10,ITUB4,30.06,30.49,30.02,30.26,26.15,42687021
2025-02-10,MGLU3,6.82,7.11,6.8,6.91,6.65,21918015
2025-02-10,PETR4,36.81,37.03,36.72,36.83,32.07,17483300
2025-02-10,VALE3,54.87,55.4,54.84,55.4,47.61,15566300
2025-02-10,WEGE3,54.2,54.44,53.8,54.21,51.16,3066100
2025-02-11,ABEV3,11.03,11.03,10.78,10.96,10.17,35802500
2025-02-11,B3SA3,11.2,11.33,11.11,11.18,10.5,29425200
2025-02-11,BBDC4,12.05,12.37,12.03,12.28,10.8,40337300
2025-02-11,ITUB4,30.36,30.8,30.36,30.58,26.43,35512412
2025-02-11,MGLU3,6.9,7.11,6.74,6.92,6.66,27440070
2025-02-11,PETR4,37.01,37.09,36.68,36.83,32.07,16624300
2025-02-11,VALE3,54.91,55.19,54.39,55.16,47.41,18198300
2025-02-11,WEGE3,54.21,54.5,52.82,53.11,50.13,6808600
2025-02-12,ABEV3,10.83,11.04,10.8,10.92,10.13,39414800
2025-02-12,B3SA3,11.01,11.11,10.91,11.04,10.37,43189900
2025-02-12,BBDC4,12.05,12.05,11.42,11.72,10.3,123782500
2025-02-12,ITUB4,30.36,30.55,29.59,29.74,25.69,34311545
2025-02-12,MGLU3,6.77,6.86,6.63,6.75,6.49,25194330
2025-02-12,PETR4,36.65,36.75,36.11,36.28,31.59,37364500
2025-02-12,VALE3,55.01,55.29,54.7,54.79,47.09,35432600
2025-02-12,WEGE3,52.5,53.09,51.6,52.7,49.74,8590300
2025-02-13,ABEV3,10.87,10.99,10.84,10.98,10.19,21078300
2025-02-13,B3SA3,10.99,11.24,10.98,11.17,10.49,21988200
2025-02-13,BBDC4,11.76,12.02,11.72,11.88,10.45,44812400
2025-02-13,ITUB4,29.75,29.92,29.61,29.89,25.83,15168830
2025-02-13,MGLU3,6.71,6.82,6.65,6.68,6.42,25699590
2025-02-13,PETR4,36.2,36.33,36.02,36.32,31.63,15351300
2025-02-13,VALE3,54.85,55.0,54.13,54.86,47.15,21749900
2025-02-13,WEGE3,52.48,53.03,51.96,52.47,49.52,5410300
2025-02-14,ABEV3,11.05,11.19,11.0,11.13,10.33,34084700
2025-02-14,B3SA3,11.3,11.65,11.27,11.59,10.88,46583100
2025-02-14,BBDC4,11.98,12.25,11.97,12.19,10.72,46996800
2025-02-14,ITUB4,30.1,30.8,30.05,30.69,26.52,33546090
2025-02-14,MGLU3,6.82,7.18,6.67,7.03,6.76,37153830
2025-02-14,PETR4,36.44,37.58,36.4,37.44,32.6,40322000
2025-02-14,VALE3,55.22,55.81,55.0,55.67,47.84,49803200
2025-02-14,WEGE3,52.8,54.23,52.69,53.8,50.78,7097900
2025-02-17,ABEV3,11.17,11.23,11.07,11.1,10.3,9559900
2025-02-17,B3SA3,11.65,11.71,11.51,11.58,10.87,36112100
2025-02-17,BBDC4,12.29,12.34,12.19,12.21,10.74,17475100
2025-02-17,ITUB4,30.79,31.16,30.75,30.75,26.57,20231641
2025-02-17,MGLU3,7.07,7.64,7.07,7.58,7.29,40265610
2025-02-17,PETR4,37.64,37.92,37.47,37.67,32.8,22615200
2025-02-17,VALE3,55.64,55.92,55.28,55.37,47.59,12391400
2025-02-17,WEGE3,53.11,53.42,52.41,52.45,49.5,5452400
2025-02-18,ABEV3,11.14,11.17,11.04,11.09,10.29,18776800
2025-02-18,B3SA3,11.59,11.73,11.4,11.52,10.82,58285600
2025-02-18,BBDC4,12.27,12.34,12.12,12.2,10.73,25805300
2025-02-18,ITUB4,29.4,29.44,29.0,29.3,26.53,34668327
2025-02-18,MGLU3,7.53,7.69,7.26,7.31,7.03,41769420
2025-02-18,PETR4,37.72,38.44,37.71,38.36,33.4,44062600
2025-02-18,VALE3,55.6,55.97,55.51,55.74,47.91,27608200
2025-02-18,WEGE3,52.7,53.8,52.66,52.89,49.92,8727000
2025-02-19,ABEV3,11.0,11.04,10.93,10.97,10.18,16856200
2025-02-19,B3SA3,11.4,11.44,11.25,11.37,10.68,38104400
2025-02-19,BBDC4,12.12,12.15,11.94,11.98,10.53,38006500
2025-02-19,ITUB4,29.17,29.2,28.91,29.03,26.28,25496918
2025-02-19,MGLU3,7.15,7.37,7.1,7.1,6.82,19883955
2025-02-19,PETR4,38.11,38.66,37.87,38.44,33.47,32648200
2025-02-19,VALE3,55.3,55.73,54.72,55.69,47.86,26472500
2025-02-19,WEGE3,52.74,53.09,51.88,52.21,49.28,6153300
2025-02-20,ABEV3,10.93,11.08,10.9,11.04,10.24,24406000
2025-02-20,B3SA3,11.37,11.43,11.16,11.29,10.6,44076800
2025-02-20,BBDC4,12.01,12.1,11.92,11.95,10.51,26359900
2025-02-20,ITUB4,29.03,29.16,28.82,28.95,26.21,17946380
2025-02-20,MGLU3,7.22,7.27,6.97,7.02,6.75,22409205
2025-02-20,PETR4,38.42,38.57,38.31,38.5,33.53,26641200
2025-02-20,VALE3,56.8,58.16,56.48,57.74,49.62,76934000
2025-02-20,WEGE3,52.2,52.35,51.83,52.1,49.17,6433300
2025-02-21,ABEV3,11.02,11.17,11.01,11.12,10.32,34245000
2025-02-21,B3SA3,11.04,11.3,10.94,11.22,10.53,94029400
2025-02-21,BBDC4,12.0,12.02,11.72,11.84,10.41,45757000
2025-02-21,ITUB4,28.92,28.96,28.72,28.86,26.13,34362303
2025-02-21,MGLU3,7.02,7.11,6.82,6.93,6.67,28604835
2025-02-21,PETR4,38.53,38.53,38.17,38.39,33.43,30115200
2025-02-21,VALE3,57.9,58.16,57.56,58.16,49.98,37134700
2025-02-21,WEGE3,52.4,52.95,51.51,52.95,49.97,8664000
2025-02-24,ABEV3,11.17,11.17,10.98,11.03,10.23,28954600
2025-02-24,B3SA3,11.23,11.25,10.8,10.84,10.18,58518400
2025-02-24,BBDC4,11.86,11.86,11.58,11.63,10.23,30213900
2025-02-24,ITUB4,29.01,29.1,28.53,28.7,25.98,29019415
2025-02-24,MGLU3,7.1,7.1,6.45,6.54,6.29,32060490
2025-02-24,PETR4,38.5,38.51,37.8,38.12,33.2,27830300
2025-02-24,VALE3,58.1,58.57,57.48,57.63,49.53,19081700
2025-02-24,WEGE3,52.88,53.25,51.42,51.55,48.65,9130900
2025-02-25,ABEV3,11.03,11.14,11.02,11.09,10.29,24354400
2025-02-25,B3SA3,10.88,10.94,10.73,10.8,10.14,76158600
2025-02-25,BBDC4,11.72,11.81,11.65,11.77,10.35,33494400
2025-02-25,ITUB4,28.93,29.25,28.8,28.99,26.25,29667378
2025-02-25,MGLU3,6.57,7.11,6.54,7.03,6.76,38796345
2025-02-25,PETR4,38.12,38.44,37.83,37.95,33.05,31960900
2025-02-25,VALE3,57.3,57.44,56.89,57.07,49.05,19554800
2025-02-25,WEGE3,52.18,52.73,51.9,52.4,49.46,8806700
2025-02-26,ABEV3,11.73,11.84,11.45,11.7,10.85,79612200
2025-02-26,B3SA3,10.85,10.87,10.61,10.64,9.99,40355500
2025-02-26,BBDC4,11.9,11.94,11.48,11.54,10.15,51824900
2025-02-26,ITUB4,29.26,29.29,28.91,28.92,26.18,24486962
2025-02-26,MGLU3,7.19,7.19,6.82,7.01,6.74,24038070
2025-02-26,PETR4,38.25,38.25,37.75,37.95,33.05,27420200
2025-02-26,VALE3,57.37,57.69,56.72,56.72,48.75,25399100
2025-02-26,WEGE3,49.86,50.17,47.72,47.85,45.16,25725700
2025-02-27,ABEV3,11.67,12.49,11.66,12.32,11.43,66169900
2025-02-27,B3SA3,10.64,10.87,10.63,10.7,10.05,32846300
2025-02-27,BBDC4,11.55,11.62,11.43,11.47,10.09,40713100
2025-02-27,ITUB4,29.1,29.23,28.9,28.9,26.16,23485390
2025-02-27,MGLU3,7.01,7.15,6.89,6.96,6.7,22567020
2025-02-27,PETR4,36.36,36.74,35.48,36.61,31.88,129693500
2025-02-27,VALE3,56.45,56.99,56.01,56.3,48.39,18658000
2025-02-27,WEGE3,48.19,49.44,47.9,48.9,46.15,11326100
2025-02-28,ABEV3,12.31,12.49,12.1,12.22,11.34,79761000
2025-02-28,B3SA3,10.62,10.67,10.34,10.4,9.76,57805500
2025-02-28,BBDC4,11.45,11.48,11.21,11.24,9.88,84387200
2025-02-28,ITUB4,28.9,29.05,28.19,28.19,25.52,40016653
2025-02-28,MGLU3,6.88,7.15,6.67,6.81,6.55,31235505
2025-02-28,PETR4,36.49,36.55,35.81,35.93,31.29,55476800
2025-02-28,VALE3,55.94,56.14,55.15,55.15,47.4,46789400
2025-02-28,WEGE3,48.74,48.8,47.9,48.42,45.7,7843900
2025-03-05,ABEV3,12.5,12.93,12.42,12.78,11.86,54086900
2025-03-05,B3SA3,10.23,10.58,10.17,10.53,9.89,46942500
2025-03-05,BBDC4,11.24,11.55,11.24,11.47,10.09,41379800
2025-03-05,ITUB4,28.61,28.75,28.24,28.6,25.9,29404182
2025-03-05,MGLU3,6.78,6.97,6.7,6.93,6.67,11439960
2025-03-05,PETR4,35.02,35.11,34.55,34.62,30.15,48552000
2025-03-05,VALE3,56.15,56.22,55.39,55.59,47.78,13843400
2025-03-05,WEGE3,48.0,48.38,47.35,47.65,45.26,9387200
2025-03-06,ABEV3,12.77,13.04,12.7,12.85,11.92,40524500
2025-03-06,B3SA3,10.5,10.69,10.44,10.64,9.99,39802700
2025-03-06,BBDC4,11.42,11.63,11.29,11.55,10.17,44187500
2025-03-06,ITUB4,28.6,28.89,28.43,28.65,25.95,21081617
2025-03-06,MGLU3,6.74,6.87,6.55,6.77,6.51,36697080
2025-03-06,PETR4,34.81,35.12,34.03,34.26,29.83,47749600
2025-03-06,VALE3,55.64,56.52,55.55,56.2,48.3,17678400
2025-03-06,WEGE3,47.66,47.9,46.28,47.28,44.9,7728600
2025-03-07,ABEV3,12.78,13.12,12.72,13.1,12.15,30190400
2025-03-07,B3SA3,10.6,10.84,10.52,10.7,10.05,41638200
2025-03-07,BBDC4,11.48,11.8,11.42,11.69,10.3,29808500
2025-03-07,ITUB4,28.58,29.06,28.46,28.77,26.06,23391804
2025-03-07,MGLU3,6.73,7.5,6.62,7.49,7.2,42929040
2025-03-07,PETR4,34.29,34.93,34.23,34.63,30.16,28074700
2025-03-07,VALE3,55.98,57.35,55.55,57.02,49.01,25480600
2025-03-07,WEGE3,46.97,48.33,46.93,47.89,45.48,7584000
2025-03-10,ABEV3,13.0,13.26,12.98,13.12,12.17,27718600
2025-03-10,B3SA3,10.55,10.59,10.37,10.47,9.83,33483600
2025-03-10,BBDC4,11.56,11.62,11.42,11.52,10.15,42234700
2025-03-10,ITUB4,28.64,29.03,28.47,29.03,26.29,31361893
2025-03-10,MGLU3,7.3,8.09,7.3,7.86,7.56,41209455
2025-03-10,PETR4,34.58,34.62,34.0,34.62,30.15,35037200
2025-03-10,VALE3,54.23,54.55,53.25,53.99,48.21,23626600
2025-03-10,WEGE3,47.28,47.72,47.04,47.68,45.28,5747800
2025-03-11,ABEV3,13.08,13.16,12.74,12.86,11.93,32659900
2025-03-11,B3SA3,10.49,10.51,10.34,10.4,9.76,26354600
2025-03-11,BBDC4,11.53,11.55,11.27,11.45,10.08,43087500
2025-03-11,ITUB4,29.08,29.08,28.61,28.77,26.06,21005253
2025-03-11,MGLU3,7.83,8.29,7.74,7.9,7.6,37232685
2025-03-11,PETR4,34.75,34.9,33.91,34.1,29.69,28805400
2025-03-11,VALE3,54.08,54.72,53.41,54.44,48.61,23060100
2025-03-11,WEGE3,47.42,47.73,46.47,46.6,44.26,8850600
2025-03-12,ABEV3,12.9,13.11,12.87,13.03,12.09,38219900
2025-03-12,B3SA3,10.4,10.52,10.35,10.5,9.86,39894000
2025-03-12,BBDC4,11.46,11.52,11.33,11.45,10.08,31708500
2025-03-12,ITUB4,28.88,28.95,28.61,28.86,26.14,20300754
2025-03-12,MGLU3,7.91,8.36,7.91,8.17,7.86,23080260
2025-03-12,PETR4,34.16,34.4,33.96,34.1,29.69,20149100
2025-03-12,VALE3,54.5,54.5,53.15,53.76,48.01,18825700
2025-03-12,WEGE3,46.73,47.49,46.54,47.2,44.83,6859100
2025-03-13,ABEV3,13.08,13.33,12.94,13.33,12.37,35316500
2025-03-13,B3SA3,10.98,11.63,10.93,11.6,10.89,111595000
2025-03-13,BBDC4,11.46,11.72,11.39,11.65,10.26,35174100
2025-03-13,ITUB4,28.86,29.42,28.81,29.33,26.57,32681045
2025-03-13,MGLU3,8.24,8.38,7.85,8.06,7.75,25050270
2025-03-13,PETR4,34.18,34.54,34.04,34.44,29.99,19263600
2025-03-13,VALE3,53.88,55.16,53.7,54.5,48.67,20584600
2025-03-13,WEGE3,47.2,47.27,46.29,46.74,44.39,6531300
2025-03-14,ABEV3,13.38,13.64,13.38,13.64,12.65,41772200
2025-03-14,B3SA3,11.73,12.9,11.7,12.87,12.08,126026800
2025-03-14,BBDC4,11.72,12.2,11.69,12.13,10.68,42086800
2025-03-14,ITUB4,29.48,30.49,29.42,30.28,27.43,35848233
2025-03-14,MGLU3,8.13,9.57,8.03,9.14,8.79,68990040
2025-03-14,PETR4,34.6,35.76,34.37,35.5,30.91,41529400
2025-03-14,VALE3,55.2,56.41,55.16,56.29,50.27,31789300
2025-03-14,WEGE3,46.7,46.79,46.04,46.74,44.39,8528600
2025-03-17,ABEV3,13.44,13.69,13.41,13.57,12.71,49697100
2025-03-17,B3SA3,12.87,12.87,12.41,12.42,11.66,89758000
2025-03-17,BBDC4,12.14,12.41,12.13,12.31,10.84,23901600
2025-03-17,ITUB4,30.26,31.29,30.23,31.19,28.25,30713817
2025-03-17,MGLU3,9.14,9.94,9.03,9.66,9.29,40030620
2025-03-17,PETR4,35.61,36.41,35.6,36.16,31.49,31175900
2025-03-17,VALE3,56.29,57.24,56.14,57.1,50.99,23191800
2025-03-17,WEGE3,47.95,48.08,46.93,47.65,45.26,8931300
2025-03-18,ABEV3,13.5,13.63,13.26,13.55,12.69,31311700
2025-03-18,B3SA3,12.38,12.41,11.91,12.04,11.3,112067000
2025-03-18,BBDC4,12.34,12.4,12.22,12.3,10.83,19650500
2025-03-18,ITUB4,31.37,31.64,31.21,31.36,28.4,30775164
2025-03-18,MGLU3,9.62,9.86,9.55,9.55,9.19,27941865
2025-03-18,PETR4,36.19,36.41,35.91,36.19,31.51,15086400
2025-03-18,VALE3,57.2,57.56,56.62,57.52,51.36,18165300
2025-03-18,WEGE3,47.62,47.95,46.84,47.65,45.26,5953500
2025-03-19,ABEV3,13.55,13.77,13.49,13.68,12.81,35578000
2025-03-19,B3SA3,12.18,12.44,12.0,12.35,11.6,41690500
2025-03-19,BBDC4,12.3,12.53,12.22,12.41,10.93,25791100
2025-03-19,ITUB4,31.55,31.66,31.3,31.44,28.47,25414117
2025-03-19,MGLU3,9.55,10.12,9.5,9.93,9.55,36316980
2025-03-19,PETR4,36.27,36.33,36.03,36.16,31.49,21180500
2025-03-19,VALE3,57.35,57.55,56.85,57.42,51.27,23211900
2025-03-19,WEGE3,47.71,48.2,47.71,48.14,45.72,5319200
2025-03-20,ABEV3,13.68,13.69,13.45,13.6,12.74,18669000
2025-03-20,B3SA3,12.3,12.49,12.24,12.4,11.64,42754900
2025-03-20,BBDC4,12.41,12.49,12.24,12.35,10.88,31369300
2025-03-20,ITUB4,31.39,31.6,30.92,31.15,28.21,32136515
2025-03-20,MGLU3,9.95,10.08,9.78,9.88,9.5,18864195
2025-03-20,PETR4,36.16,36.48,35.76,36.24,31.56,46921900
2025-03-20,VALE3,57.04,57.49,56.78,57.24,51.11,17283200
2025-03-20,WEGE3,48.25,48.26,47.79,47.9,45.49,4807700
2025-03-21,ABEV3,13.63,13.75,13.58,13.73,12.86,28909800
2025-03-21,B3SA3,12.52,12.57,12.33,12.56,11.79,46789800
2025-03-21,BBDC4,12.38,12.59,12.36,12.52,11.03,74318800
2025-03-21,ITUB4,31.17,31.36,31.05,31.21,28.27,49041184
2025-03-21,MGLU3,9.86,9.91,9.6,9.62,9.25,31040415
2025-03-21,PETR4,36.22,37.03,36.18,36.8,32.05,61175700
2025-03-21,VALE3,56.95,57.45,56.83,57.45,51.3,30524100
2025-03-21,WEGE3,47.97,48.15,47.2,47.85,45.45,9662300
2025-03-24,ABEV3,13.76,13.79,13.48,13.54,12.68,21122400
2025-03-24,B3SA3,12.56,12.56,12.32,12.4,11.64,40560200
2025-03-24,BBDC4,12.54,12.73,12.47,12.65,11.14,44562300
2025-03-24,ITUB4,31.15,31.38,31.01,31.24,28.3,32838563
2025-03-24,MGLU3,9.67,9.76,9.48,9.72,9.35,24540075
2025-03-24,PETR4,36.7,36.94,36.5,36.75,32.0,20348000
2025-03-24,VALE3,57.95,58.24,56.96,57.15,51.03,18646500
2025-03-24,WEGE3,47.7,47.76,47.01,47.36,45.06,4934900
2025-03-25,ABEV3,13.49,13.66,13.36,13.6,12.74,20685600
2025-03-25,B3SA3,12.47,12.6,12.31,12.39,11.63,25375500
2025-03-25,BBDC4,12.7,13.29,12.65,12.86,11.33,63764400
2025-03-25,ITUB4,31.36,31.99,31.36,31.5,28.53,19574017
2025-03-25,MGLU3,10.08,10.7,9.9,9.96,9.58,60765390
2025-03-25,PETR4,36.85,37.52,36.63,37.04,32.25,28036100
2025-03-25,VALE3,57.32,57.75,57.11,57.34,51.2,15615800
2025-03-25,WEGE3,47.44,47.64,46.87,47.0,44.71,5214000
2025-03-26,ABEV3,13.53,13.53,13.22,13.38,12.53,29019200
2025-03-26,B3SA3,12.4,12.61,12.32,12.38,11.68,22029800
2025-03-26,BBDC4,12.98,13.15,12.9,13.07,11.51,49065500
2025-03-26,ITUB4,31.6,31.65,31.03,31.16,28.22,32860090
2025-03-26,MGLU3,10.08,10.23,9.82,9.99,9.61,28995015
2025-03-26,PETR4,37.15,37.63,37.15,37.39,32.56,26870300
2025-03-26,VALE3,57.4,58.04,57.39,57.69,51.52,29401600
2025-03-26,WEGE3,47.0,47.11,46.15,46.75,44.48,6298500
2025-03-27,ABEV3,13.4,13.48,13.32,13.46,12.61,20680800
2025-03-27,B3SA3,12.41,12.48,12.31,12.39,11.69,27455400
2025-03-27,BBDC4,13.1,13.17,12.96,13.02,11.47,40588300
2025-03-27,ITUB4,31.21,31.26,31.03,31.19,28.25,29373952
2025-03-27,MGLU3,9.98,10.91,9.81,10.35,9.96,40345935
2025-03-27,PETR4,37.43,37.97,37.39,37.67,32.8,28444400
2025-03-27,VALE3,58.0,58.45,57.61,58.15,51.93,15345300
2025-03-27,WEGE3,46.95,47.06,46.14,46.39,44.13,8070000
2025-03-28,ABEV3,13.36,13.43,13.25,13.43,12.58,37767300
2025-03-28,B3SA3,12.3,12.45,12.07,12.24,11.55,20197500
2025-03-28,BBDC4,13.0,13.04,12.79,12.84,11.31,25978000
2025-03-28,ITUB4,31.05,31.2,30.55,30.77,27.87,22939851
2025-03-28,MGLU3,10.28,10.32,9.71,10.06,9.67,32397960
2025-03-28,PETR4,37.65,37.88,37.09,37.43,32.59,22057700
2025-03-28,VALE3,58.1,58.38,57.56,57.56,51.4,31146000
2025-03-28,WEGE3,46.39,46.45,45.6,45.85,43.62,3862500
2025-03-31,ABEV3,13.32,13.72,13.31,13.5,12.64,41452600
2025-03-31,B3SA3,12.14,12.29,12.0,12.14,11.46,29378400
2025-03-31,BBDC4,12.77,12.77,12.57,12.67,11.16,38613400
2025-03-31,ITUB4,30.68,30.68,30.18,30.5,27.62,26139340
2025-03-31,MGLU3,9.94,10.13,9.6,9.67,9.3,30495675
2025-03-31,PETR4,37.35,37.64,37.08,37.16,32.36,26049400
2025-03-31,VALE3,56.72,57.02,56.03,56.7,50.63,20469300
2025-03-31,WEGE3,45.58,45.73,45.15,45.28,43.08,6231100
2025-04-01,ABEV3,13.4,13.65,13.33,13.61,12.75,31317800
2025-04-01,B3SA3,12.01,12.34,11.99,12.26,11.57,22267700
2025-04-01,BBDC4,12.45,12.66,12.38,12.46,11.17,20578300
2025-04-01,ITUB4,30.48,30.75,30.26,30.49,27.63,12749134
2025-04-01,MGLU3,9.7,10.1,9.67,9.95,9.57,26700450
2025-04-01,PETR4,37.3,37.97,37.2,37.3,32.48,19075600
2025-04-01,VALE3,57.1,57.93,56.95,57.19,51.07,12354800
2025-04-01,WEGE3,45.61,45.64,44.78,45.35,43.14,5457000
2025-04-02,ABEV3,13.6,13.69,13.45,13.67,12.8,35788800
2025-04-02,B3SA3,12.27,12.44,12.19,12.42,11.72,20422100
2025-04-02,BBDC4,12.48,12.55,12.34,12.47,11.2,18113400
2025-04-02,ITUB4,30.46,30.7,30.27,30.5,27.64,12147820
2025-04-02,MGLU3,9.93,10.68,9.88,10.66,10.25,39647580
2025-04-02,PETR4,37.27,37.3,36.83,37.2,32.39,16959200
2025-04-02,VALE3,57.21,57.3,56.6,56.93,50.84,13197700
2025-04-02,WEGE3,45.35,45.48,44.55,44.9,42.72,5444800
2025-04-03,ABEV3,13.64,14.14,13.61,13.85,12.97,44926800
2025-04-03,B3SA3,12.36,12.87,12.36,12.73,12.01,57239000
2025-04-03,BBDC4,12.35,12.87,12.35,12.71,11.42,46295700
2025-04-03,ITUB4,30.24,31.26,30.18,31.04,28.13,32876673
2025-04-03,MGLU3,10.63,11.29,10.61,11.24,10.81,34625745
2025-04-03,PETR4,36.15,36.3,35.61,36.0,31.35,65896000
2025-04-03,VALE3,56.0,56.44,54.76,54.87,49.0,32351100
2025-04-03,WEGE3,44.44,45.22,44.06,44.27,42.12,8146000
2025-04-04,ABEV3,13.73,13.9,13.56,13.71,12.84,59559600
2025-04-04,B3SA3,12.42,12.5,12.04,12.05,11.37,38448800
2025-04-04,BBDC4,12.48,12.66,12.34,12.57,11.29,48847400
2025-04-04,ITUB4,30.66,30.82,30.01,30.23,27.4,32585286
2025-04-04,MGLU3,10.8,10.94,10.23,10.31,9.92,42220815
2025-04-04,PETR4,34.74,35.01,33.81,34.55,30.09,87263200
2025-04-04,VALE3,53.22,53.52,51.6,52.68,47.04,45819600
2025-04-04,WEGE3,43.99,44.14,42.72,43.72,41.59,10632400
2025-04-07,ABEV3,13.29,13.6,12.99,13.18,12.34,50069000
2025-04-07,B3SA3,11.86,12.25,11.62,11.95,11.28,50560500
2025-04-07,BBDC4,12.39,12.67,12.14,12.36,11.1,50116900
2025-04-07,ITUB4,30.0,30.7,29.65,30.29,27.45,33261069
2025-04-07,MGLU3,9.91,10.36,9.57,9.66,9.29,56328930
2025-04-07,PETR4,33.92,34.55,33.11,33.18,28.89,85724900
2025-04-07,VALE3,51.71,53.48,51.17,52.05,46.48,35942800
2025-04-07,WEGE3,43.15,44.07,42.65,44.0,41.86,9948200
2025-04-08,ABEV3,13.16,13.48,13.15,13.24,12.4,39798300
2025-04-08,B3SA3,12.02,12.17,11.65,11.74,11.08,35507800
2025-04-08,BBDC4,12.47,12.54,11.91,12.02,10.8,56053800
2025-04-08,ITUB4,30.62,30.84,30.09,30.3,27.46,37102660
2025-04-08,MGLU3,9.9,9.92,8.31,8.36,8.04,56292285
2025-04-08,PETR4,33.7,33.94,31.88,32.0,27.87,62128500
2025-04-08,VALE3,52.35,52.81,49.02,49.2,43.93,46815300
2025-04-08,WEGE3,44.52,44.77,43.75,44.0,41.86,8394700
2025-04-09,ABEV3,13.19,13.88,13.15,13.67,12.8,51912400
2025-04-09,B3SA3,11.62,12.25,11.6,12.17,11.48,71372100
2025-04-09,BBDC4,11.91,12.62,11.82,12.47,11.2,64688900
2025-04-09,ITUB4,30.1,31.41,29.92,30.85,27.96,37906369
2025-04-09,MGLU3,8.25,9.4,8.08,9.3,8.95,56130060
2025-04-09,PETR4,31.31,33.58,31.04,33.3,29.0,106391600
2025-04-09,VALE3,49.15,52.06,48.77,51.85,46.3,56491900
2025-04-09,WEGE3,43.77,46.08,43.66,45.41,43.2,11604000
2025-04-10,ABEV3,13.67,13.74,13.52,13.6,12.74,21741000
2025-04-10,B3SA3,12.16,12.17,11.75,11.86,11.19,37053200
2025-04-10,BBDC4,12.39,12.45,12.16,12.45,11.18,29807400
2025-04-10,ITUB4,30.74,31.11,30.22,30.73,27.85,36347258
2025-04-10,MGLU3,9.24,9.99,9.12,9.72,9.35,43742055
2025-04-10,PETR4,33.0,33.02,31.2,31.23,27.2,71250600
2025-04-10,VALE3,52.1,53.24,51.46,52.78,47.13,38010400
2025-04-10,WEGE3,45.4,45.46,44.3,44.91,42.72,5364200
2025-04-11,ABEV3,13.73,13.73,13.44,13.48,12.62,35635500
2025-04-11,B3SA3,11.95,12.0,11.71,11.94,11.27,46094000
2025-04-11,BBDC4,12.52,12.8,12.45,12.62,11.34,28170600
2025-04-11,ITUB4,30.83,31.19,30.52,30.88,27.99,28350853
2025-04-11,MGLU3,9.85,10.04,9.55,9.97,9.59,28795725
2025-04-11,PETR4,31.5,32.3,30.78,31.85,27.74,65329400
2025-04-11,VALE3,52.56,54.15,52.56,53.66,47.92,22129900
2025-04-11,WEGE3,45.1,45.35,44.74,45.12,42.92,3282900
2025-04-14,ABEV3,13.65,13.74,13.53,13.68,12.81,23490300
2025-04-14,B3SA3,12.23,12.25,11.94,12.17,11.48,35402500
2025-04-14,BBDC4,12.8,12.83,12.58,12.73,11.43,18681300
2025-04-14,ITUB4,31.22,31.57,31.04,31.39,28.45,27027200
2025-04-14,MGLU3,10.3,10.49,9.68,9.99,9.61,28517895
2025-04-14,PETR4,32.6,32.88,31.44,31.73,27.63,56015200
2025-04-14,VALE3,54.4,54.88,54.19,54.36,48.54,19994800
2025-04-14,WEGE3,45.5,45.85,45.05,45.82,43.59,5625800
2025-04-15,ABEV3,13.68,13.86,13.62,13.66,12.79,22758200
2025-04-15,B3SA3,12.08,12.35,12.06,12.26,11.57,30452400
2025-04-15,BBDC4,12.72,12.85,12.7,12.74,11.44,20639200
2025-04-15,ITUB4,31.35,31.83,31.26,31.79,28.81,25716216
2025-04-15,MGLU3,10.0,10.27,9.75,9.95,9.57,24270750
2025-04-15,PETR4,31.73,31.87,30.98,31.0,27.0,58276900
2025-04-15,VALE3,54.38,54.65,53.53,53.81,48.05,17471900
2025-04-15,WEGE3,45.85,46.33,45.5,45.82,43.59,4444900
2025-04-16,ABEV3,13.59,14.08,13.57,13.89,13.01,60471500
2025-04-16,B3SA3,12.15,12.22,12.0,12.06,11.38,48582300
2025-04-16,BBDC4,12.69,12.96,12.68,12.72,11.43,29640200
2025-04-16,ITUB4,31.65,31.96,31.55,31.74,28.76,32431301
2025-04-16,MGLU3,9.87,10.1,9.73,9.86,9.48,21185430
2025-04-16,PETR4,31.29,31.47,30.85,31.0,27.0,73227700
2025-04-16,VALE3,53.52,53.64,52.42,52.56,46.94,23105900
2025-04-16,WEGE3,45.82,46.07,45.21,45.84,43.61,7962000
2025-04-17,ABEV3,13.9,14.1,13.79,14.0,13.11,56058800
2025-04-17,B3SA3,12.01,12.25,11.96,12.18,11.49,16597800
2025-04-17,BBDC4,12.77,12.89,12.61,12.78,11.48,26318600
2025-04-17,ITUB4,31.62,31.87,31.42,31.8,28.82,20502356
2025-04-17,MGLU3,9.91,9.98,9.68,9.71,9.34,28199640
2025-04-17,PETR4,30.67,31.18,30.46,30.85,27.53,65752700
2025-04-17,VALE3,52.78,53.32,52.56,52.88,47.22,23172400
2025-04-17,WEGE3,45.73,46.18,45.48,45.95,43.71,3543500
2025-04-22,ABEV3,13.85,14.2,13.74,14.02,13.13,28032800
2025-04-22,B3SA3,12.1,12.49,12.09,12.42,11.72,24950100
2025-04-22,BBDC4,12.72,12.84,12.6,12.73,11.43,23746500
2025-04-22,ITUB4,31.75,32.56,31.67,32.42,29.38,21624747
2025-04-22,MGLU3,9.7,9.94,9.33,9.66,9.29,27106800
2025-04-22,PETR4,30.8,31.25,30.33,30.92,27.59,41683900
2025-04-22,VALE3,53.16,54.29,52.76,53.82,48.06,16780900
2025-04-22,WEGE3,46.21,46.48,45.61,46.24,43.99,3871500
2025-04-23,ABEV3,14.16,14.3,13.98,14.05,13.16,35704200
2025-04-23,B3SA3,12.53,12.84,12.53,12.65,11.94,34484400
2025-04-23,BBDC4,12.82,13.23,12.82,13.15,11.81,38980300
2025-04-23,ITUB4,32.71,33.17,32.57,33.1,29.99,28074813
2025-04-23,MGLU3,9.88,10.03,9.06,9.09,8.74,36383025
2025-04-23,PETR4,31.35,31.78,30.5,30.57,27.28,71566500
2025-04-23,VALE3,54.9,55.35,54.4,54.46,48.63,18377400
2025-04-23,WEGE3,46.51,47.12,46.24,46.27,44.02,8449700
2025-04-24,ABEV3,14.08,14.19,13.98,14.15,13.25,38150200
2025-04-24,B3SA3,12.7,13.3,12.68,13.27,12.52,57242400
2025-04-24,BBDC4,13.19,13.45,13.16,13.36,12.0,28878200
2025-04-24,ITUB4,33.16,33.8,33.08,33.74,30.58,27701953
2025-04-24,MGLU3,9.15,10.07,9.12,10.07,9.68,39585210
2025-04-24,PETR4,30.81,30.84,30.06,30.43,27.15,61589200
2025-04-24,VALE3,54.45,55.67,54.31,55.31,49.39,19621700
2025-04-24,WEGE3,46.45,48.98,46.39,48.59,46.23,13221900
2025-04-25,ABEV3,14.07,14.23,13.95,14.09,13.2,24152700
2025-04-25,B3SA3,13.11,13.44,13.04,13.39,12.64,37617800
2025-04-25,BBDC4,13.35,13.51,13.29,13.38,12.02,26229400
2025-04-25,ITUB4,33.74,33.95,33.5,33.61,30.46,32716096
2025-04-25,MGLU3,10.17,10.19,9.85,9.95,9.57,20091540
2025-04-25,PETR4,30.34,30.73,30.2,30.52,27.23,35581500
2025-04-25,VALE3,54.5,54.62,53.64,53.85,48.09,26162200
2025-04-25,WEGE3,48.88,50.29,48.58,49.89,47.46,10397400
2025-04-28,ABEV3,14.11,14.34,14.05,14.3,13.39,28336600
2025-04-28,B3SA3,13.43,13.68,13.36,13.42,12.66,34401500
2025-04-28,BBDC4,13.39,13.57,13.32,13.35,11.99,19185700
2025-04-28,ITUB4,33.6,34.05,33.47,33.97,30.79,15664343
2025-04-28,MGLU3,9.77,9.94,9.41,9.52,9.44,24289965
2025-04-28,PETR4,30.56,30.78,30.25,30.4,27.13,27362000
2025-04-28,VALE3,53.9,54.18,53.63,54.04,48.26,12001900
2025-04-28,WEGE3,50.01,50.8,49.92,50.32,47.87,8104100
2025-04-29,ABEV3,14.22,14.6,14.18,14.51,13.59,59612200
2025-04-29,B3SA3,13.32,13.59,13.23,13.23,12.48,46192900
2025-04-29,BBDC4,13.34,13.64,13.33,13.5,12.13,29771000
2025-04-29,ITUB4,33.98,34.39,33.83,34.24,31.03,25215842
2025-04-29,MGLU3,9.61,10.11,9.46,9.5,9.42,35508375
2025-04-29,PETR4,30.3,30.81,30.15,30.56,27.27,33041100
2025-04-29,VALE3,54.21,54.34,53.84,53.84,48.08,11816200
2025-04-29,WEGE3,50.3,50.86,50.12,50.47,48.01,5513900
2025-04-30,ABEV3,14.45,14.76,14.44,14.57,13.65,46988000
2025-04-30,B3SA3,13.18,13.49,13.13,13.49,12.73,60556100
2025-04-30,BBDC4,13.4,13.75,13.33,13.73,12.33,55291100
2025-04-30,ITUB4,34.03,34.64,34.01,34.54,31.31,32424606
2025-04-30,MGLU3,9.56,9.6,8.83,8.88,8.79,27377700
2025-04-30,PETR4,30.41,30.58,29.96,29.99,26.76,52798300
2025-04-30,VALE3,52.6,53.25,52.21,52.86,47.2,18774400
2025-04-30,WEGE3,47.0,47.28,44.64,44.64,42.47,34414500
2025-05-02,ABEV3,14.41,14.51,14.12,14.12,13.22,35468500
2025-05-02,B3SA3,13.41,13.48,13.26,13.31,12.56,35156600
2025-05-02,BBDC4,13.67,13.75,13.42,13.44,12.07,27262900
2025-05-02,ITUB4,34.39,34.64,33.74,34.44,31.22,39184393
2025-05-02,MGLU3,8.96,9.03,8.72,8.89,8.8,15879465
2025-05-02,PETR4,30.2,30.81,29.97,30.81,27.49,33146600
2025-05-02,VALE3,53.26,53.56,52.55,52.8,47.15,17135800
2025-05-02,WEGE3,44.95,45.22,44.42,44.42,42.26,18290500
2025-05-05,ABEV3,14.12,14.25,14.03,14.06,13.17,29153300
2025-05-05,B3SA3,13.3,13.33,13.15,13.21,12.47,21723000
2025-05-05,BBDC4,13.45,13.58,13.24,13.3,11.96,32690500
2025-05-05,ITUB4,34.22,34.36,33.74,33.83,30.67,28440154
2025-05-05,MGLU3,8.89,8.99,8.41,8.44,8.36,20914215
2025-05-05,PETR4,30.57,30.62,29.66,29.66,26.47,59011700
2025-05-05,VALE3,52.9,53.08,52.73,52.96,47.29,12201600
2025-05-05,WEGE3,43.99,44.15,42.25,42.53,40.46,15804300
2025-05-06,ABEV3,14.0,14.25,14.0,14.21,13.31,21775000
2025-05-06,B3SA3,13.2,13.22,13.07,13.16,12.42,38505300
2025-05-06,BBDC4,13.25,13.29,13.12,13.24,11.91,26635800
2025-05-06,ITUB4,33.81,33.86,33.42,33.65,30.51,17773062
2025-05-06,MGLU3,8.57,8.64,8.23,8.32,8.25,18405240
2025-05-06,PETR4,30.11,30.39,29.96,30.15,26.9,52751300
2025-05-06,VALE3,52.99,53.58,52.92,53.0,47.33,12065000
2025-05-06,WEGE3,42.82,43.38,42.72,42.95,40.86,6818100
2025-05-07,ABEV3,14.31,14.34,14.06,14.27,13.36,23409200
2025-05-07,B3SA3,13.24,13.25,12.95,13.15,12.41,32650800
2025-05-07,BBDC4,13.29,13.36,12.95,13.04,11.73,45197400
2025-05-07,ITUB4,33.9,34.12,33.72,34.02,30.85,13799837
2025-05-07,MGLU3,8.41,8.42,8.07,8.13,8.06,15524355
2025-05-07,PETR4,30.3,30.3,29.9,30.29,27.03,35050400
2025-05-07,VALE3,53.55,53.55,52.66,52.9,47.24,11240100
2025-05-07,WEGE3,43.2,43.3,41.79,41.95,39.91,9070700
2025-05-08,ABEV3,14.77,15.03,14.29,14.37,13.46,45418600
2025-05-08,B3SA3,13.48,14.53,13.46,14.25,13.45,206214600
2025-05-08,BBDC4,14.5,15.29,14.5,15.08,13.56,218670200
2025-05-08,ITUB4,34.56,34.95,34.12,34.29,31.09,34181683
2025-05-08,MGLU3,8.41,8.91,8.31,8.59,8.51,24839115
2025-05-08,PETR4,30.59,31.03,30.45,30.71,27.4,44665000
2025-05-08,VALE3,52.9,53.3,52.67,52.74,47.1,15414600
2025-05-08,WEGE3,42.42,42.94,42.09,42.21,40.16,12632900
2025-05-09,ABEV3,14.29,14.41,14.2,14.28,13.37,23513400
2025-05-09,B3SA3,14.3,14.62,14.2,14.53,13.71,87134400
2025-05-09,BBDC4,15.02,15.34,14.83,15.12,13.6,58078200
2025-05-09,ITUB4,35.34,36.17,34.75,36.15,32.77,59744738
2025-05-09,MGLU3,8.43,8.47,7.53,7.99,7.92,51607500
2025-05-09,PETR4,31.1,31.18,30.64,30.91,27.58,25075600
2025-05-09,VALE3,53.0,53.08,52.51,52.95,47.28,15558800
2025-05-09,WEGE3,42.5,42.53,41.79,41.79,39.76,5972700
2025-05-12,ABEV3,14.26,14.33,14.08,14.29,13.38,19557500
2025-05-12,B3SA3,14.51,14.59,14.26,14.36,13.55,71564100
2025-05-12,BBDC4,15.16,15.2,14.79,14.9,13.4,28273600
2025-05-12,ITUB4,36.35,36.35,35.19,35.42,32.11,27701747
2025-05-12,MGLU3,8.18,8.59,8.11,8.36,8.28,25225725
2025-05-12,PETR4,31.9,32.17,31.65,31.65,28.24,53493600
2025-05-12,VALE3,54.56,55.2,54.28,54.28,48.47,26482400
2025-05-12,WEGE3,42.15,43.08,42.05,42.67,40.59,10286700
2025-05-13,ABEV3,14.35,14.38,14.13,14.25,13.35,20625000
2025-05-13,B3SA3,14.71,15.01,14.65,14.95,14.11,58164100
2025-05-13,BBDC4,14.9,15.25,14.9,15.22,13.69,41967000
2025-05-13,ITUB4,35.61,36.03,35.46,35.85,32.51,25374256
2025-05-13,MGLU3,8.4,8.96,8.13,8.72,8.64,40216260
2025-05-13,PETR4,31.77,32.25,31.35,32.13,28.67,56165300
2025-05-13,VALE3,54.49,55.43,54.13,55.17,49.27,21187200
2025-05-13,WEGE3,43.0,44.2,42.97,44.0,41.86,11479300
2025-05-14,ABEV3,14.19,14.43,14.19,14.23,13.33,37228600
2025-05-14,B3SA3,14.89,15.11,14.48,14.65,13.82,47283900
2025-05-14,BBDC4,15.21,15.39,15.15,15.2,13.67,44162100
2025-05-14,ITUB4,35.86,36.25,35.74,36.1,32.73,18405585
2025-05-14,MGLU3,8.67,9.02,8.49,8.9,8.82,31186785
2025-05-14,PETR4,32.0,32.12,31.7,31.91,28.47,28060100
2025-05-14,VALE3,55.5,55.69,54.84,54.9,49.02,16297800
2025-05-14,WEGE3,44.03,44.4,43.81,44.07,41.93,7012500
2025-05-15,ABEV3,14.23,14.44,14.2,14.41,13.5,19063200
2025-05-15,B3SA3,14.64,14.87,14.54,14.77,13.94,43622900
2025-05-15,BBDC4,15.27,15.54,15.25,15.35,13.81,37314300
2025-05-15,ITUB4,36.27,36.67,36.14,36.58,33.17,27141221
2025-05-15,MGLU3,8.87,9.37,8.87,9.24,9.15,33717180
2025-05-15,PETR4,31.7,32.09,31.59,31.87,28.44,32468300
2025-05-15,VALE3,55.0,55.65,54.84,55.45,49.52,13955400
2025-05-15,WEGE3,43.92,44.46,43.85,44.17,42.02,6936800
2025-05-16,ABEV3,14.27,14.4,14.2,14.39,13.6,26057600
2025-05-16,B3SA3,14.64,14.9,14.61,14.77,13.94,24313700
2025-05-16,BBDC4,15.25,15.44,15.19,15.4,13.85,35982000
2025-05-16,ITUB4,36.58,36.89,36.28,36.8,33.36,30524874
2025-05-16,MGLU3,9.05,9.32,8.96,9.31,9.23,20626935
2025-05-16,PETR4,31.84,32.16,31.66,32.02,28.57,48111800
2025-05-16,VALE3,55.2,55.67,54.81,55.49,49.55,18163800
2025-05-16,WEGE3,44.0,45.5,43.98,45.0,42.81,8772000
2025-05-19,ABEV3,14.37,14.53,14.32,14.32,13.53,14202200
2025-05-19,B3SA3,14.77,14.86,14.66,14.82,13.99,20967500
2025-05-19,BBDC4,15.36,15.66,15.33,15.54,13.98,34562300
2025-05-19,ITUB4,36.72,37.47,36.61,37.23,33.76,25052690
2025-05-19,MGLU3,9.25,9.69,9.17,9.43,9.34,34666380
2025-05-19,PETR4,31.84,32.1,31.7,31.98,28.54,30200500
2025-05-19,VALE3,55.0,55.47,54.87,55.34,49.42,14475200
2025-05-19,WEGE3,44.95,45.11,44.36,44.55,42.38,3814500
2025-05-20,ABEV3,14.32,14.37,14.22,14.29,13.5,17554600
2025-05-20,B3SA3,14.83,14.95,14.65,14.95,14.11,23985800
2025-05-20,BBDC4,15.55,15.71,15.46,15.69,14.11,27806300
2025-05-20,ITUB4,37.26,37.26,36.76,37.18,33.72,18517546
2025-05-20,MGLU3,9.3,9.39,8.97,9.14,9.06,21422415
2025-05-20,PETR4,32.05,32.41,31.95,32.11,28.65,33485800
2025-05-20,VALE3,55.33,55.53,55.09,55.35,49.43,10499200
2025-05-20,WEGE3,44.55,44.71,43.71,44.53,42.36,4196400
2025-05-21,ABEV3,14.17,14.33,14.03,14.16,13.38,16478300
2025-05-21,B3SA3,14.87,14.9,14.45,14.5,13.68,39859700
2025-05-21,BBDC4,15.6,15.66,15.27,15.41,13.86,25605500
2025-05-21,ITUB4,37.08,37.09,36.14,36.44,33.04,20822892
2025-05-21,MGLU3,9.07,9.07,8.69,8.77,8.69,21280455
2025-05-21,PETR4,32.21,32.39,31.69,31.75,28.33,28724100
2025-05-21,VALE3,55.15,55.3,54.44,54.64,48.79,14486300
2025-05-21,WEGE3,44.36,44.62,43.12,43.45,41.34,7585500
2025-05-22,ABEV3,14.16,14.27,14.1,14.1,13.32,18062800
2025-05-22,B3SA3,14.57,14.62,14.21,14.34,13.53,42796000
2025-05-22,BBDC4,15.34,15.69,15.28,15.45,13.9,46122600
2025-05-22,ITUB4,36.54,36.64,36.06,36.18,32.81,23576494
2025-05-22,MGLU3,8.76,9.6,8.76,9.02,8.94,41244735
2025-05-22,PETR4,31.64,31.65,31.21,31.33,27.96,42207300
2025-05-22,VALE3,54.62,54.64,53.97,54.23,48.43,18476000
2025-05-22,WEGE3,43.7,44.38,43.31,43.67,41.55,8321200
2025-05-23,ABEV3,14.0,14.3,13.97,14.24,13.46,16090900
2025-05-23,B3SA3,14.06,14.39,13.83,14.39,13.58,32278300
2025-05-23,BBDC4,15.37,15.69,15.0,15.64,14.07,35866200
2025-05-23,ITUB4,35.53,36.62,35.3,36.62,33.21,20729677
2025-05-23,MGLU3,8.7,8.79,8.38,8.57,8.49,45123015
2025-05-23,PETR4,31.09,31.4,30.87,31.4,28.02,25732400
2025-05-23,VALE3,54.0,54.44,53.59,54.32,48.51,14747300
2025-05-23,WEGE3,43.33,43.69,42.94,43.69,41.56,5707900
2025-05-26,ABEV3,14.25,14.28,14.1,14.26,13.47,6439900
2025-05-26,B3SA3,14.47,14.47,14.2,14.33,13.52,12763500
2025-05-26,BBDC4,15.6,15.85,15.5,15.72,14.14,16875000
2025-05-26,ITUB4,36.52,37.14,36.45,36.7,33.28,6695412
2025-05-26,MGLU3,8.76,8.83,8.54,8.61,8.53,17258220
2025-05-26,PETR4,31.46,31.53,31.14,31.3,27.93,21277100
2025-05-26,VALE3,53.94,54.09,53.8,54.01,48.23,7194500
2025-05-26,WEGE3,43.89,44.14,43.69,43.73,41.6,1926500
2025-05-27,ABEV3,14.46,14.46,14.17,14.2,13.42,15568200
2025-05-27,B3SA3,14.61,14.61,14.38,14.38,13.57,30670400
2025-05-27,BBDC4,15.84,16.24,15.8,16.04,14.43,51944300
2025-05-27,ITUB4,37.18,37.5,36.77,36.99,33.54,15157789
2025-05-27,MGLU3,8.96,9.31,8.75,8.9,8.81,31090710
2025-05-27,PETR4,31.52,31.67,31.36,31.53,28.14,34361500
2025-05-27,VALE3,54.0,54.21,53.62,53.84,48.08,17943000
2025-05-27,WEGE3,44.24,44.78,43.96,44.59,42.42,5502100
2025-05-28,ABEV3,14.21,14.22,14.09,14.1,13.32,12853200
2025-05-28,B3SA3,14.39,14.44,14.15,14.3,13.49,31459400
2025-05-28,BBDC4,16.05,16.32,16.04,16.15,14.53,53685300
2025-05-28,ITUB4,36.97,37.04,36.6,36.69,33.27,14984646
2025-05-28,MGLU3,8.82,9.3,8.79,9.1,9.01,42432390
2025-05-28,PETR4,31.67,31.72,31.43,31.43,28.05,30516200
2025-05-28,VALE3,53.74,53.79,53.19,53.41,47.69,17700600
2025-05-28,WEGE3,44.6,44.66,44.06,44.66,42.49,5306500
2025-05-29,ABEV3,14.04,14.17,14.01,14.06,13.29,12528800
2025-05-29,B3SA3,14.1,14.24,13.9,14.1,13.31,48897400
2025-05-29,BBDC4,16.09,16.35,16.04,16.08,14.46,35789500
2025-05-29,ITUB4,36.56,36.85,36.26,36.4,33.0,18040759
2025-05-29,MGLU3,9.1,9.19,8.65,8.65,8.57,32360160
2025-05-29,PETR4,31.48,31.5,31.05,31.24,27.88,20778800
2025-05-29,VALE3,53.73,53.88,53.33,53.45,47.73,10246100
2025-05-29,WEGE3,44.4,44.6,43.9,44.02,41.88,6974600
2025-05-30,ABEV3,14.12,14.12,13.9,14.03,13.26,38207300
2025-05-30,B3SA3,14.15,14.19,13.76,13.95,13.16,82246300
2025-05-30,BBDC4,16.04,16.22,15.84,16.2,14.57,55543700
2025-05-30,ITUB4,36.53,36.62,36.01,36.34,32.95,32129614
2025-05-30,MGLU3,8.76,8.89,8.59,8.78,8.7,29169210
2025-05-30,PETR4,31.15,31.27,30.9,30.9,27.57,45127700
2025-05-30,VALE3,53.35,53.39,52.05,52.1,46.52,28286100
2025-05-30,WEGE3,44.09,44.14,42.35,42.35,40.29,13668500
2025-06-02,ABEV3,14.04,14.09,13.83,13.91,13.14,15049400
2025-06-02,B3SA3,14.16,14.17,13.54,13.71,12.94,45794000
2025-06-02,BBDC4,16.32,16.5,16.2,16.24,14.61,26220300
2025-06-02,ITUB4,36.57,36.66,35.95,36.07,32.72,23768074
2025-06-02,MGLU3,9.0,9.42,8.92,9.09,9.0,29642025
2025-06-02,PETR4,31.64,31.65,31.01,31.08,27.73,35111000
2025-06-02,VALE3,52.58,52.75,52.26,52.56,46.94,19267700
2025-06-02,WEGE3,42.35,42.35,41.6,41.85,39.81,7716100
2025-06-03,ABEV3,13.91,14.08,13.83,14.01,13.24,18971700
2025-06-03,B3SA3,13.65,14.19,13.65,14.18,13.38,44178300
2025-06-03,BBDC4,16.34,16.54,16.21,16.5,14.86,50865800
2025-06-03,ITUB4,35.93,36.07,35.71,35.95,32.61,24216330
2025-06-03,MGLU3,9.07,9.8,8.98,9.76,9.67,41178690
2025-06-03,PETR4,29.88,30.3,29.39,30.18,27.74,59828700
2025-06-03,VALE3,51.93,52.64,51.87,52.53,46.91,12824900
2025-06-03,WEGE3,41.7,42.38,41.68,41.7,39.67,6516500
2025-06-04,ABEV3,14.09,14.26,14.01,14.08,13.3,19154800
2025-06-04,B3SA3,13.9,14.17,13.88,13.95,13.16,32415100
2025-06-04,BBDC4,16.52,16.79,16.37,16.45,14.81,36692500
2025-06-04,ITUB4,36.09,36.2,35.6,35.86,32.53,17784701
2025-06-04,MGLU3,9.85,9.94,8.96,9.56,9.47,58939545
2025-06-04,PETR4,30.24,30.45,29.27,29.35,26.98,41952900
2025-06-04,VALE3,52.62,53.33,52.62,52.77,47.12,11714700
2025-06-04,WEGE3,42.09,43.27,41.96,43.16,41.06,12869400
2025-06-05,ABEV3,14.1,14.11,13.83,13.87,13.11,20132900
2025-06-05,B3SA3,13.82,13.95,13.5,13.58,12.81,44559500
2025-06-05,BBDC4,16.5,16.5,15.9,15.97,14.38,36435500
2025-06-05,ITUB4,35.92,35.92,35.32,35.43,32.14,25542146
2025-06-05,MGLU3,9.63,9.93,9.49,9.58,9.49,49583520
2025-06-05,PETR4,29.5,29.64,29.21,29.36,26.99,23774000
2025-06-05,VALE3,53.0,53.66,52.87,52.91,47.25,12594000
2025-06-05,WEGE3,43.13,43.9,42.54,42.54,40.47,12056700
2025-06-06,ABEV3,13.97,14.1,13.82,14.08,13.3,26987600
2025-06-06,B3SA3,13.53,13.66,13.53,13.57,12.81,24936300
2025-06-06,BBDC4,15.96,16.05,15.84,15.96,14.37,19352100
2025-06-06,ITUB4,35.41,35.68,35.24,35.51,32.22,18733537
2025-06-06,MGLU3,9.7,9.95,9.05,9.05,8.96,45597720
2025-06-06,PETR4,29.45,29.83,29.36,29.67,27.27,28069300
2025-06-06,VALE3,53.15,53.47,52.71,52.98,47.31,16638900
2025-06-06,WEGE3,42.54,43.0,42.49,42.57,40.5,4539700
2025-06-09,ABEV3,13.99,14.06,13.81,13.96,13.19,17173900
2025-06-09,B3SA3,13.2,13.37,13.07,13.16,12.42,80451800
2025-06-09,BBDC4,15.94,16.03,15.55,15.84,14.26,28177300
2025-06-09,ITUB4,35.41,35.56,34.83,35.33,32.05,24664895
2025-06-09,MGLU3,8.98,9.21,8.89,9.03,8.94,27079815
2025-06-09,PETR4,29.22,29.47,28.86,29.17,26.81,43834800
2025-06-09,VALE3,52.89,53.29,52.62,53.29,47.59,13029200
2025-06-09,WEGE3,42.43,42.96,41.82,42.84,40.76,4151900
2025-06-10,ABEV3,14.07,14.1,13.73,13.8,13.04,23640900
2025-06-10,B3SA3,13.3,13.4,13.05,13.14,12.4,32255300
2025-06-10,BBDC4,15.99,16.04,15.77,15.83,14.26,27623200
2025-06-10,ITUB4,35.44,35.51,34.92,34.95,32.0,20974508
2025-06-10,MGLU3,9.27,9.49,8.96,9.05,8.96,37953405
2025-06-10,PETR4,29.41,30.22,29.35,30.05,27.62,46241800
2025-06-10,VALE3,53.3,53.87,53.11,53.65,47.91,18890600
2025-06-10,WEGE3,43.39,43.39,42.15,42.3,40.24,5988000
2025-06-11,ABEV3,13.73,13.92,13.63,13.91,13.14,22849900
2025-06-11,B3SA3,13.07,13.43,12.9,13.24,12.49,61925500
2025-06-11,BBDC4,15.77,16.36,15.65,16.32,14.7,48251000
2025-06-11,ITUB4,34.92,35.52,34.7,35.27,32.29,16665400
2025-06-11,MGLU3,9.09,9.29,8.92,9.09,9.0,28747215
2025-06-11,PETR4,30.3,31.16,30.3,31.05,28.54,52432400
2025-06-11,VALE3,53.81,53.81,52.99,53.18,47.49,13639700
2025-06-11,WEGE3,42.3,42.58,41.62,42.29,40.23,5025600
2025-06-12,ABEV3,13.75,13.89,13.74,13.8,13.04,14788400
2025-06-12,B3SA3,12.87,13.09,12.8,12.98,12.25,66355600
2025-06-12,BBDC4,16.21,16.54,16.14,16.48,14.84,38328100
2025-06-12,ITUB4,35.04,35.76,35.01,35.54,32.54,22525482
2025-06-12,MGLU3,8.96,9.22,8.82,9.16,9.08,25304580
2025-06-12,PETR4,30.8,31.91,30.73,31.75,29.19,51729500
2025-06-12,VALE3,52.9,53.04,52.47,52.83,47.18,11136800
2025-06-12,WEGE3,42.0,42.64,41.6,42.26,40.2,5467300
2025-06-13,ABEV3,13.68,13.79,13.58,13.64,12.89,28248400
2025-06-13,B3SA3,12.75,13.1,12.7,13.05,12.31,52654600
2025-06-13,BBDC4,16.26,16.45,16.14,16.29,14.67,29855200
2025-06-13,ITUB4,35.12,35.29,34.86,35.12,32.15,14821597
2025-06-13,MGLU3,8.88,8.9,8.51,8.51,8.43,50894655
2025-06-13,PETR4,33.11,33.17,32.17,32.53,29.9,74902600
2025-06-13,VALE3,52.07,52.51,51.96,52.13,46.55,13264900
2025-06-13,WEGE3,41.75,42.93,41.6,42.39,40.33,4923100
2025-06-16,ABEV3,13.66,13.85,13.59,13.68,12.93,27978300
2025-06-16,B3SA3,13.3,13.62,13.28,13.47,12.71,31235100
2025-06-16,BBDC4,16.44,16.74,16.42,16.64,14.98,25238300
2025-06-16,ITUB4,35.47,36.14,35.46,35.76,32.74,17874002
2025-06-16,MGLU3,8.71,9.15,8.7,9.09,9.0,35399280
2025-06-16,PETR4,32.53,32.93,32.07,32.21,29.61,45972200
2025-06-16,VALE3,52.31,54.05,52.31,53.83,48.07,41210000
2025-06-16,WEGE3,42.71,43.43,42.42,42.54,40.47,5928600
2025-06-17,ABEV3,13.73,13.75,13.4,13.47,12.73,32452200
2025-06-17,B3SA3,13.59,13.63,13.45,13.53,12.77,29313700
2025-06-17,BBDC4,16.63,16.89,16.61,16.89,15.21,33555400
2025-06-17,ITUB4,35.91,36.01,35.7,35.97,32.93,20133513
2025-06-17,MGLU3,8.98,9.05,8.74,8.89,8.8,23528925
2025-06-17,PETR4,32.38,33.09,32.37,32.94,30.28,57633400
2025-06-17,VALE3,53.63,53.89,51.38,51.41,45.91,43657300
2025-06-17,WEGE3,42.52,42.9,41.11,41.41,39.4,8397400
2025-06-18,ABEV3,13.38,13.55,13.35,13.49,12.75,37567000
2025-06-18,B3SA3,13.49,13.8,13.45,13.79,13.01,55485100
2025-06-18,BBDC4,16.63,16.95,16.61,16.76,15.09,32449600
2025-06-18,ITUB4,35.85,36.0,35.64,35.76,32.74,20285232
2025-06-18,MGLU3,8.9,9.07,8.82,8.9,8.82,24045105
2025-06-18,PETR4,32.96,33.21,32.49,32.91,30.25,49342900
2025-06-18,VALE3,53.63,53.89,51.08,51.24,45.76,20499000
2025-06-18,WEGE3,41.55,42.04,41.44,41.86,39.82,4336700
2025-06-20,ABEV3,13.41,13.55,13.37,13.53,12.78,39451400
2025-06-20,B3SA3,13.6,13.7,13.44,13.62,12.85,52205800
2025-06-20,BBDC4,16.63,16.74,16.49,16.62,14.97,39693200
2025-06-20,ITUB4,35.46,35.6,35.33,35.57,32.57,21841974
2025-06-20,MGLU3,8.75,8.75,8.38,8.43,8.35,28290150
2025-06-20,PETR4,32.73,33.16,32.63,32.82,30.17,85062700
2025-06-20,VALE3,51.24,51.28,49.92,49.92,44.58,39947200
2025-06-20,WEGE3,41.43,42.4,41.31,41.64,39.61,9459600
2025-06-23,ABEV3,13.5,13.65,13.47,13.56,12.81,27562100
2025-06-23,B3SA3,13.62,13.63,13.28,13.4,12.65,32994200
2025-06-23,BBDC4,16.59,16.59,16.27,16.49,14.85,25046300
2025-06-23,ITUB4,35.57,35.57,35.1,35.5,32.5,14711387
2025-06-23,MGLU3,8.48,8.52,8.15,8.49,8.41,37725345
2025-06-23,PETR4,33.29,33.34,31.81,32.0,29.42,54592400
2025-06-23,VALE3,50.02,50.55,49.83,50.55,45.14,17288800
2025-06-23,WEGE3,41.35,41.79,40.85,41.6,39.67,6081400
2025-06-24,ABEV3,13.58,13.65,13.43,13.51,12.77,26798300
2025-06-24,B3SA3,13.48,13.68,13.36,13.52,12.83,23573800
2025-06-24,BBDC4,16.6,16.81,16.51,16.54,14.89,32515100
2025-06-24,ITUB4,35.65,36.49,35.51,36.17,33.11,20742037
2025-06-24,MGLU3,8.64,9.07,8.59,8.67,8.59,30730560
2025-06-24,PETR4,31.29,31.84,31.14,31.37,28.84,48728300
2025-06-24,VALE3,50.74,50.75,50.14,50.54,45.13,18576300
2025-06-24,WEGE3,42.0,42.1,41.22,41.44,39.51,4735500
2025-06-25,ABEV3,13.4,13.47,13.1,13.15,12.43,50901200
2025-06-25,B3SA3,13.41,13.67,13.4,13.61,12.91,20218100
2025-06-25,BBDC4,16.53,16.65,16.4,16.4,14.77,33727300
2025-06-25,ITUB4,36.02,36.06,35.38,35.51,32.52,20384627
2025-06-25,MGLU3,8.71,8.78,8.57,8.7,8.61,24805620
2025-06-25,PETR4,31.32,31.54,31.21,31.21,28.69,23127700
2025-06-25,VALE3,50.25,50.6,49.72,50.48,45.08,23319900
2025-06-25,WEGE3,41.51,41.91,41.11,41.82,39.88,4072000
2025-06-26,ABEV3,13.2,13.37,13.12,13.32,12.59,36177200
2025-06-26,B3SA3,13.72,14.2,13.6,14.1,13.38,33383200
2025-06-26,BBDC4,16.47,16.55,16.23,16.55,14.9,27870800
2025-06-26,ITUB4,35.56,35.72,35.15,35.25,32.28,23717707
2025-06-26,MGLU3,8.89,9.08,8.74,8.97,8.89,28136850
2025-06-26,PETR4,31.35,31.6,31.31,31.46,28.92,17227000
2025-06-26,VALE3,50.84,52.3,50.84,52.0,46.44,40488400
2025-06-26,WEGE3,41.89,43.62,41.89,43.07,41.07,11156400
2025-06-27,ABEV3,13.22,13.22,13.01,13.15,12.43,27309500
2025-06-27,B3SA3,13.98,14.25,13.95,14.12,13.4,20422900
2025-06-27,BBDC4,16.41,16.63,16.31,16.57,14.92,28697200
2025-06-27,ITUB4,34.95,35.3,34.89,35.21,32.24,14240265
2025-06-27,MGLU3,8.89,8.99,8.71,8.86,8.77,22057560
2025-06-27,PETR4,31.39,31.45,31.14,31.21,28.69,16482100
2025-06-27,VALE3,52.19,53.09,51.91,52.87,47.21,26016900
2025-06-27,WEGE3,42.71,43.45,42.35,42.35,40.38,6984100
2025-06-30,ABEV3,13.09,13.34,13.04,13.32,12.59,34532500
2025-06-30,B3SA3,14.06,14.6,14.04,14.58,13.83,34139300
2025-06-30,BBDC4,16.53,16.83,16.48,16.83,15.16,30209500
2025-06-30,ITUB4,35.1,35.88,34.87,35.87,32.84,30712643
2025-06-30,MGLU3,8.81,9.49,8.76,9.38,9.29,37561860
2025-06-30,PETR4,31.21,31.49,31.1,31.38,28.85,23091100
2025-06-30,VALE3,52.79,53.03,52.44,52.65,47.02,19961900
2025-06-30,WEGE3,42.31,43.13,42.23,42.78,40.79,10282300
2025-07-01,ABEV3,13.36,13.41,13.17,13.38,12.64,21493700
2025-07-01,B3SA3,14.63,14.73,14.37,14.5,13.76,29418200
2025-07-01,BBDC4,16.58,16.8,16.56,16.68,15.29,24480600
2025-07-01,ITUB4,35.85,36.09,35.74,36.02,32.99,18712010
2025-07-01,MGLU3,9.3,9.46,9.11,9.25,9.16,18460050
2025-07-01,PETR4,31.45,31.57,31.26,31.49,28.95,17014100
2025-07-01,VALE3,52.6,53.71,52.5,53.36,47.65,21844300
2025-07-01,WEGE3,42.68,42.99,42.36,42.5,40.52,7110200
2025-07-02,ABEV3,13.49,13.78,13.36,13.65,12.9,47073600
2025-07-02,B3SA3,14.49,14.66,14.19,14.45,13.71,43698400
2025-07-02,BBDC4,16.68,16.68,16.2,16.36,15.01,29531300
2025-07-02,ITUB4,36.02,36.19,35.49,35.73,32.73,20331479
2025-07-02,MGLU3,9.27,9.32,8.6,8.64,8.56,26958645
2025-07-02,PETR4,31.58,32.24,31.48,32.05,29.46,28311600
2025-07-02,VALE3,53.81,55.7,53.8,55.3,49.38,63100200
2025-07-02,WEGE3,42.28,43.12,42.11,42.43,40.46,7025100
2025-07-03,ABEV3,13.67,13.73,13.48,13.48,12.74,15694900
2025-07-03,B3SA3,14.47,14.83,14.46,14.62,13.87,28673500
2025-07-03,BBDC4,16.38,16.88,16.36,16.75,15.37,34023600
2025-07-03,ITUB4,35.77,36.7,35.77,36.61,33.54,13945170
2025-07-03,MGLU3,8.85,8.94,8.69,8.75,8.67,26035695
2025-07-03,PETR4,32.0,32.39,31.94,32.16,29.56,14322300
2025-07-03,VALE3,55.5,55.88,54.82,55.04,49.15,18256300
2025-07-03,WEGE3,42.5,42.95,42.23,42.71,40.72,6963500
2025-07-04,ABEV3,13.41,13.63,13.4,13.52,12.78,6452500
2025-07-04,B3SA3,14.51,14.85,14.51,14.71,13.96,7653900
2025-07-04,BBDC4,16.66,16.79,16.62,16.67,15.3,11797800
2025-07-04,ITUB4,36.6,36.88,36.49,36.63,33.55,7528785
2025-07-04,MGLU3,8.67,8.82,8.67,8.81,8.73,16310595
2025-07-04,PETR4,32.0,32.31,31.97,32.12,29.53,9356900
2025-07-04,VALE3,55.03,55.2,54.75,55.2,49.29,5449600
2025-07-04,WEGE3,42.87,43.38,42.79,43.0,41.0,3488100
2025-07-07,ABEV3,13.51,13.54,13.3,13.4,12.66,23165300
2025-07-07,B3SA3,14.74,14.79,14.55,14.65,13.9,60133400
2025-07-07,BBDC4,16.66,16.77,16.45,16.51,15.15,22852900
2025-07-07,ITUB4,36.64,36.68,36.07,36.15,33.11,13885121
2025-07-07,MGLU3,8.79,8.88,8.57,8.68,8.6,17286990
2025-07-07,PETR4,32.12,32.26,31.9,32.06,29.47,17938800
2025-07-07,VALE3,55.05,55.18,54.2,54.39,48.57,13174500
2025-07-07,WEGE3,43.0,43.11,42.24,42.33,40.36,4161300
2025-07-08,ABEV3,13.42,13.49,13.27,13.38,12.64,32803300
2025-07-08,B3SA3,14.61,14.64,14.43,14.59,13.84,32968400
2025-07-08,BBDC4,16.52,16.55,16.41,16.55,15.19,18149600
2025-07-08,ITUB4,36.08,36.23,35.83,36.06,33.03,21526588
2025-07-08,MGLU3,8.73,8.82,8.39,8.48,8.4,22664355
2025-07-08,PETR4,32.07,32.59,32.03,32.52,29.89,28778300
2025-07-08,VALE3,54.52,55.59,54.36,54.58,48.74,26632000
2025-07-08,WEGE3,42.69,42.69,40.44,40.61,38.72,11029800
2025-07-09,ABEV3,13.45,13.45,13.23,13.31,12.58,31299800
2025-07-09,B3SA3,14.49,14.55,14.33,14.48,13.74,43324400
2025-07-09,BBDC4,16.53,16.55,16.33,16.36,15.01,22687500
2025-07-09,ITUB4,36.0,36.01,35.2,35.31,32.34,16093132
2025-07-09,MGLU3,8.57,8.57,8.08,8.14,8.07,20102670
2025-07-09,PETR4,32.57,32.63,32.06,32.32,29.71,22338900
2025-07-09,VALE3,54.7,54.7,53.75,54.04,48.26,12209400
2025-07-09,WEGE3,40.5,40.55,39.96,40.11,38.24,11678900
2025-07-10,ABEV3,13.22,13.38,13.15,13.23,12.5,26865400
2025-07-10,B3SA3,14.27,14.3,13.84,14.09,13.37,54593600
2025-07-10,BBDC4,16.15,16.19,16.04,16.14,14.81,24133500
2025-07-10,ITUB4,34.85,34.85,34.21,34.22,31.35,39571879
2025-07-10,MGLU3,7.85,8.01,7.74,7.94,7.87,27701730
2025-07-10,PETR4,32.01,32.43,31.72,32.24,29.64,23102800
2025-07-10,VALE3,55.34,57.12,55.2,55.28,49.36,46597200
2025-07-10,WEGE3,39.44,40.24,39.19,39.9,38.04,12622900
2025-07-11,ABEV3,13.19,13.38,13.08,13.33,12.6,40755100
2025-07-11,B3SA3,13.99,14.05,13.52,13.73,13.03,24753200
2025-07-11,BBDC4,16.04,16.11,15.92,16.05,14.73,20943500
2025-07-11,ITUB4,34.13,34.17,33.72,33.94,31.09,43139284
2025-07-11,MGLU3,7.85,7.85,7.54,7.66,7.59,25093320
2025-07-11,PETR4,32.2,32.7,32.15,32.63,29.99,23946700
2025-07-11,VALE3,55.2,56.22,55.01,56.0,50.01,18313200
2025-07-11,WEGE3,39.86,40.08,39.37,39.75,37.9,11076600
2025-07-14,ABEV3,13.26,13.57,13.26,13.29,12.56,36420400
2025-07-14,B3SA3,13.67,13.67,13.41,13.61,12.91,16998500
2025-07-14,BBDC4,16.01,16.16,15.95,16.11,14.78,16403700
2025-07-14,ITUB4,33.91,34.01,33.5,33.88,31.04,26665052
2025-07-14,MGLU3,7.63,7.63,7.44,7.57,7.5,19896135
2025-07-14,PETR4,32.63,32.77,32.12,32.2,29.6,24106300
2025-07-14,VALE3,55.86,55.91,54.87,55.36,49.44,15141300
2025-07-14,WEGE3,39.58,40.1,39.53,39.53,37.69,5026100
2025-07-15,ABEV3,13.37,13.52,13.23,13.27,12.54,27675300
2025-07-15,B3SA3,13.74,13.85,13.49,13.73,13.03,28427600
2025-07-15,BBDC4,16.18,16.31,15.9,16.1,14.78,20723100
2025-07-15,ITUB4,33.88,34.19,33.68,34.0,31.14,27356285
2025-07-15,MGLU3,7.81,7.85,7.55,7.67,7.6,24724665
2025-07-15,PETR4,32.24,32.38,31.81,31.95,29.37,18688300
2025-07-15,VALE3,54.93,55.36,53.52,53.91,48.14,25029100
2025-07-15,WEGE3,39.6,39.97,39.22,39.67,37.83,7131200
2025-07-16,ABEV3,13.38,13.73,13.31,13.68,12.93,48903600
2025-07-16,B3SA3,13.77,13.81,13.57,13.68,12.98,21195700
2025-07-16,BBDC4,16.15,16.19,15.91,16.06,14.74,18619600
2025-07-16,ITUB4,34.07,34.27,33.86,34.17,31.29,27655294
2025-07-16,MGLU3,7.68,7.78,7.5,7.72,7.65,21844725
2025-07-16,PETR4,31.9,31.95,31.47,31.79,29.22,27588900
2025-07-16,VALE3,54.1,54.52,53.91,54.4,48.58,26394100
2025-07-16,WEGE3,39.85,41.3,39.7,41.12,39.21,11531300
2025-07-17,ABEV3,13.67,13.69,13.44,13.46,12.72,19213600
2025-07-17,B3SA3,13.68,13.75,13.54,13.74,13.04,19252700
2025-07-17,BBDC4,16.03,16.09,15.88,16.03,14.71,19360000
2025-07-17,ITUB4,34.18,34.8,34.17,34.68,31.77,25587775
2025-07-17,MGLU3,7.75,7.84,7.64,7.81,7.74,22185345
2025-07-17,PETR4,31.77,31.77,31.4,31.47,28.93,27497600
2025-07-17,VALE3,54.4,54.79,54.12,54.3,48.49,20252800
2025-07-17,WEGE3,41.4,42.51,41.38,42.09,40.13,17894300
2025-07-18,ABEV3,13.33,13.49,13.29,13.32,12.59,23902900
2025-07-18,B3SA3,13.39,13.57,12.95,12.97,12.31,110000600
2025-07-18,BBDC4,15.93,15.96,15.61,15.67,14.38,43557800
2025-07-18,ITUB4,34.39,34.68,33.97,34.05,31.19,32227155
2025-07-18,MGLU3,7.67,7.75,7.46,7.5,7.43,24625335
2025-07-18,PETR4,31.4,31.6,30.6,30.99,28.49,57635000
2025-07-18,VALE3,54.05,54.78,53.97,54.56,48.72,23714000
2025-07-18,WEGE3,42.24,42.88,42.02,42.37,40.4,13711800
2025-07-21,ABEV3,13.35,13.45,13.26,13.42,12.68,21355000
2025-07-21,B3SA3,13.05,13.2,12.97,13.1,12.43,27833400
2025-07-21,BBDC4,15.7,15.86,15.57,15.68,14.39,28460200
2025-07-21,ITUB4,34.03,34.54,33.99,34.45,31.55,12354541
2025-07-21,MGLU3,7.56,7.6,7.23,7.24,7.17,21647010
2025-07-21,PETR4,30.89,31.28,30.77,31.05,28.54,16412000
2025-07-21,VALE3,55.45,56.82,55.34,56.05,50.05,40484000
2025-07-21,WEGE3,43.04,43.05,41.78,41.97,40.02,7733200
2025-07-22,ABEV3,13.43,13.53,13.4,13.4,12.66,22285900
2025-07-22,B3SA3,13.15,13.24,13.03,13.07,12.4,17304600
2025-07-22,BBDC4,15.72,15.81,15.57,15.63,14.34,22020400
2025-07-22,ITUB4,34.47,34.7,33.92,33.98,31.13,23330324
2025-07-22,MGLU3,7.3,7.35,7.07,7.14,7.08,22623300
2025-07-22,PETR4,31.05,31.58,30.99,31.35,28.82,24557100
2025-07-22,VALE3,56.95,57.97,56.91,57.5,51.35,40945900
2025-07-22,WEGE3,42.0,42.25,41.32,41.32,39.4,8965700
2025-07-23,ABEV3,13.41,13.66,13.4,13.59,12.84,15345700
2025-07-23,B3SA3,13.07,13.5,13.06,13.39,12.7,20683700
2025-07-23,BBDC4,15.63,15.97,15.61,15.88,14.57,23447100
2025-07-23,ITUB4,33.94,34.5,33.84,34.36,31.47,13271962
2025-07-23,MGLU3,7.08,7.52,7.04,7.43,7.36,20511330
2025-07-23,PETR4,31.35,32.03,31.3,31.99,29.41,27418600
2025-07-23,VALE3,57.45,57.9,57.0,57.42,51.27,17914800
2025-07-23,WEGE3,39.31,39.94,38.01,38.01,36.24,31116000
2025-07-24,ABEV3,13.54,13.59,13.41,13.5,12.76,8292700
2025-07-24,B3SA3,13.22,13.25,13.05,13.12,12.45,20520300
2025-07-24,BBDC4,15.79,15.79,15.56,15.68,14.39,40868200
2025-07-24,ITUB4,34.24,34.24,33.83,34.04,31.18,11460089
2025-07-24,MGLU3,7.33,7.36,7.11,7.18,7.11,16325925
2025-07-24,PETR4,31.93,32.02,31.65,31.94,29.36,17856300
2025-07-24,VALE3,56.94,57.29,56.29,56.53,50.48,21651200
2025-07-24,WEGE3,38.2,38.6,36.08,36.23,34.55,30042500
2025-07-25,ABEV3,13.58,13.6,13.45,13.47,12.73,15436100
2025-07-25,B3SA3,13.06,13.22,13.06,13.07,12.4,20299900
2025-07-25,BBDC4,15.72,15.76,15.49,15.56,14.28,21825400
2025-07-25,ITUB4,34.01,34.46,34.01,34.18,31.31,18518061
2025-07-25,MGLU3,7.18,7.23,6.99,7.14,7.08,16280145
2025-07-25,PETR4,31.99,32.18,31.91,31.98,29.4,13341000
2025-07-25,VALE3,56.18,56.28,55.27,55.7,49.74,21918900
2025-07-25,WEGE3,36.49,36.6,35.94,36.17,34.49,19069200
2025-07-28,ABEV3,13.47,13.49,13.03,13.06,12.34,56671100
2025-07-28,B3SA3,13.14,13.19,12.58,12.7,12.05,22762200
2025-07-28,BBDC4,15.61,15.65,15.27,15.44,14.17,24295500
2025-07-28,ITUB4,34.25,34.29,33.16,33.47,30.65,17849385
2025-07-28,MGLU3,7.12,7.19,6.83,6.84,6.77,16992360
2025-07-28,PETR4,32.16,32.43,31.68,32.02,29.43,27972800
2025-07-28,VALE3,54.94,55.32,54.64,55.16,49.26,19175100
2025-07-28,WEGE3,36.1,36.73,36.0,36.73,35.19,11133300
2025-07-29,ABEV3,13.15,13.23,13.02,13.19,12.46,20942500
2025-07-29,B3SA3,12.7,12.8,12.59,12.71,12.06,17195600
2025-07-29,BBDC4,15.46,15.58,15.36,15.41,14.14,28054200
2025-07-29,ITUB4,33.44,33.84,33.37,33.66,30.83,16655821
2025-07-29,MGLU3,6.9,6.9,6.62,6.65,6.59,22201725
2025-07-29,PETR4,32.19,32.6,31.99,32.44,29.82,33284000
2025-07-29,VALE3,55.55,55.7,54.77,54.82,48.95,14648700
2025-07-29,WEGE3,37.15,37.94,36.58,36.58,35.05,14293400
2025-07-30,ABEV3,13.2,13.39,13.08,13.15,12.43,25805400
2025-07-30,B3SA3,12.59,12.87,12.52,12.75,12.1,22210300
2025-07-30,BBDC4,15.34,15.8,15.32,15.66,14.37,45351600
2025-07-30,ITUB4,33.5,34.23,33.31,34.05,31.19,19531787
2025-07-30,MGLU3,6.61,7.12,6.59,6.99,6.93,29697360
2025-07-30,PETR4,32.3,32.83,32.27,32.77,30.12,27110400
2025-07-30,VALE3,54.32,54.69,53.33,53.84,48.08,35607800
2025-07-30,WEGE3,36.65,37.48,35.75,36.85,35.3,18990800
2025-07-31,ABEV3,12.33,12.61,12.2,12.46,11.77,116074600
2025-07-31,B3SA3,12.55,12.75,12.49,12.58,11.94,24010500
2025-07-31,BBDC4,15.85,15.94,15.39,15.53,14.25,63011500
2025-07-31,ITUB4,33.67,34.19,33.63,34.14,31.27,22001830
2025-07-31,MGLU3,6.74,6.81,6.64,6.72,6.66,21455490
2025-07-31,PETR4,32.45,32.75,32.42,32.64,30.0,23544900
2025-07-31,VALE3,53.01,53.62,52.37,53.46,47.74,20790000
2025-07-31,WEGE3,36.61,37.33,35.9,37.11,35.55,15042800
2025-08-01,ABEV3,12.55,12.68,12.22,12.29,11.61,34261300
2025-08-01,B3SA3,12.71,12.91,12.42,12.59,11.95,22196200
2025-08-01,BBDC4,15.71,15.85,15.51,15.56,14.28,30228600
2025-08-01,ITUB4,34.56,34.72,33.73,33.91,31.08,16498643
2025-08-01,MGLU3,6.92,7.05,6.84,6.88,6.81,26666745
2025-08-01,PETR4,32.8,32.91,32.04,32.21,29.61,24191800
2025-08-01,VALE3,54.24,54.9,53.57,53.75,48.0,40510900
2025-08-01,WEGE3,37.27,37.32,36.34,37.18,35.62,16118400
2025-08-04,ABEV3,12.39,12.57,12.34,12.41,11.73,16396200
2025-08-04,B3SA3,12.8,12.91,12.61,12.68,12.03,29274800
2025-08-04,BBDC4,15.73,15.94,15.6,15.66,14.39,25590900
2025-08-04,ITUB4,34.41,34.52,34.01,34.27,31.41,17430072
2025-08-04,MGLU3,6.96,7.03,6.79,6.84,6.77,15100470
2025-08-04,PETR4,32.21,32.27,31.96,32.16,29.56,15215600
2025-08-04,VALE3,54.39,54.4,53.81,54.18,48.38,16198100
2025-08-04,WEGE3,37.41,37.79,37.02,37.07,35.51,6629900
2025-08-05,ABEV3,12.47,12.51,12.31,12.36,11.68,33909800
2025-08-05,B3SA3,12.71,12.81,12.56,12.58,11.94,16600500
2025-08-05,BBDC4,15.61,15.88,15.61,15.69,14.42,31469200
2025-08-05,ITUB4,34.19,34.88,34.04,34.65,31.76,49690805
2025-08-05,MGLU3,6.84,6.95,6.76,6.86,6.79,15683955
2025-08-05,PETR4,32.13,32.41,32.03,32.31,29.7,20635500
2025-08-05,VALE3,54.17,54.97,54.11,54.11,48.32,21037600
2025-08-05,WEGE3,37.07,37.41,36.93,37.13,35.57,5735100
2025-08-06,ABEV3,12.5,12.57,12.38,12.48,11.79,43866000
2025-08-06,B3SA3,12.74,12.84,12.57,12.72,12.07,21662300
2025-08-06,BBDC4,15.76,15.87,15.64,15.67,14.4,24917500
2025-08-06,ITUB4,35.23,36.07,35.05,35.09,32.16,41157358
2025-08-06,MGLU3,6.91,7.09,6.87,6.99,6.93,14000910
2025-08-06,PETR4,32.6,32.94,32.19,32.35,29.74,32854600
2025-08-06,VALE3,54.51,54.61,53.73,53.77,48.02,17954300
2025-08-06,WEGE3,37.4,38.22,37.32,38.16,36.56,9789400
2025-08-07,ABEV3,12.51,12.65,12.4,12.54,11.85,34814900
2025-08-07,B3SA3,12.7,12.99,12.6,12.91,12.25,43471800
2025-08-07,BBDC4,15.72,15.8,15.62,15.79,14.51,27653400
2025-08-07,ITUB4,35.18,35.93,35.06,35.71,32.73,26887326
2025-08-07,MGLU3,7.02,7.12,6.93,7.07,7.0,18451335
2025-08-07,PETR4,32.64,32.85,32.43,32.53,29.9,21111400
2025-08-07,VALE3,54.1,54.49,53.9,54.16,48.36,20298800
2025-08-07,WEGE3,38.18,39.63,38.16,39.0,37.36,14205400
2025-08-08,ABEV3,12.55,12.57,12.31,12.37,11.69,24174500
2025-08-08,B3SA3,12.9,13.06,12.77,12.88,12.22,30494500
2025-08-08,BBDC4,15.75,15.99,15.75,15.96,14.66,25120200
2025-08-08,ITUB4,35.72,36.07,35.68,35.95,32.95,18329262
2025-08-08,MGLU3,7.01,7.01,6.62,6.7,6.64,34780410
2025-08-08,PETR4,31.5,32.05,30.53,30.53,28.06,107235300
2025-08-08,VALE3,54.2,55.7,54.19,55.39,49.46,24205600
2025-08-08,WEGE3,38.93,39.34,37.96,38.1,36.5,7471100
2025-08-11,ABEV3,12.37,12.44,12.25,12.31,11.63,50587800
2025-08-11,B3SA3,12.93,12.94,12.67,12.76,12.11,21690500
2025-08-11,BBDC4,15.95,15.96,15.81,15.9,14.61,13742600
2025-08-11,ITUB4,35.74,36.28,35.67,36.17,33.15,22695226
2025-08-11,MGLU3,6.61,7.02,6.61,6.69,6.62,28940520
2025-08-11,PETR4,30.71,31.03,30.58,30.72,28.24,28045800
2025-08-11,VALE3,55.48,55.99,55.3,55.33,49.41,22304000
2025-08-11,WEGE3,38.13,38.17,37.03,37.22,35.66,9567300
2025-08-12,ABEV3,12.38,12.44,12.23,12.23,11.56,21327300
2025-08-12,B3SA3,12.76,12.93,12.63,12.65,12.0,34054800
2025-08-12,BBDC4,15.97,16.34,15.92,16.27,14.95,31596100
2025-08-12,ITUB4,36.37,37.16,36.3,36.92,33.84,27812781
2025-08-12,MGLU3,6.86,6.95,6.68,6.7,6.63,21292005
2025-08-12,PETR4,30.79,31.27,30.65,30.8,28.31,37973300
2025-08-12,VALE3,55.95,56.17,55.7,55.91,49.93,25851300
2025-08-12,WEGE3,37.65,37.65,36.52,36.61,35.07,6654500
2025-08-13,ABEV3,12.23,12.23,11.95,12.12,11.45,42653700
2025-08-13,B3SA3,12.64,12.78,12.57,12.7,12.05,34558200
2025-08-13,BBDC4,16.18,16.36,16.04,16.13,14.82,29193000
2025-08-13,ITUB4,36.82,37.01,36.55,36.57,33.52,22618491
2025-08-13,MGLU3,6.68,6.71,6.38,6.41,6.35,21171150
2025-08-13,PETR4,30.8,30.86,30.41,30.57,28.1,38340700
2025-08-13,VALE3,54.3,54.5,53.94,54.09,50.0,19720000
2025-08-13,WEGE3,36.62,36.88,36.26,36.62,35.08,7988800
2025-08-14,ABEV3,12.0,12.14,11.97,12.02,11.36,21777500
2025-08-14,B3SA3,12.58,13.15,12.58,12.85,12.19,25411600
2025-08-14,BBDC4,15.95,16.27,15.87,16.01,14.71,29789000
2025-08-14,ITUB4,36.26,36.89,36.19,36.52,33.47,26818728
2025-08-14,MGLU3,6.35,6.42,6.22,6.36,6.3,19710600
2025-08-14,PETR4,30.73,30.73,30.02,30.18,27.74,43087500
2025-08-14,VALE3,53.55,53.61,53.08,53.42,49.38,42823200
2025-08-14,WEGE3,36.43,36.88,36.05,36.49,34.96,5821900
2025-08-15,ABEV3,12.0,12.11,11.96,12.04,11.38,22229200
2025-08-15,B3SA3,12.77,13.16,12.77,13.15,12.48,25879800
2025-08-15,BBDC4,15.93,16.09,15.88,16.03,14.73,20291000
2025-08-15,ITUB4,36.4,36.73,36.26,36.4,33.36,19527976
2025-08-15,MGLU3,6.34,6.36,6.21,6.3,6.25,13254045
2025-08-15,PETR4,30.1,30.22,29.74,30.17,27.73,55416100
2025-08-15,VALE3,53.46,53.58,53.0,53.32,49.28,34201900
2025-08-15,WEGE3,36.8,36.8,35.72,35.97,34.46,7183300
2025-08-18,ABEV3,12.04,12.21,11.98,12.07,11.41,18813900
2025-08-18,B3SA3,13.15,13.38,13.14,13.16,12.49,17580500
2025-08-18,BBDC4,16.1,16.44,16.02,16.35,15.02,42207700
2025-08-18,ITUB4,36.5,36.95,36.42,36.66,33.6,21658634
2025-08-18,MGLU3,6.3,6.66,6.3,6.58,6.52,17826795
2025-08-18,PETR4,30.25,30.55,30.02,30.36,27.91,31498100
2025-08-18,VALE3,53.1,53.71,53.03,53.2,49.17,12733400
2025-08-18,WEGE3,36.15,36.56,36.08,36.41,34.88,5425600
2025-08-19,ABEV3,12.04,12.09,11.95,12.07,11.41,29267000
2025-08-19,B3SA3,13.05,13.08,12.48,12.53,11.89,37944900
2025-08-19,BBDC4,16.06,16.07,15.7,15.79,14.51,44185500
2025-08-19,ITUB4,35.83,35.84,34.84,35.25,32.62,40817973
2025-08-19,MGLU3,6.42,6.61,6.4,6.53,6.47,17640105
2025-08-19,PETR4,30.2,30.23,29.85,30.04,27.61,39294300
2025-08-19,VALE3,53.51,53.68,53.0,53.24,49.21,17724400
2025-08-19,WEGE3,36.0,36.13,35.37,35.6,34.11,5848800
2025-08-20,ABEV3,12.05,12.15,11.91,12.1,11.43,21759200
2025-08-20,B3SA3,12.53,12.57,12.22,12.33,11.7,45171200
2025-08-20,BBDC4,15.76,15.93,15.63,15.84,14.55,31984600
2025-08-20,ITUB4,35.21,35.47,35.0,35.27,32.64,16894884
2025-08-20,MGLU3,6.6,6.6,6.31,6.36,6.3,20240430
2025-08-20,PETR4,30.12,30.36,30.1,30.22,27.78,23706600
2025-08-20,VALE3,52.9,53.27,52.86,53.0,48.99,9687300
2025-08-20,WEGE3,35.54,36.07,35.25,36.07,34.56,7037900
2025-08-21,ABEV3,12.04,12.12,12.02,12.06,11.4,17547700
2025-08-21,B3SA3,12.15,12.39,12.12,12.25,11.62,26879900
2025-08-21,BBDC4,15.66,15.86,15.63,15.79,14.51,26082100
2025-08-21,ITUB4,35.0,35.37,34.94,35.31,32.67,16147619
2025-08-21,MGLU3,6.32,6.54,6.3,6.36,6.3,15171030
2025-08-21,PETR4,30.22,30.43,30.01,30.29,27.84,23327000
2025-08-21,VALE3,53.02,53.53,52.95,53.45,49.4,10813800
2025-08-21,WEGE3,35.82,36.29,35.82,35.91,34.4,4723200
2025-08-22,ABEV3,12.13,12.31,12.09,12.21,11.54,16592500
2025-08-22,B3SA3,12.35,12.68,12.27,12.56,11.92,34681400
2025-08-22,BBDC4,15.85,16.31,15.76,16.31,14.99,36922300
2025-08-22,ITUB4,35.44,36.33,35.33,36.3,33.59,32623087
2025-08-22,MGLU3,6.44,6.71,6.39,6.57,6.51,24534090
2025-08-22,PETR4,29.89,30.47,29.8,30.47,28.64,49813600
2025-08-22,VALE3,53.43,54.89,53.31,54.79,50.64,20706700
2025-08-22,WEGE3,36.15,37.55,35.93,37.5,35.93,10637800
2025-08-25,ABEV3,12.25,12.26,12.12,12.12,11.45,10382300
2025-08-25,B3SA3,12.6,12.78,12.51,12.55,11.91,21521500
2025-08-25,BBDC4,16.34,16.39,16.23,16.35,15.02,24075600
2025-08-25,ITUB4,36.39,36.49,36.03,36.12,33.42,11064054
2025-08-25,MGLU3,6.63,6.9,6.6,6.78,6.72,16645755
2025-08-25,PETR4,30.47,30.78,30.42,30.65,28.81,21075300
2025-08-25,VALE3,55.17,55.4,54.74,54.92,50.76,10397400
2025-08-25,WEGE3,37.64,37.99,37.46,37.73,36.15,8394800
2025-08-26,ABEV3,12.12,12.19,12.1,12.18,11.51,27024300
2025-08-26,B3SA3,12.55,12.57,12.38,12.44,11.8,18756700
2025-08-26,BBDC4,16.33,16.41,16.19,16.31,14.99,37241300
2025-08-26,ITUB4,36.17,36.2,35.49,35.87,33.2,22088247
2025-08-26,MGLU3,6.73,6.9,6.65,6.67,6.6,16930935
2025-08-26,PETR4,30.48,30.58,30.23,30.43,28.61,21789700
2025-08-26,VALE3,54.82,55.41,54.68,55.41,51.22,18891500
2025-08-26,WEGE3,37.8,37.94,37.37,37.59,36.01,13465700
2025-08-27,ABEV3,12.15,12.22,12.09,12.15,11.48,23328100
2025-08-27,B3SA3,12.45,12.67,12.39,12.67,12.02,23148600
2025-08-27,BBDC4,16.32,16.47,16.14,16.43,15.1,20684700
2025-08-27,ITUB4,35.73,36.5,35.58,36.48,33.75,12612968
2025-08-27,MGLU3,6.64,6.84,6.55,6.84,6.77,18623850
2025-08-27,PETR4,30.45,30.68,30.36,30.66,28.82,16349100
2025-08-27,VALE3,55.22,55.53,55.12,55.38,51.19,8789100
2025-08-27,WEGE3,37.68,38.07,37.37,37.74,36.16,7509800
2025-08-28,ABEV3,12.24,12.32,12.17,12.25,11.58,25303600
2025-08-28,B3SA3,12.78,13.3,12.67,13.03,12.36,44836800
2025-08-28,BBDC4,16.5,16.93,16.44,16.79,15.43,32140300
2025-08-28,ITUB4,36.74,37.59,36.62,37.23,34.45,25167947
2025-08-28,MGLU3,6.86,7.59,6.86,7.47,7.4,45803730
2025-08-28,PETR4,30.78,31.13,30.71,30.93,29.08,25802500
2025-08-28,VALE3,56.0,56.19,55.33,55.4,51.21,22059500
2025-08-28,WEGE3,38.0,38.32,37.64,37.82,36.23,11601700
2025-08-29,ABEV3,12.26,12.51,12.26,12.35,11.67,22696900
2025-08-29,B3SA3,13.18,13.27,12.97,12.98,12.32,27571700
2025-08-29,BBDC4,16.8,16.89,16.73,16.83,15.46,32575000
2025-08-29,ITUB4,37.35,37.52,37.2,37.37,34.58,32600942
2025-08-29,MGLU3,7.4,8.0,7.31,7.8,7.73,30910530
2025-08-29,PETR4,30.93,31.35,30.85,31.1,29.24,27713400
2025-08-29,VALE3,55.49,55.83,55.45,55.56,51.36,13885400
2025-08-29,WEGE3,37.86,38.1,37.58,37.66,36.08,12724500
2025-09-01,ABEV3,12.38,12.43,12.26,12.3,11.62,8227400
2025-09-01,B3SA3,12.95,13.17,12.89,12.98,12.32,13726300
2025-09-01,BBDC4,16.84,16.94,16.71,16.72,15.36,13494400
2025-09-01,ITUB4,37.47,37.93,37.37,37.65,34.86,14863209
2025-09-01,MGLU3,7.85,8.45,7.81,7.89,7.81,30854040
2025-09-01,PETR4,31.2,31.37,31.05,31.17,29.3,9889700
2025-09-01,VALE3,55.14,55.6,54.81,55.6,51.39,7765400
2025-09-01,WEGE3,37.93,37.99,37.5,37.81,36.22,4831500
2025-09-02,ABEV3,12.23,12.33,12.14,12.16,11.49,18419800
2025-09-02,B3SA3,12.82,12.91,12.63,12.75,12.1,15369600
2025-09-02,BBDC4,16.46,16.59,16.28,16.51,15.19,25223800
2025-09-02,ITUB4,37.04,37.36,36.85,37.01,34.26,24358676
2025-09-02,MGLU3,7.8,8.04,7.7,7.76,7.69,15819615
2025-09-02,PETR4,31.0,31.44,31.0,31.33,29.45,19812000
2025-09-02,VALE3,55.11,55.56,55.04,55.39,51.2,9578500
2025-09-02,WEGE3,37.54,38.0,37.47,37.68,36.1,7248500
2025-09-03,ABEV3,11.9,11.96,11.75,11.9,11.24,57777400
2025-09-03,B3SA3,12.74,13.14,12.65,12.95,12.29,28385800
2025-09-03,BBDC4,16.51,16.65,16.44,16.5,15.18,18858600
2025-09-03,ITUB4,37.01,37.17,36.53,36.69,33.97,20686108
2025-09-03,MGLU3,7.81,8.01,7.7,7.83,7.76,16418640
2025-09-03,PETR4,31.12,31.35,30.92,31.06,29.2,29788800
2025-09-03,VALE3,55.39,55.82,55.24,55.6,51.39,11832100
2025-09-03,WEGE3,37.77,37.86,37.41,37.85,36.26,8758100
2025-09-04,ABEV3,11.91,12.18,11.91,12.16,11.49,25257600
2025-09-04,B3SA3,12.96,13.16,12.92,13.09,12.42,19819200
2025-09-04,BBDC4,16.46,16.9,16.44,16.83,15.48,22151800
2025-09-04,ITUB4,36.68,37.23,36.42,36.83,34.1,15877244
2025-09-04,MGLU3,7.92,8.28,7.77,8.24,8.16,26548620
2025-09-04,PETR4,31.0,31.32,30.93,31.06,29.2,24816500
2025-09-04,VALE3,55.85,56.16,55.55,55.71,51.49,8442100
2025-09-04,WEGE3,37.73,37.95,37.25,37.25,35.69,8614300
2025-09-05,ABEV3,12.2,12.38,12.18,12.25,11.58,17025900
2025-09-05,B3SA3,13.33,13.64,13.32,13.38,12.7,24940400
2025-09-05,BBDC4,16.9,17.46,16.86,17.24,15.86,31586500
2025-09-05,ITUB4,37.2,37.69,36.98,37.24,34.48,15664343
2025-09-05,MGLU3,8.46,8.83,8.32,8.83,8.75,32295480
2025-09-05,PETR4,31.08,31.09,30.19,30.59,28.76,46121900
2025-09-05,VALE3,56.2,56.67,56.02,56.22,51.97,14014700
2025-09-05,WEGE3,37.55,38.24,37.55,37.85,36.26,6112300
2025-09-08,ABEV3,12.23,12.29,12.02,12.14,11.47,43983300
2025-09-08,B3SA3,13.38,13.43,13.11,13.14,12.47,16580600
2025-09-08,BBDC4,17.26,17.31,16.97,17.15,15.78,21367000
2025-09-08,ITUB4,37.24,37.29,36.67,37.07,34.32,11800195
2025-09-08,MGLU3,8.9,8.95,8.41,8.49,8.41,29259930
2025-09-08,PETR4,30.83,30.97,30.51,30.71,28.87,18164200
2025-09-08,VALE3,56.23,56.62,56.23,56.36,52.09,9701900
2025-09-08,WEGE3,37.86,38.0,37.18,37.44,35.87,6063500
2025-09-09,ABEV3,12.11,12.37,12.11,12.33,11.65,47583700
2025-09-09,B3SA3,13.12,13.21,12.97,13.01,12.34,17176500
2025-09-09,BBDC4,17.23,17.24,16.99,16.99,15.63,23027600
2025-09-09,ITUB4,37.25,37.25,36.7,36.75,34.02,19497179
2025-09-09,MGLU3,8.57,8.69,8.41,8.5,8.42,19192110
2025-09-09,PETR4,30.86,31.15,30.81,30.95,29.1,31283900
2025-09-09,VALE3,56.74,57.52,56.05,56.19,51.94,24300300
2025-09-09,WEGE3,37.26,37.63,36.96,36.98,35.43,5401000
2025-09-10,ABEV3,12.26,12.5,12.25,12.36,11.68,40403300
2025-09-10,B3SA3,12.96,13.24,12.95,12.97,12.31,27909700
2025-09-10,BBDC4,17.0,17.19,16.84,16.87,15.52,26745800
2025-09-10,ITUB4,36.76,37.23,36.7,36.78,34.05,14517129
2025-09-10,MGLU3,8.57,9.06,8.52,8.81,8.73,32090415
2025-09-10,PETR4,30.96,31.54,30.92,31.51,29.62,35949600
2025-09-10,VALE3,56.47,57.05,56.28,56.58,52.3,13463700
2025-09-10,WEGE3,37.0,37.55,36.96,37.28,35.72,6369400
2025-09-11,ABEV3,12.48,12.57,12.41,12.52,11.83,28340200
2025-09-11,B3SA3,13.08,13.33,12.99,13.12,12.45,28319200
2025-09-11,BBDC4,16.97,17.21,16.92,17.03,15.67,44461600
2025-09-11,ITUB4,36.94,37.61,36.84,36.84,34.11,18078972
2025-09-11,MGLU3,8.9,9.52,8.86,9.52,9.44,38184930
2025-09-11,PETR4,31.3,31.48,31.27,31.39,29.51,17607900
2025-09-11,VALE3,56.45,57.27,56.31,57.02,52.7,14107200
2025-09-11,WEGE3,37.39,37.45,36.71,36.83,35.28,6560300
2025-09-12,ABEV3,12.43,12.6,12.43,12.58,11.89,24015800
2025-09-12,B3SA3,13.0,13.16,12.88,12.95,12.29,25530500
2025-09-12,BBDC4,16.99,17.03,16.82,16.83,15.48,26449500
2025-09-12,ITUB4,36.62,36.66,36.17,36.29,33.6,22589754
2025-09-12,MGLU3,9.39,9.63,9.28,9.38,9.29,20654025
2025-09-12,PETR4,31.45,31.7,31.16,31.18,29.31,19318400
2025-09-12,VALE3,56.7,57.43,56.7,57.0,52.69,12303800
2025-09-12,WEGE3,36.63,37.0,36.47,36.95,35.4,4908900
2025-09-15,ABEV3,12.58,12.7,12.55,12.63,11.93,37293700
2025-09-15,B3SA3,13.09,13.55,13.03,13.37,12.69,29161000
2025-09-15,BBDC4,16.97,17.11,16.93,17.03,15.67,28565000
2025-09-15,ITUB4,36.42,37.07,36.32,36.89,34.15,14196181
2025-09-15,MGLU3,9.54,10.32,9.5,10.08,9.98,28773570
2025-09-15,PETR4,31.3,31.55,31.06,31.45,29.57,21978400
2025-09-15,VALE3,57.48,57.55,56.98,57.5,53.15,12457500
2025-09-15,WEGE3,36.67,37.03,36.3,36.51,34.98,6287600
2025-09-16,ABEV3,12.7,12.78,12.66,12.71,12.01,40985200
2025-09-16,B3SA3,13.46,13.53,13.38,13.48,12.79,19723200
2025-09-16,BBDC4,17.1,17.11,16.91,16.99,15.63,27075700
2025-09-16,ITUB4,37.08,37.14,36.57,36.8,34.07,19993536
2025-09-16,MGLU3,10.32,10.58,9.86,10.23,10.13,36285480
2025-09-16,PETR4,31.6,31.68,31.34,31.53,29.64,19154700
2025-09-16,VALE3,57.77,58.06,57.19,57.7,53.33,15618500
2025-09-16,WEGE3,36.73,36.91,36.44,36.77,35.23,6047700
2025-09-17,ABEV3,12.69,12.88,12.65,12.79,12.09,26865600
2025-09-17,B3SA3,13.45,14.04,13.43,13.72,13.02,39739900
2025-09-17,BBDC4,16.96,17.66,16.96,17.58,16.17,44010600
2025-09-17,ITUB4,36.83,37.69,36.76,37.32,34.55,25226348
2025-09-17,MGLU3,10.27,11.55,10.23,10.77,10.67,52012695
2025-09-17,PETR4,31.54,31.79,31.46,31.72,29.82,29148100
2025-09-17,VALE3,57.54,58.02,57.36,57.8,53.43,23116700
2025-09-17,WEGE3,36.79,36.98,36.46,36.71,35.17,9531700
2025-09-18,ABEV3,12.81,12.81,12.42,12.52,11.83,59380000
2025-09-18,B3SA3,13.65,13.77,13.55,13.73,13.03,33594400
2025-09-18,BBDC4,17.5,17.56,17.33,17.4,16.01,25877600
2025-09-18,ITUB4,37.32,37.43,37.05,37.37,34.6,15433005
2025-09-18,MGLU3,10.76,10.9,10.61,10.7,10.6,20073480
2025-09-18,PETR4,31.77,31.82,31.19,31.41,29.53,25702900
2025-09-18,VALE3,57.84,58.08,57.4,57.69,53.32,17700400
2025-09-18,WEGE3,36.81,36.95,36.41,36.73,35.19,7699800
2025-09-19,ABEV3,12.55,12.61,12.38,12.55,11.86,35447400
2025-09-19,B3SA3,13.73,13.96,13.66,13.66,12.96,41804900
2025-09-19,BBDC4,17.47,17.77,17.45,17.71,16.29,51887400
2025-09-19,ITUB4,37.38,37.86,37.33,37.86,35.05,26702853
2025-09-19,MGLU3,10.76,10.8,10.39,10.58,10.48,17667300
2025-09-19,PETR4,31.43,31.45,30.91,31.06,29.2,48871300
2025-09-19,VALE3,57.97,58.19,57.55,57.92,53.54,25374600
2025-09-19,WEGE3,36.73,36.99,36.35,36.35,34.82,9696300
2025-09-22,ABEV3,12.41,12.51,12.36,12.36,11.68,14169100
2025-09-22,B3SA3,13.59,13.67,13.36,13.5,12.81,52882400
2025-09-22,BBDC4,17.6,17.78,17.43,17.74,16.32,31295400
2025-09-22,ITUB4,37.6,37.73,37.17,37.32,34.55,18325039
2025-09-22,MGLU3,10.4,10.61,10.24,10.32,10.23,15566775
2025-09-22,PETR4,31.0,31.47,30.84,31.37,29.49,22016100
2025-09-22,VALE3,57.82,58.44,57.81,58.0,53.61,21947300
2025-09-22,WEGE3,36.32,37.24,36.07,37.11,35.55,17499300
2025-09-23,ABEV3,12.36,12.56,12.34,12.46,11.77,14643300
2025-09-23,B3SA3,13.54,13.62,13.31,13.34,12.66,41427400
2025-09-23,BBDC4,17.78,18.05,17.66,17.85,16.42,31896600
2025-09-23,ITUB4,37.35,38.1,37.35,37.91,35.1,16930110
2025-09-23,MGLU3,10.49,10.87,10.24,10.48,10.38,26995920
2025-09-23,PETR4,31.49,32.09,31.46,31.9,29.99,39895300
2025-09-23,VALE3,58.0,58.39,57.66,57.67,53.31,17652400
2025-09-23,WEGE3,37.11,37.41,36.63,36.7,35.16,6867600
2025-09-24,ABEV3,12.46,12.55,12.35,12.38,11.7,18134100
2025-09-24,B3SA3,13.34,13.34,13.09,13.17,12.57,37274300
2025-09-24,BBDC4,17.86,17.89,17.71,17.71,16.29,24592400
2025-09-24,ITUB4,37.92,38.0,37.58,37.66,34.87,18713452
2025-09-24,MGLU3,10.52,10.78,10.36,10.36,10.27,21153720
2025-09-24,PETR4,32.16,32.63,32.06,32.62,30.67,36414400
2025-09-24,VALE3,57.95,58.14,57.67,57.89,53.51,13005700
2025-09-24,WEGE3,36.74,37.09,36.6,36.89,35.34,4562300
2025-09-25,ABEV3,12.39,12.62,12.32,12.46,11.77,25988200
2025-09-25,B3SA3,13.14,13.19,12.89,12.95,12.36,33539200
2025-09-25,BBDC4,17.7,17.82,17.52,17.57,16.16,22322600
2025-09-25,ITUB4,37.68,37.88,37.35,37.36,34.59,15146768
2025-09-25,MGLU3,10.36,11.08,10.28,10.5,10.4,37707600
2025-09-25,PETR4,32.7,32.8,32.24,32.36,30.42,29556300
2025-09-25,VALE3,58.19,58.55,58.04,58.21,53.8,13631100
2025-09-25,WEGE3,36.99,36.99,36.11,36.35,34.82,8075800
2025-09-26,ABEV3,12.53,12.55,12.39,12.46,11.77,12757700
2025-09-26,B3SA3,13.01,13.29,12.93,13.22,12.62,37061500
2025-09-26,BBDC4,17.55,17.75,17.52,17.66,16.25,17781600
2025-09-26,ITUB4,37.42,37.73,37.37,37.54,34.76,12786935
2025-09-26,MGLU3,10.63,10.89,10.5,10.66,10.56,24341625
2025-09-26,PETR4,32.49,32.74,32.15,32.25,30.32,27819700
2025-09-26,VALE3,57.74,57.94,56.54,57.09,52.77,29037000
2025-09-26,WEGE3,36.49,36.6,36.21,36.32,34.8,4491900
2025-09-29,ABEV3,12.6,12.6,12.38,12.41,11.73,21050900
2025-09-29,B3SA3,13.4,13.56,13.31,13.4,12.79,27585100
2025-09-29,BBDC4,17.95,18.02,17.79,17.84,16.41,17152900
2025-09-29,ITUB4,37.94,38.21,37.73,37.76,34.95,19124422
2025-09-29,MGLU3,11.03,11.43,10.11,10.11,10.02,42088620
2025-09-29,PETR4,32.26,32.54,31.73,31.81,29.9,35720000
2025-09-29,VALE3,57.5,57.75,57.13,57.28,52.94,15580200
2025-09-29,WEGE3,36.97,36.97,36.03,36.37,34.95,4873200
2025-09-30,ABEV3,12.23,12.42,12.04,12.09,11.42,52485900
2025-09-30,B3SA3,13.54,13.57,13.26,13.4,12.79,31215100
2025-09-30,BBDC4,17.82,17.91,17.61,17.69,16.55,31375900
2025-09-30,ITUB4,38.25,38.35,37.59,37.93,35.12,33263438
2025-09-30,MGLU3,10.35,10.43,9.1,9.14,9.06,53095350
2025-09-30,PETR4,31.69,31.9,31.16,31.46,29.58,48611500
2025-09-30,VALE3,57.67,57.78,57.09,57.58,53.22,18280700
2025-09-30,WEGE3,36.6,36.79,36.25,36.59,35.16,7668000
2025-10-01,ABEV3,12.19,12.19,11.88,11.99,11.33,28764000
2025-10-01,B3SA3,13.55,13.56,13.09,13.09,12.49,32626800
2025-10-01,BBDC4,17.8,17.94,17.22,17.39,16.27,39717600
2025-10-01,ITUB4,38.12,38.26,37.18,37.23,34.49,25519177
2025-10-01,MGLU3,9.2,9.21,8.71,9.14,9.06,46123455
2025-10-01,PETR4,31.45,31.55,31.3,31.38,29.5,24817000
2025-10-01,VALE3,57.76,58.67,57.76,58.31,53.9,18278300
2025-10-01,WEGE3,36.29,36.36,35.52,35.79,34.39,11275700
2025-10-02,ABEV3,12.03,12.15,11.86,11.93,11.27,25828200
2025-10-02,B3SA3,13.06,13.18,12.84,12.84,12.25,28021800
2025-10-02,BBDC4,17.31,17.41,17.03,17.09,16.0,32063000
2025-10-02,ITUB4,37.3,37.57,36.79,36.83,34.11,17094601
2025-10-02,MGLU3,9.19,9.28,8.67,8.72,8.64,22836450
2025-10-02,PETR4,31.38,31.41,31.02,31.08,29.22,25497100
2025-10-02,VALE3,58.36,58.86,58.08,58.7,54.26,14824500
2025-10-02,WEGE3,35.87,36.35,35.74,36.13,34.72,8501800
2025-10-03,ABEV3,11.83,11.95,11.75,11.87,11.22,21785000
2025-10-03,B3SA3,12.85,12.93,12.69,12.75,12.17,14804900
2025-10-03,BBDC4,17.06,17.13,16.85,17.1,16.01,22193300
2025-10-03,ITUB4,36.81,37.1,36.62,37.1,34.36,17766985
2025-10-03,MGLU3,8.67,8.89,8.45,8.71,8.63,34357575
2025-10-03,PETR4,31.16,31.33,31.0,31.0,29.14,19756800
2025-10-03,VALE3,58.7,59.12,58.5,58.59,54.16,19240200
2025-10-03,WEGE3,36.2,37.15,36.19,36.4,34.98,7971200
2025-10-06,ABEV3,11.88,12.0,11.78,11.85,11.2,14804500
2025-10-06,B3SA3,12.78,12.83,12.58,12.64,12.06,13687600
2025-10-06,BBDC4,17.04,17.09,16.8,17.0,15.92,25025200
2025-10-06,ITUB4,37.09,37.14,36.67,36.67,33.96,14832309
2025-10-06,MGLU3,8.71,8.78,8.43,8.53,8.45,21915600
2025-10-06,PETR4,31.2,31.23,30.7,30.72,28.88,21245400
2025-10-06,VALE3,58.81,59.97,58.8,59.59,55.08,26102900
2025-10-06,WEGE3,36.41,36.57,35.54,35.68,34.29,10721600
2025-10-07,ABEV3,11.79,11.86,11.71,11.71,11.06,18071700
2025-10-07,B3SA3,12.52,12.58,12.16,12.24,11.68,33534000
2025-10-07,BBDC4,16.88,16.88,16.62,16.72,15.66,42904900
2025-10-07,ITUB4,36.62,36.63,35.89,36.09,33.42,20705472
2025-10-07,MGLU3,8.39,8.55,8.26,8.55,8.47,21778680
2025-10-07,PETR4,30.72,30.86,30.35,30.83,28.98,29068800
2025-10-07,VALE3,59.5,59.62,58.75,58.75,54.3,26072300
2025-10-07,WEGE3,35.67,36.31,35.6,35.73,34.33,5190500
2025-10-08,ABEV3,11.76,11.91,11.71,11.88,11.23,14723700
2025-10-08,B3SA3,12.28,12.69,12.26,12.66,12.08,43464100
2025-10-08,BBDC4,16.79,17.04,16.74,16.99,15.91,25534300
2025-10-08,ITUB4,36.17,36.36,35.97,36.16,33.49,15395204
2025-10-08,MGLU3,8.67,8.74,8.37,8.66,8.58,28115955
2025-10-08,PETR4,31.08,31.08,30.5,30.65,28.81,17687400
2025-10-08,VALE3,59.12,59.39,58.89,59.2,54.72,24609500
2025-10-08,WEGE3,35.89,36.01,35.41,35.5,34.11,6387700
2025-10-09,ABEV3,11.93,11.97,11.68,11.72,11.07,28928400
2025-10-09,B3SA3,12.67,13.04,12.67,12.79,12.21,28855700
2025-10-09,BBDC4,17.03,17.15,16.93,17.08,15.99,20125800
2025-10-09,ITUB4,36.33,36.33,35.88,36.1,33.43,18067539
2025-10-09,MGLU3,8.69,8.74,8.44,8.54,8.46,19640250
2025-10-09,PETR4,30.66,30.84,30.19,30.21,28.4,22879700
2025-10-09,VALE3,59.86,60.38,59.11,59.11,54.64,18184600
2025-10-09,WEGE3,35.61,37.35,35.61,37.2,35.75,14768200
2025-10-10,ABEV3,11.78,11.87,11.74,11.81,11.16,21477200
2025-10-10,B3SA3,12.85,12.88,12.44,12.6,12.03,27120300
2025-10-10,BBDC4,17.15,17.22,16.79,16.85,15.78,28431400
2025-10-10,ITUB4,36.28,36.47,35.95,36.06,33.4,23250808
2025-10-10,MGLU3,8.62,8.71,8.29,8.39,8.31,20879565
2025-10-10,PETR4,30.1,30.16,29.87,29.94,28.15,50214400
2025-10-10,VALE3,59.57,59.8,58.87,58.87,54.41,22970400
2025-10-10,WEGE3,37.25,37.68,36.69,36.69,35.26,10273600
2025-10-13,ABEV3,11.83,11.93,11.78,11.86,11.21,11694900
2025-10-13,B3SA3,12.77,12.81,12.64,12.71,12.13,19134300
2025-10-13,BBDC4,16.95,17.03,16.88,16.92,15.84,15538000
2025-10-13,ITUB4,36.19,36.44,36.19,36.2,33.53,8194989
2025-10-13,MGLU3,8.57,8.63,8.19,8.19,8.11,19664505
2025-10-13,PETR4,30.15,30.27,29.97,30.23,28.42,13890500
2025-10-13,VALE3,59.67,60.06,59.55,59.75,55.23,23294500
2025-10-13,WEGE3,36.79,37.96,36.78,37.84,36.36,11420200
2025-10-14,ABEV3,11.8,12.1,11.75,12.05,11.39,29046500
2025-10-14,B3SA3,12.66,12.73,12.52,12.55,11.98,21740700
2025-10-14,BBDC4,17.02,17.35,16.97,17.16,16.07,38399800
2025-10-14,ITUB4,36.11,36.74,36.11,36.36,33.68,21154861
2025-10-14,MGLU3,8.12,8.38,8.06,8.36,8.28,14808465
2025-10-14,PETR4,29.95,30.46,29.88,30.02,28.22,28138200
2025-10-14,VALE3,59.3,60.13,59.22,59.75,55.23,19329000
2025-10-14,WEGE3,37.68,38.1,37.31,37.33,35.87,10186200
2025-10-15,ABEV3,11.99,12.1,11.91,11.99,11.33,28407100
2025-10-15,B3SA3,12.38,12.88,12.33,12.64,12.06,44926600
2025-10-15,BBDC4,17.06,17.42,16.95,17.36,16.26,35955800
2025-10-15,ITUB4,36.23,36.6,35.98,36.36,33.68,21972166
2025-10-15,MGLU3,8.32,8.69,8.3,8.49,8.41,23188515
2025-10-15,PETR4,30.05,30.17,29.67,29.75,27.97,40261000
2025-10-15,VALE3,59.49,60.98,59.46,60.86,56.25,45104600
2025-10-15,WEGE3,37.38,37.85,37.28,37.42,35.96,7314800
2025-10-16,ABEV3,11.99,12.24,11.92,12.15,11.48,26420200
2025-10-16,B3SA3,12.57,12.73,12.42,12.6,12.03,33516100
2025-10-16,BBDC4,17.26,17.7,17.21,17.56,16.44,43635200
2025-10-16,ITUB4,36.23,36.7,36.02,36.27,33.59,15847580
2025-10-16,MGLU3,8.44,8.44,7.72,7.81,7.74,40883535
2025-10-16,PETR4,29.74,29.81,29.41,29.45,27.69,28660900
2025-10-16,VALE3,60.61,60.93,60.07,60.3,55.74,21358500
2025-10-16,WEGE3,37.59,38.58,37.3,38.43,36.93,10795000
2025-10-17,ABEV3,12.13,12.4,12.1,12.37,11.69,23480500
2025-10-17,B3SA3,12.55,12.71,12.5,12.56,11.99,38344100
2025-10-17,BBDC4,17.43,17.75,17.27,17.68,16.56,33720300
2025-10-17,ITUB4,36.07,36.52,35.93,36.4,33.71,17469315
2025-10-17,MGLU3,7.7,8.05,7.59,8.0,7.93,28614600
2025-10-17,PETR4,29.5,29.95,29.31,29.73,27.95,36238600
2025-10-17,VALE3,59.9,60.3,59.8,60.13,55.58,17325300
2025-10-17,WEGE3,38.31,40.66,38.23,40.15,38.58,28853800
2025-10-20,ABEV3,12.33,12.45,12.29,12.36,11.68,18260900
2025-10-20,B3SA3,12.64,12.8,12.54,12.66,12.08,19391000
2025-10-20,BBDC4,17.68,18.16,17.68,18.01,16.87,19858100
2025-10-20,ITUB4,36.52,37.23,36.49,37.05,34.31,19114019
2025-10-20,MGLU3,8.1,8.15,7.94,7.94,7.87,12841500
2025-10-20,PETR4,29.7,29.9,29.48,29.75,27.97,31442800
2025-10-20,VALE3,60.14,61.35,60.14,60.9,56.29,17798400
2025-10-20,WEGE3,40.09,40.2,39.54,39.54,38.0,12463500
2025-10-21,ABEV3,12.32,12.35,12.15,12.22,11.55,26607400
2025-10-21,B3SA3,12.6,12.63,12.33,12.33,11.77,17862400
2025-10-21,BBDC4,17.68,18.16,17.68,17.77,16.64,18340400
2025-10-21,ITUB4,37.05,37.12,36.67,36.7,33.99,14013871
2025-10-21,MGLU3,7.91,8.11,7.88,7.96,7.89,13804140
2025-10-21,PETR4,29.96,29.99,29.47,29.51,27.74,25509900
2025-10-21,VALE3,60.65,61.05,60.57,60.8,56.2,13432700
2025-10-21,WEGE3,39.64,39.98,39.38,39.67,38.12,10407600
2025-10-22,ABEV3,12.25,12.27,12.06,12.07,11.41,29517800
2025-10-22,B3SA3,12.4,12.63,12.3,12.45,11.88,42120000
2025-10-22,BBDC4,17.86,17.95,17.75,17.79,16.66,17711400
2025-10-22,ITUB4,36.83,37.0,36.64,37.0,34.27,13890374
2025-10-22,MGLU3,8.04,8.04,7.89,7.94,7.87,13535340
2025-10-22,PETR4,29.76,30.03,29.62,29.85,28.06,27088800
2025-10-22,VALE3,61.21,62.24,61.18,61.88,57.2,25267300
2025-10-22,WEGE3,39.2,40.78,38.68,40.02,38.46,16229100
2025-10-23,ABEV3,12.1,12.18,12.03,12.12,11.45,25355600
2025-10-23,B3SA3,12.55,12.69,12.46,12.59,12.02,25108500
2025-10-23,BBDC4,17.81,18.02,17.78,17.98,16.84,21199100
2025-10-23,ITUB4,37.14,37.22,36.78,36.97,34.24,11432588
2025-10-23,MGLU3,8.08,8.12,7.16,7.5,7.43,50576925
2025-10-23,PETR4,30.52,30.72,30.11,30.19,28.38,40060800
2025-10-23,VALE3,62.22,62.54,61.67,61.76,57.09,11217700
2025-10-23,WEGE3,40.48,41.67,40.19,41.44,39.82,15783500
2025-10-24,ABEV3,12.18,12.26,12.05,12.11,11.44,21686700
2025-10-24,B3SA3,12.77,12.98,12.5,12.5,11.93,26019700
2025-10-24,BBDC4,18.03,18.2,17.95,18.08,16.93,17723600
2025-10-24,ITUB4,37.26,37.4,36.87,36.92,34.2,10169911
2025-10-24,MGLU3,7.66,7.83,7.57,7.7,7.62,23449125
2025-10-24,PETR4,30.3,30.45,29.81,29.84,28.05,24370300
2025-10-24,VALE3,61.99,62.13,61.33,61.73,57.06,11127600
2025-10-24,WEGE3,41.45,41.79,41.0,41.37,39.75,10015800
2025-10-27,ABEV3,12.22,12.39,12.1,12.15,11.48,40310400
2025-10-27,B3SA3,12.63,12.78,12.48,12.53,11.96,15181600
2025-10-27,BBDC4,18.29,18.4,18.11,18.23,17.07,25859200
2025-10-27,ITUB4,37.2,37.49,37.08,37.23,34.49,11194349
2025-10-27,MGLU3,7.86,8.16,7.86,8.11,8.04,22558830
2025-10-27,PETR4,30.16,30.16,29.69,30.0,28.2,24771400
2025-10-27,VALE3,62.06,62.16,61.4,61.66,56.99,12018100
2025-10-27,WEGE3,42.0,42.35,41.5,41.67,40.04,11591400
2025-10-28,ABEV3,12.13,12.15,12.0,12.03,11.37,29170400
2025-10-28,B3SA3,12.49,12.76,12.45,12.63,12.05,20963800
2025-10-28,BBDC4,18.25,18.39,18.09,18.24,17.08,33329500
2025-10-28,ITUB4,37.13,37.36,37.08,37.36,34.6,10478499
2025-10-28,MGLU3,8.1,8.3,7.95,8.25,8.17,11424210
2025-10-28,PETR4,29.9,30.35,29.76,29.99,28.19,25324800
2025-10-28,VALE3,61.66,62.54,61.58,62.2,57.49,15797400
2025-10-28,WEGE3,41.75,42.86,41.67,42.32,40.67,9574200
2025-10-29,ABEV3,12.06,12.14,11.98,12.03,11.37,38485900
2025-10-29,B3SA3,12.7,12.79,12.55,12.64,12.06,20173700
2025-10-29,BBDC4,18.31,18.84,18.27,18.83,17.63,43232000
2025-10-29,ITUB4,37.43,38.36,37.43,38.19,35.38,27235466
2025-10-29,MGLU3,8.26,8.4,8.1,8.12,8.05,13356210
2025-10-29,PETR4,30.09,30.16,29.8,30.02,28.22,24854900
2025-10-29,VALE3,62.82,63.69,62.71,63.33,58.54,30844900
2025-10-29,WEGE3,42.43,43.23,41.98,42.05,40.41,12072900
2025-10-30,ABEV3,12.5,12.66,12.35,12.59,11.9,91617100
2025-10-30,B3SA3,12.5,12.75,12.41,12.6,12.03,14072300
2025-10-30,BBDC4,18.12,18.37,17.94,18.1,16.95,66549800
2025-10-30,ITUB4,38.13,38.52,37.88,38.15,35.33,18657008
2025-10-30,MGLU3,7.93,8.23,7.86,8.1,8.02,15100050
2025-10-30,PETR4,29.92,30.16,29.76,29.89,28.1,22657200
2025-10-30,VALE3,63.11,64.0,62.93,63.81,58.98,25586000
2025-10-30,WEGE3,41.92,42.08,41.31,41.45,39.83,11980500
2025-10-31,ABEV3,12.51,12.92,12.51,12.71,12.01,32112500
2025-10-31,B3SA3,12.73,12.76,12.64,12.66,12.08,17872900
2025-10-31,BBDC4,18.25,18.28,17.9,18.16,17.01,35036500
2025-10-31,ITUB4,38.29,38.48,38.17,38.29,35.47,16449821
2025-10-31,MGLU3,8.17,8.19,7.89,8.07,7.99,14380065
2025-10-31,PETR4,30.0,30.09,29.55,29.75,27.97,29516300
2025-10-31,VALE3,64.28,65.55,63.87,65.26,60.32,38988400
2025-10-31,WEGE3,41.71,42.16,41.44,42.1,40.46,12528200
2025-11-03,ABEV3,12.89,12.94,12.73,12.91,12.2,28265800
2025-11-03,B3SA3,12.79,12.94,12.68,12.84,12.25,27192300
2025-11-03,BBDC4,18.34,18.62,18.16,18.36,17.19,35328300
2025-11-03,ITUB4,38.74,38.96,38.4,38.91,36.06,17968144
2025-11-03,MGLU3,8.09,8.19,7.9,7.94,7.87,11489310
2025-11-03,PETR4,29.88,30.47,29.8,30.1,28.3,54977300
2025-11-03,VALE3,65.1,65.39,64.65,65.35,60.4,16985400
2025-11-03,WEGE3,42.39,42.9,41.98,42.8,41.13,8375200
2025-11-04,ABEV3,12.89,13.16,12.83,13.16,12.44,27058100
2025-11-04,B3SA3,12.8,12.91,12.55,12.84,12.25,38086200
2025-11-04,BBDC4,18.31,18.49,18.2,18.4,17.25,24920700
2025-11-04,ITUB4,38.88,39.0,38.65,38.8,35.95,20386481
2025-11-04,MGLU3,7.86,8.0,7.81,7.98,7.91,7011585
2025-11-04,PETR4,30.0,30.26,29.91,30.25,28.44,35035200
2025-11-04,VALE3,64.85,65.01,64.03,64.62,59.73,22055700
2025-11-04,WEGE3,42.8,43.19,42.73,42.75,41.08,7341200
2025-11-05,ABEV3,13.16,13.29,13.11,13.18,12.45,21385300
2025-11-05,B3SA3,12.84,13.25,12.79,13.2,12.6,32733700
2025-11-05,BBDC4,18.4,18.83,18.35,18.79,17.61,32489600
2025-11-05,ITUB4,38.8,38.99,38.16,38.96,36.1,36312135
2025-11-05,MGLU3,7.98,8.32,7.87,8.32,8.25,15467235
2025-11-05,PETR4,30.25,30.95,30.21,30.85,29.0,40375900
2025-11-05,VALE3,64.62,66.17,64.5,65.73,60.76,22505400
2025-11-05,WEGE3,42.75,43.6,42.43,43.51,41.81,6623200
2025-11-06,ABEV3,13.24,13.24,13.08,13.08,12.36,15494600
2025-11-06,B3SA3,13.25,13.25,13.03,13.1,12.5,33002800
2025-11-06,BBDC4,18.79,18.87,18.63,18.71,17.54,23203700
2025-11-06,ITUB4,38.92,39.6,38.84,38.96,36.1,23226500
2025-11-06,MGLU3,8.23,8.24,7.59,7.61,7.54,21751275
2025-11-06,PETR4,30.98,31.28,30.9,31.01,29.15,43435700
2025-11-06,VALE3,65.76,66.05,65.26,65.5,60.54,15939100
2025-11-06,WEGE3,43.5,44.13,43.33,43.91,42.2,11139300
2025-11-07,ABEV3,13.08,13.29,13.05,13.12,12.4,30240300
2025-11-07,B3SA3,13.08,13.15,12.93,12.98,12.39,21686600
2025-11-07,BBDC4,18.66,18.73,18.47,18.73,17.56,15628600
2025-11-07,ITUB4,38.96,39.03,38.61,39.0,36.14,12706904
2025-11-07,MGLU3,7.65,8.05,7.59,7.75,7.68,27718425
2025-11-07,PETR4,31.22,32.18,30.85,32.18,30.25,97315600
2025-11-07,VALE3,64.85,64.86,64.02,64.78,59.88,20800300
2025-11-07,WEGE3,43.9,45.12,43.7,45.0,43.24,12825500
2025-11-10,ABEV3,13.25,13.26,13.09,13.18,12.45,25239700
2025-11-10,B3SA3,13.03,13.12,12.88,13.12,12.52,37328100
2025-11-10,BBDC4,18.79,19.19,18.77,19.08,17.89,28034500
2025-11-10,ITUB4,39.17,39.34,39.05,39.26,36.38,16552409
2025-11-10,MGLU3,7.9,8.09,7.7,8.02,7.94,16046625
2025-11-10,PETR4,32.3,32.55,31.93,32.36,30.42,41064200
2025-11-10,VALE3,65.06,65.54,64.91,65.21,60.27,12689400
2025-11-10,WEGE3,45.2,45.39,44.96,45.37,43.6,10066300
2025-11-11,ABEV3,13.29,13.65,13.24,13.59,12.84,36404100
2025-11-11,B3SA3,13.23,13.65,13.17,13.53,12.91,66621000
2025-11-11,BBDC4,19.13,19.63,19.09,19.49,18.27,39993600
2025-11-11,ITUB4,39.42,40.17,39.26,40.02,37.08,37289193
2025-11-11,MGLU3,8.1,8.78,8.1,8.66,8.58,29114505
2025-11-11,PETR4,32.54,33.44,32.45,33.2,31.21,68221300
2025-11-11,VALE3,65.21,65.66,64.76,65.04,60.12,25496500
2025-11-11,WEGE3,45.76,46.64,45.5,46.03,44.23,10291400
2025-11-12,ABEV3,13.59,13.66,13.55,13.62,12.87,32756700
2025-11-12,B3SA3,13.62,14.22,13.58,14.12,13.48,73999300
2025-11-12,BBDC4,19.5,19.56,19.26,19.44,18.22,30776900
2025-11-12,ITUB4,40.02,40.15,38.96,39.11,36.24,36789128
2025-11-12,MGLU3,8.62,8.74,8.42,8.71,8.63,15031275
2025-11-12,PETR4,33.26,33.26,32.08,32.35,30.41,67646400
2025-11-12,VALE3,65.26,65.95,65.26,65.76,60.78,26550300
2025-11-12,WEGE3,45.95,46.2,44.72,44.89,43.14,10226300
2025-11-13,ABEV3,13.64,13.75,13.51,13.63,12.88,23794500
2025-11-13,B3SA3,14.06,14.56,14.05,14.47,13.81,66538000
2025-11-13,BBDC4,19.39,19.84,19.37,19.48,18.26,32477500
2025-11-13,ITUB4,39.28,39.85,39.01,39.26,36.38,33686974
2025-11-13,MGLU3,8.71,8.89,8.51,8.63,8.55,15416205
2025-11-13,PETR4,32.36,32.94,32.32,32.49,30.54,38517200
2025-11-13,VALE3,65.76,66.45,65.31,65.67,60.7,19058500
2025-11-13,WEGE3,44.8,45.13,44.42,44.82,43.07,10736800
2025-11-14,ABEV3,13.68,13.84,13.65,13.69,12.94,15539900
2025-11-14,B3SA3,14.45,14.6,14.33,14.44,13.78,34127600
2025-11-14,BBDC4,19.43,19.74,19.38,19.47,18.25,26233700
2025-11-14,ITUB4,39.24,39.5,39.04,39.42,36.52,17006742
2025-11-14,MGLU3,8.57,9.27,8.54,9.13,9.05,25073685
2025-11-14,PETR4,32.6,33.17,32.58,32.7,30.74,27371300
2025-11-14,VALE3,64.85,65.54,64.61,65.27,60.33,16374400
2025-11-14,WEGE3,44.64,44.96,44.21,44.44,42.7,6639800
2025-11-17,ABEV3,13.64,13.83,13.63,13.76,13.0,33654100
2025-11-17,B3SA3,14.38,14.58,14.02,14.16,13.51,39319600
2025-11-17,BBDC4,19.43,19.5,19.18,19.32,18.11,27809900
2025-11-17,ITUB4,39.42,39.51,39.02,39.13,36.25,43985120
2025-11-17,MGLU3,9.22,9.27,8.67,8.7,8.61,17720430
2025-11-17,PETR4,32.76,33.08,32.73,32.88,30.91,63708200
2025-11-17,VALE3,65.6,65.77,64.91,65.22,60.28,20150800
2025-11-17,WEGE3,44.3,44.51,43.68,43.97,42.25,9531800
2025-11-18,ABEV3,13.69,13.9,13.67,13.74,12.98,46389400
2025-11-18,B3SA3,14.07,14.29,13.99,14.05,13.41,56692100
2025-11-18,BBDC4,19.15,19.23,19.02,19.09,17.9,31226100
2025-11-18,ITUB4,38.79,39.17,38.74,38.93,36.07,17147337
2025-11-18,MGLU3,8.48,9.09,8.45,9.02,8.94,18369015
2025-11-18,PETR4,32.7,33.17,32.67,32.99,31.01,26520500
2025-11-18,VALE3,64.45,65.29,64.3,65.02,60.1,22468700
2025-11-18,WEGE3,43.83,43.93,43.44,43.44,41.74,7190100
2025-11-19,ABEV3,13.74,13.86,13.41,13.41,12.67,101108300
2025-11-19,B3SA3,14.05,14.06,13.78,13.85,13.22,34599400
2025-11-19,BBDC4,19.01,19.18,18.86,18.9,17.72,25755800
2025-11-19,ITUB4,38.88,39.03,38.58,38.69,35.85,25766686
2025-11-19,MGLU3,8.99,9.11,8.89,8.89,8.8,16938915
2025-11-19,PETR4,32.8,32.98,32.54,32.82,30.85,48719300
2025-11-19,VALE3,65.02,65.26,64.7,64.95,60.03,16523800
2025-11-19,WEGE3,43.4,43.89,43.2,43.65,41.95,7656600
2025-11-21,ABEV3,13.54,13.71,13.36,13.62,12.87,35463400
2025-11-21,B3SA3,13.81,13.89,13.59,13.89,13.26,28389800
2025-11-21,BBDC4,19.08,19.08,18.64,18.79,17.61,33815400
2025-11-21,ITUB4,38.69,38.86,38.4,38.81,35.96,16502454
2025-11-21,MGLU3,8.84,9.18,8.76,9.17,9.09,25141725
2025-11-21,PETR4,32.56,32.74,32.36,32.57,30.62,40869300
2025-11-21,VALE3,64.55,65.27,64.13,65.16,60.23,20272600
2025-11-21,WEGE3,43.46,43.86,42.69,43.22,41.53,9992100
2025-11-24,ABEV3,13.58,13.87,13.56,13.77,13.01,43126600
2025-11-24,B3SA3,13.88,14.1,13.85,13.98,13.34,39046200
2025-11-24,BBDC4,18.79,18.89,18.7,18.8,17.62,32487300
2025-11-24,ITUB4,38.76,39.0,38.56,38.66,35.82,29014997
2025-11-24,MGLU3,9.1,9.7,9.08,9.43,9.34,27962445
2025-11-24,PETR4,32.56,32.75,32.36,32.54,30.59,38665600
2025-11-24,VALE3,65.01,65.52,64.78,65.09,60.16,20462800
2025-11-24,WEGE3,43.41,43.41,43.01,43.19,41.5,12391300
2025-11-25,ABEV3,13.8,13.92,13.62,13.74,12.98,20205700
2025-11-25,B3SA3,13.97,14.22,13.9,14.17,13.52,21263100
2025-11-25,BBDC4,18.81,19.11,18.8,18.95,17.76,28601700
2025-11-25,ITUB4,38.83,39.05,38.57,38.75,35.9,30345963
2025-11-25,MGLU3,9.49,9.77,9.29,9.77,9.68,19989270
2025-11-25,PETR4,32.35,32.44,32.09,32.28,30.35,28431100
2025-11-25,VALE3,65.16,65.91,65.16,65.6,60.64,18275300
2025-11-25,WEGE3,43.43,43.49,42.77,42.96,41.28,4409100
2025-11-26,ABEV3,13.8,13.81,13.58,13.67,12.92,33961700
2025-11-26,B3SA3,14.17,14.72,14.16,14.71,14.04,35623400
2025-11-26,BBDC4,19.03,19.6,18.98,19.52,18.3,33913900
2025-11-26,ITUB4,38.93,39.72,38.81,39.66,36.75,22251296
2025-11-26,MGLU3,9.71,9.86,9.5,9.63,9.54,18614715
2025-11-26,PETR4,32.38,32.41,32.1,32.23,30.3,25042100
2025-11-26,VALE3,65.99,66.89,65.92,66.58,61.54,33408500
2025-11-26,WEGE3,43.12,44.65,43.12,44.4,42.67,8639200
2025-11-27,ABEV3,13.7,13.77,13.65,13.72,12.96,8093600
2025-11-27,B3SA3,14.61,14.78,14.54,14.73,14.06,30241300
2025-11-27,BBDC4,19.5,19.6,19.45,19.48,18.26,9964400
2025-11-27,ITUB4,39.48,39.69,39.4,39.52,36.62,9469408
2025-11-27,MGLU3,9.69,9.77,9.58,9.64,9.55,9577260
2025-11-27,PETR4,32.28,32.4,32.2,32.4,30.46,16087400
2025-11-27,VALE3,66.5,66.65,66.14,66.33,61.31,9739100
2025-11-27,WEGE3,44.58,44.63,44.01,44.05,42.33,3006400
2025-11-28,ABEV3,13.7,13.96,13.66,13.86,13.1,23319400
2025-11-28,B3SA3,14.72,15.11,14.72,14.96,14.28,31855300
2025-11-28,BBDC4,19.51,19.81,19.48,19.65,18.42,25415300
2025-11-28,ITUB4,40.07,40.69,40.0,40.43,37.46,45311657
2025-11-28,MGLU3,9.71,9.93,9.55,9.79,9.7,15099000
2025-11-28,PETR4,32.27,32.31,31.29,31.79,29.89,60420500
2025-11-28,VALE3,67.7,67.81,67.04,67.4,62.3,46007200
2025-11-28,WEGE3,44.05,44.39,43.47,44.25,42.52,7531800
2025-12-01,ABEV3,13.84,14.02,13.8,14.01,13.24,15984500
2025-12-01,B3SA3,14.94,15.05,14.78,14.89,14.21,25552400
2025-12-01,BBDC4,19.65,19.7,19.35,19.35,18.14,24721300
2025-12-01,ITUB4,40.5,40.53,39.95,40.1,37.17,15912985
2025-12-01,MGLU3,9.83,9.9,9.67,9.85,9.76,10236765
2025-12-01,PETR4,31.95,32.17,31.57,31.85,29.94,29489100
2025-12-01,VALE3,67.8,68.13,67.5,67.92,62.78,15657000
2025-12-01,WEGE3,44.68,45.43,44.0,45.18,43.42,17188500
2025-12-02,ABEV3,14.01,14.35,13.85,14.0,13.23,36109000
2025-12-02,B3SA3,14.91,15.17,14.7,15.1,14.41,56471500
2025-12-02,BBDC4,19.38,19.58,19.37,19.54,18.34,23940400
2025-12-02,ITUB4,40.25,40.99,40.23,40.99,38.0,21175667
2025-12-02,MGLU3,9.91,10.09,9.81,10.09,9.99,17682945
2025-12-02,PETR4,31.93,32.07,31.44,32.07,30.15,25574100
2025-12-02,VALE3,68.1,68.72,67.76,68.48,63.3,22567200
2025-12-02,WEGE3,45.2,45.94,44.88,45.61,43.83,5818500
2025-12-03,ABEV3,14.06,14.15,13.97,14.15,13.37,15674100
2025-12-03,B3SA3,15.2,15.22,14.72,14.79,14.12,33323800
2025-12-03,BBDC4,19.64,19.69,18.78,19.0,17.83,63797200
2025-12-03,ITUB4,41.07,41.22,40.7,40.99,38.0,23159653
2025-12-03,MGLU3,10.1,10.7,10.1,10.7,10.61,23710785
2025-12-03,PETR4,32.15,32.5,32.15,32.31,30.37,36630000
2025-12-03,VALE3,68.86,71.1,68.82,70.69,65.34,42361200
2025-12-03,WEGE3,45.8,45.81,45.05,45.05,43.29,10377300
2025-12-04,ABEV3,14.18,14.21,13.85,13.95,13.18,37988200
2025-12-04,B3SA3,14.89,15.14,14.84,15.02,14.34,41656800
2025-12-04,BBDC4,19.12,19.38,19.07,19.27,18.08,35919800
2025-12-04,ITUB4,41.13,42.0,41.12,42.0,38.93,23199514
2025-12-04,MGLU3,10.78,11.38,10.65,11.1,10.99,57664110
2025-12-04,PETR4,32.49,32.75,32.45,32.52,30.57,33009700
2025-12-04,VALE3,70.7,72.39,70.69,71.92,66.48,38019900
2025-12-04,WEGE3,44.88,45.5,44.65,45.5,44.17,7415000
2025-12-05,ABEV3,13.97,14.11,13.59,13.61,12.86,61741400
2025-12-05,B3SA3,15.02,15.08,13.84,14.01,13.37,63305600
2025-12-05,BBDC4,19.3,19.43,18.07,18.12,17.0,72531700
2025-12-05,ITUB4,42.05,42.14,39.95,40.06,37.13,39832160
2025-12-05,MGLU3,11.07,11.25,9.79,10.01,9.92,41284425
2025-12-05,PETR4,32.5,32.91,31.37,31.37,29.49,74495100
2025-12-05,VALE3,71.96,72.33,69.92,70.22,64.91,40196800
2025-12-05,WEGE3,45.5,46.89,45.5,46.7,45.33,15748300
2025-12-08,ABEV3,13.69,13.76,13.59,13.62,12.87,19119600
2025-12-08,B3SA3,14.12,14.5,14.08,14.35,13.7,42127300
2025-12-08,BBDC4,18.33,18.38,18.05,18.25,17.12,34307900
2025-12-08,ITUB4,40.73,40.85,40.02,40.25,37.31,40458400
2025-12-08,MGLU3,10.26,10.46,9.96,10.04,9.94,26651520
2025-12-08,PETR4,31.57,31.99,31.49,31.66,29.76,30271600
2025-12-08,VALE3,70.42,70.86,69.49,69.74,64.46,20860900
2025-12-08,WEGE3,46.4,47.86,46.4,47.77,46.37,10859600
2025-12-09,ABEV3,13.51,13.74,13.46,13.64,12.89,38541700
2025-12-09,B3SA3,14.13,14.24,13.89,14.12,13.48,29507300
2025-12-09,BBDC4,18.1,18.13,17.58,18.01,16.9,34063400
2025-12-09,ITUB4,40.17,40.29,39.54,40.17,37.23,24725047
2025-12-09,MGLU3,9.86,9.9,9.43,9.54,9.45,28289415
2025-12-09,PETR4,31.61,31.9,31.33,31.86,29.95,23863000
2025-12-09,VALE3,69.1,70.43,68.9,69.78,64.5,23081300
2025-12-09,WEGE3,47.5,47.81,46.81,47.66,46.26,8650500
2025-12-10,ABEV3,13.26,13.65,13.14,13.6,12.85,91743100
2025-12-10,B3SA3,14.17,14.32,14.01,14.21,13.56,23459000
2025-12-10,BBDC4,18.02,18.42,18.02,18.33,17.2,26416600
2025-12-10,ITUB4,38.06,38.49,37.76,38.29,37.53,25643189
2025-12-10,MGLU3,9.64,9.68,9.42,9.51,9.43,18250260
2025-12-10,PETR4,31.88,31.99,31.54,31.94,30.03,22123700
2025-12-10,VALE3,70.25,71.35,70.25,71.06,65.68,24454800
2025-12-10,WEGE3,47.7,48.57,47.5,48.47,47.05,4290600
2025-12-11,ABEV3,13.53,13.84,13.42,13.78,13.02,22635200
2025-12-11,B3SA3,14.14,14.55,14.06,14.3,13.65,23197900
2025-12-11,BBDC4,18.23,18.7,18.18,18.54,17.4,22571700
2025-12-11,ITUB4,38.25,38.6,38.08,38.26,37.5,21275268
2025-12-11,MGLU3,9.44,9.76,9.1,9.12,9.04,25851525
2025-12-11,PETR4,31.88,31.9,31.25,31.41,29.53,64927900
2025-12-11,VALE3,70.74,72.37,70.47,72.0,66.55,25687700
2025-12-11,WEGE3,48.59,48.78,48.11,48.55,47.13,5154200
2025-12-12,ABEV3,13.84,14.05,13.8,14.04,13.27,30262800
2025-12-12,B3SA3,14.37,14.66,14.23,14.33,13.68,30560500
2025-12-12,BBDC4,18.62,18.78,18.52,18.66,17.51,29409300
2025-12-12,ITUB4,38.54,38.89,38.2,38.6,37.83,17595593
2025-12-12,MGLU3,9.22,9.52,9.14,9.4,9.31,19101705
2025-12-12,PETR4,31.41,31.72,31.34,31.59,29.7,39659900
2025-12-12,VALE3,67.75,68.98,67.72,68.61,66.74,36483700
2025-12-12,WEGE3,48.7,49.52,47.98,49.52,48.07,9931700
2025-12-15,ABEV3,14.04,14.35,14.03,14.28,13.49,22268400
2025-12-15,B3SA3,14.54,14.61,14.41,14.41,13.75,38100400
2025-12-15,BBDC4,18.84,19.08,18.81,18.92,17.75,22821300
2025-12-15,ITUB4,39.01,39.4,38.74,39.18,38.4,17767809
2025-12-15,MGLU3,9.57,9.68,9.36,9.37,9.28,18610200
2025-12-15,PETR4,31.68,31.9,31.59,31.7,29.8,31898900
2025-12-15,VALE3,68.65,69.39,68.5,69.03,67.15,16841700
2025-12-15,WEGE3,49.57,50.0,49.06,49.68,48.23,12049800
2025-12-16,ABEV3,14.06,14.28,14.01,14.16,13.38,43020300
2025-12-16,B3SA3,14.3,14.3,13.67,13.72,13.09,60275300
2025-12-16,BBDC4,18.8,18.84,18.36,18.4,17.27,30577300
2025-12-16,ITUB4,38.99,39.04,38.17,38.17,37.41,20379168
2025-12-16,MGLU3,9.25,9.35,8.94,9.05,8.96,15605520
2025-12-16,PETR4,31.53,31.53,30.61,30.74,28.9,52661900
2025-12-16,VALE3,69.33,70.03,69.26,69.29,67.4,21953000
2025-12-16,WEGE3,49.29,50.1,49.05,49.94,48.48,10274800
2025-12-17,ABEV3,13.99,14.13,13.9,14.02,13.25,28631200
2025-12-17,B3SA3,13.7,13.72,13.07,13.25,12.65,132381000
2025-12-17,BBDC4,18.35,18.37,17.87,18.25,17.12,48096300
2025-12-17,ITUB4,37.96,38.19,37.62,37.83,37.08,31625017
2025-12-17,MGLU3,8.95,8.95,8.65,8.76,8.68,15643110
2025-12-17,PETR4,30.86,31.08,30.82,31.08,29.22,39337100
2025-12-17,VALE3,69.64,70.77,69.44,70.17,68.25,29375000
2025-12-17,WEGE3,50.0,50.21,49.31,49.8,48.34,10202400
2025-12-18,ABEV3,13.95,14.16,13.92,13.92,13.15,23928400
2025-12-18,B3SA3,13.16,13.4,13.13,13.3,12.69,38525400
2025-12-18,BBDC4,18.07,18.47,18.07,18.33,17.2,22975800
2025-12-18,ITUB4,37.69,38.12,37.69,38.03,37.27,21898830
2025-12-18,MGLU3,8.72,8.93,8.7,8.9,8.82,15603315
2025-12-18,PETR4,31.2,31.28,30.83,30.9,29.05,34311000
2025-12-18,VALE3,70.6,71.12,70.31,70.35,68.43,18430200
2025-12-18,WEGE3,49.64,50.66,49.57,50.0,48.54,5144100
2025-12-19,ABEV3,13.18,13.32,13.14,13.28,13.24,30380100
2025-12-19,B3SA3,13.22,13.45,13.21,13.39,12.78,39377400
2025-12-19,BBDC4,18.3,18.7,18.27,18.5,17.36,33688200
2025-12-19,ITUB4,38.2,38.83,38.05,38.38,37.61,35446214
2025-12-19,MGLU3,8.88,9.0,8.79,8.81,8.73,14208075
2025-12-19,PETR4,31.07,31.24,30.97,31.01,29.15,45807700
2025-12-19,VALE3,70.5,70.93,70.38,70.85,68.92,37147100
2025-12-19,WEGE3,50.0,50.72,49.3,49.72,48.26,12839100
2025-12-22,ABEV3,13.28,13.3,13.0,13.12,13.08,26993300
2025-12-22,B3SA3,13.39,13.45,13.19,13.24,12.64,25118500
2025-12-22,BBDC4,18.45,18.49,18.17,18.24,17.12,19424900
2025-12-22,ITUB4,38.32,38.56,38.15,38.46,37.69,15858704
2025-12-22,MGLU3,8.83,8.86,8.53,8.56,8.48,15214500
2025-12-22,PETR4,31.25,31.53,31.1,31.1,29.24,35896900
2025-12-22,VALE3,71.03,73.37,70.81,72.92,70.93,27853000
2025-12-22,WEGE3,48.7,48.85,47.18,47.66,47.45,6391700
2025-12-23,ABEV3,13.17,13.57,13.14,13.47,13.43,45087200
2025-12-23,B3SA3,13.28,13.63,13.24,13.53,12.91,26819000
2025-12-23,BBDC4,18.29,18.52,18.28,18.41,17.27,26477700
2025-12-23,ITUB4,38.64,39.17,38.58,39.09,38.31,10490138
2025-12-23,MGLU3,8.68,8.93,8.67,8.85,8.77,14595210
2025-12-23,PETR4,30.55,30.57,30.2,30.31,29.39,35703900
2025-12-23,VALE3,73.23,73.53,72.58,72.9,70.91,17140900
2025-12-23,WEGE3,47.81,48.28,47.72,48.28,48.06,4886100
2025-12-26,ABEV3,13.4,13.82,13.4,13.72,13.68,29118400
2025-12-26,B3SA3,13.53,13.83,13.41,13.72,13.09,24322100
2025-12-26,BBDC4,18.27,18.44,18.13,18.4,17.27,18043500
2025-12-26,ITUB4,39.02,39.22,38.71,39.1,38.32,12196300
2025-12-26,MGLU3,8.78,8.83,8.7,8.81,8.73,7410690
2025-12-26,PETR4,30.31,30.43,30.12,30.41,29.49,20178600
2025-12-26,VALE3,72.86,73.35,72.62,73.12,71.12,16368800
2025-12-26,WEGE3,48.02,48.75,47.98,48.75,48.53,1829300
2025-12-29,ABEV3,13.68,13.87,13.54,13.87,13.83,20303700
2025-12-29,B3SA3,13.59,13.83,13.59,13.79,13.16,24699600
2025-12-29,BBDC4,18.44,18.49,18.26,18.49,17.35,24923600
2025-12-29,ITUB4,39.18,39.27,38.86,38.98,38.2,10657000
2025-12-29,MGLU3,8.85,9.0,8.73,8.9,8.82,9609180
2025-12-29,PETR4,30.56,30.81,30.52,30.73,29.8,20588100
2025-12-29,VALE3,73.19,73.74,71.7,72.12,70.15,19963700
2025-12-29,WEGE3,48.99,49.06,48.27,48.71,48.49,3845900
2025-12-30,ABEV3,13.9,14.09,13.86,13.86,13.82,25304800
2025-12-30,B3SA3,13.83,14.04,13.82,13.89,13.26,24758000
2025-12-30,BBDC4,18.39,18.5,18.19,18.19,17.43,18087700
2025-12-30,ITUB4,39.23,39.67,39.15,39.23,38.45,13764900
2025-12-30,MGLU3,9.21,9.24,8.87,8.94,8.86,12866200
2025-12-30,PETR4,30.8,30.96,30.65,30.82,29.89,16880600
2025-12-30,VALE3,72.5,72.84,71.91,71.96,70.0,17085400
2025-12-30,WEGE3,48.78,49.05,48.28,48.51,48.29,4334800
